time,n_A+p,n_B,n_AB,avg_entropy_simp
500,0.031,0.865,0.104,0.185843
1000,0.055,0.813,0.131,0.267083
1500,0.067,0.807,0.125,0.267342
2000,0.067,0.746,0.187,0.322978
2500,0.064,0.737,0.199,0.319213
3000,0.089,0.621,0.291,0.410058
3500,0.098,0.627,0.275,0.405225
4000,0.119,0.587,0.294,0.421392
4500,0.141,0.517,0.343,0.455802
5000,0.180,0.495,0.324,0.477871
5500,0.202,0.428,0.370,0.491809
6000,0.223,0.443,0.333,0.469337
6500,0.263,0.422,0.315,0.465730
7000,0.315,0.355,0.330,0.494520
7500,0.336,0.339,0.324,0.476129
8000,0.318,0.333,0.349,0.494837
8500,0.327,0.370,0.303,0.502343
9000,0.330,0.327,0.343,0.505679
9500,0.416,0.278,0.306,0.479735
10000,0.309,0.336,0.355,0.508605
10500,0.343,0.343,0.315,0.511928
11000,0.388,0.266,0.346,0.497932
11500,0.407,0.278,0.315,0.452311
12000,0.480,0.205,0.315,0.434911
12500,0.523,0.156,0.321,0.454833
13000,0.505,0.156,0.339,0.451219
13500,0.498,0.226,0.275,0.487402
14000,0.446,0.214,0.339,0.472291
14500,0.495,0.171,0.333,0.467156
15000,0.505,0.135,0.361,0.428306
15500,0.471,0.156,0.373,0.467238
16000,0.477,0.199,0.324,0.493179
16500,0.514,0.138,0.349,0.466586
17000,0.575,0.116,0.309,0.395220
17500,0.667,0.083,0.251,0.359280
18000,0.670,0.055,0.275,0.364008
18500,0.661,0.061,0.278,0.371680
19000,0.725,0.037,0.239,0.321414
19500,0.801,0.024,0.174,0.228836
20000,0.777,0.034,0.190,0.266426
20500,0.789,0.018,0.193,0.245573
21000,0.844,0.021,0.135,0.210659
21500,0.872,0.006,0.122,0.159471
22000,0.893,0.009,0.098,0.119192
22500,0.850,0.024,0.125,0.182638
23000,0.902,0.018,0.080,0.134690
23500,0.924,0.003,0.073,0.096036
24000,0.930,0.009,0.061,0.087988
24500,0.942,0.012,0.046,0.076859
25000,0.951,0.009,0.040,0.057015
25500,0.942,0.009,0.049,0.070746
26000,0.933,0.006,0.061,0.069166
26500,0.954,0.012,0.034,0.046459
27000,0.951,0.006,0.043,0.045692
27500,0.933,0.000,0.067,0.080658
28000,0.939,0.003,0.058,0.066459
28500,0.957,0.003,0.040,0.039564
29000,0.972,0.000,0.028,0.021959
29500,0.982,0.000,0.018,0.013642
30000,0.988,0.000,0.012,0.012566
30500,0.997,0.000,0.003,0.000285
31000,0.997,0.000,0.003,0.000285
31500,0.997,0.000,0.003,0.000285
32000,0.997,0.000,0.003,0.000285
32500,1.000,0.000,0.000,0.000000
