time,n_A+p,n_B,n_AB,avg_entropy_simp
500,0.029,0.897,0.074,0.158948
1000,0.029,0.806,0.165,0.265664
1500,0.029,0.756,0.215,0.318671
2000,0.029,0.789,0.182,0.296597
2500,0.103,0.612,0.285,0.481395
3000,0.074,0.591,0.335,0.462160
3500,0.058,0.583,0.360,0.434062
4000,0.058,0.616,0.326,0.427764
4500,0.074,0.570,0.355,0.451418
5000,0.066,0.628,0.306,0.413760
5500,0.079,0.632,0.289,0.431714
6000,0.074,0.603,0.322,0.424239
6500,0.058,0.595,0.347,0.425908
7000,0.066,0.599,0.335,0.425200
7500,0.095,0.570,0.335,0.468456
8000,0.083,0.558,0.360,0.455952
8500,0.083,0.587,0.331,0.445708
9000,0.107,0.504,0.388,0.456121
9500,0.149,0.446,0.405,0.524473
10000,0.149,0.450,0.401,0.494090
10500,0.182,0.393,0.426,0.527830
11000,0.227,0.306,0.467,0.538781
11500,0.298,0.231,0.471,0.534015
12000,0.413,0.157,0.430,0.506479
12500,0.417,0.136,0.446,0.499803
13000,0.335,0.174,0.492,0.513764
13500,0.368,0.136,0.496,0.495199
14000,0.372,0.132,0.496,0.496985
14500,0.351,0.128,0.521,0.493459
15000,0.417,0.087,0.496,0.466534
15500,0.475,0.116,0.409,0.497352
16000,0.533,0.095,0.372,0.458963
16500,0.541,0.070,0.388,0.420384
17000,0.624,0.029,0.347,0.401637
17500,0.764,0.041,0.194,0.297812
18000,0.798,0.017,0.186,0.248428
18500,0.851,0.008,0.140,0.176347
19000,0.806,0.004,0.190,0.235022
19500,0.864,0.000,0.136,0.160590
20000,0.835,0.008,0.157,0.212506
20500,0.888,0.008,0.103,0.133205
21000,0.884,0.000,0.116,0.151562
21500,0.913,0.000,0.087,0.125119
22000,0.901,0.000,0.099,0.138420
22500,0.831,0.029,0.140,0.239384
23000,0.872,0.004,0.124,0.177149
23500,0.888,0.000,0.112,0.165211
24000,0.955,0.000,0.045,0.059421
24500,0.992,0.000,0.008,0.006710
25000,0.996,0.000,0.004,0.002245
25500,0.996,0.000,0.004,0.002245
26000,0.996,0.000,0.004,0.002245
26500,0.996,0.000,0.004,0.002245
27000,0.996,0.000,0.004,0.002245
27500,0.996,0.000,0.004,0.002245
28000,0.996,0.000,0.004,0.002245
28500,0.996,0.000,0.004,0.002245
29000,1.000,0.000,0.000,0.000000
