time,n_A+p,n_B,n_AB,avg_entropy_simp
500,0.029,0.851,0.120,0.241995
1000,0.050,0.690,0.260,0.382233
1500,0.041,0.760,0.198,0.331147
2000,0.029,0.798,0.174,0.287669
2500,0.050,0.752,0.198,0.325641
3000,0.041,0.669,0.289,0.405628
3500,0.062,0.669,0.269,0.382681
4000,0.079,0.504,0.417,0.486785
4500,0.116,0.467,0.417,0.503164
5000,0.103,0.504,0.393,0.490651
5500,0.128,0.397,0.475,0.515189
6000,0.070,0.475,0.455,0.477367
6500,0.136,0.471,0.393,0.504150
7000,0.083,0.492,0.426,0.480801
7500,0.107,0.475,0.417,0.493309
8000,0.120,0.372,0.508,0.488370
8500,0.202,0.335,0.463,0.537616
9000,0.149,0.302,0.550,0.487873
9500,0.190,0.368,0.442,0.528395
10000,0.128,0.401,0.471,0.494916
10500,0.211,0.335,0.455,0.535099
11000,0.306,0.211,0.483,0.526624
11500,0.368,0.161,0.471,0.523153
12000,0.277,0.165,0.558,0.504789
12500,0.273,0.178,0.550,0.506912
13000,0.335,0.194,0.471,0.496071
13500,0.339,0.145,0.517,0.482597
14000,0.405,0.174,0.421,0.539593
14500,0.380,0.091,0.529,0.455372
15000,0.405,0.091,0.504,0.464800
15500,0.533,0.087,0.380,0.473833
16000,0.500,0.099,0.401,0.477050
16500,0.533,0.070,0.397,0.455065
17000,0.603,0.037,0.360,0.409138
17500,0.636,0.074,0.289,0.398413
18000,0.698,0.037,0.264,0.341374
18500,0.665,0.017,0.318,0.362815
19000,0.694,0.021,0.285,0.366466
19500,0.731,0.012,0.256,0.334683
20000,0.752,0.012,0.236,0.317214
20500,0.831,0.017,0.153,0.231939
21000,0.826,0.000,0.174,0.216658
21500,0.748,0.008,0.244,0.299395
22000,0.818,0.008,0.174,0.230325
22500,0.773,0.008,0.219,0.290266
23000,0.835,0.008,0.157,0.212459
23500,0.860,0.012,0.128,0.184195
24000,0.818,0.008,0.174,0.243155
24500,0.893,0.000,0.107,0.174330
25000,0.942,0.000,0.058,0.103441
25500,0.938,0.000,0.062,0.093074
26000,0.955,0.000,0.045,0.068626
26500,0.975,0.000,0.025,0.027018
27000,0.971,0.000,0.029,0.043829
27500,0.926,0.000,0.074,0.124672
28000,0.975,0.000,0.025,0.041123
28500,0.955,0.000,0.045,0.062034
29000,0.979,0.000,0.021,0.023833
29500,0.996,0.000,0.004,0.004432
30000,1.000,0.000,0.000,0.000000
