time,n_A+p,n_B,n_AB,avg_entropy_simp
500,0.033,0.880,0.087,0.191436
1000,0.029,0.785,0.186,0.293204
1500,0.041,0.806,0.153,0.286875
2000,0.037,0.814,0.149,0.256430
2500,0.058,0.731,0.211,0.331643
3000,0.045,0.694,0.260,0.350195
3500,0.041,0.698,0.260,0.348743
4000,0.037,0.793,0.169,0.255994
4500,0.037,0.806,0.157,0.271848
5000,0.029,0.868,0.103,0.181054
5500,0.037,0.860,0.103,0.210486
6000,0.041,0.843,0.116,0.222464
6500,0.058,0.715,0.227,0.363568
7000,0.058,0.632,0.310,0.412149
7500,0.136,0.574,0.289,0.496787
8000,0.128,0.413,0.459,0.510427
8500,0.149,0.438,0.413,0.507943
9000,0.165,0.442,0.393,0.519457
9500,0.223,0.326,0.450,0.522615
10000,0.198,0.310,0.492,0.523127
10500,0.202,0.355,0.442,0.532754
11000,0.211,0.335,0.455,0.511014
11500,0.285,0.273,0.442,0.533691
12000,0.343,0.269,0.388,0.565719
12500,0.401,0.169,0.430,0.532167
13000,0.471,0.120,0.409,0.488885
13500,0.607,0.058,0.335,0.397676
14000,0.698,0.025,0.277,0.322345
14500,0.707,0.029,0.264,0.326907
15000,0.756,0.033,0.211,0.308931
15500,0.694,0.021,0.285,0.326375
16000,0.793,0.017,0.190,0.271563
16500,0.818,0.012,0.169,0.245193
17000,0.909,0.000,0.091,0.127954
17500,0.946,0.000,0.054,0.081142
18000,0.955,0.000,0.045,0.067821
18500,0.992,0.000,0.008,0.013035
19000,1.000,0.000,0.000,0.000000
