time,n_A+p,n_B,n_AB,avg_entropy_simp
500,0.040,0.872,0.089,0.183043
1000,0.037,0.869,0.095,0.185454
1500,0.037,0.826,0.138,0.256931
2000,0.028,0.844,0.128,0.219616
2500,0.070,0.801,0.128,0.256377
3000,0.076,0.734,0.190,0.350607
3500,0.119,0.676,0.205,0.384165
4000,0.113,0.612,0.275,0.417468
4500,0.095,0.654,0.251,0.389028
5000,0.095,0.630,0.275,0.396119
5500,0.131,0.612,0.257,0.415759
6000,0.150,0.550,0.300,0.461049
6500,0.226,0.456,0.318,0.486835
7000,0.297,0.339,0.364,0.513137
7500,0.376,0.266,0.358,0.492135
8000,0.349,0.294,0.358,0.497524
8500,0.318,0.303,0.379,0.503788
9000,0.382,0.260,0.358,0.476887
9500,0.453,0.205,0.343,0.459676
10000,0.443,0.208,0.349,0.464698
10500,0.480,0.235,0.284,0.414062
11000,0.508,0.171,0.321,0.452625
11500,0.584,0.128,0.287,0.411947
12000,0.590,0.110,0.300,0.409233
12500,0.581,0.119,0.300,0.397672
13000,0.609,0.101,0.291,0.375234
13500,0.673,0.064,0.263,0.315732
14000,0.706,0.064,0.229,0.285827
14500,0.722,0.046,0.232,0.295843
15000,0.755,0.073,0.171,0.280351
15500,0.780,0.040,0.180,0.247529
16000,0.798,0.037,0.165,0.253955
16500,0.804,0.031,0.165,0.240115
17000,0.844,0.034,0.122,0.199616
17500,0.890,0.015,0.095,0.161057
18000,0.899,0.006,0.095,0.138291
18500,0.933,0.003,0.064,0.088494
19000,0.927,0.003,0.070,0.094807
19500,0.951,0.000,0.049,0.058493
20000,0.954,0.000,0.046,0.052298
20500,0.954,0.000,0.046,0.065662
21000,0.972,0.000,0.028,0.035575
21500,0.976,0.006,0.018,0.017246
22000,0.976,0.006,0.018,0.019776
22500,0.972,0.000,0.028,0.033388
23000,0.991,0.000,0.009,0.007270
23500,0.994,0.000,0.006,0.005182
24000,0.997,0.000,0.003,0.002639
24500,0.982,0.000,0.018,0.031790
25000,0.988,0.000,0.012,0.016415
25500,0.994,0.000,0.006,0.010521
26000,1.000,0.000,0.000,0.000000
