time,n_A+p,n_B,n_AB,avg_entropy_simp
500,0.040,0.902,0.058,0.169449
1000,0.043,0.878,0.080,0.197582
1500,0.058,0.826,0.116,0.254156
2000,0.067,0.755,0.177,0.330453
2500,0.092,0.709,0.199,0.365238
3000,0.138,0.590,0.272,0.440783
3500,0.125,0.575,0.300,0.438697
4000,0.171,0.526,0.303,0.435503
4500,0.168,0.569,0.263,0.409131
5000,0.141,0.535,0.324,0.439816
5500,0.168,0.541,0.291,0.447828
6000,0.107,0.578,0.315,0.406873
6500,0.107,0.679,0.214,0.355934
7000,0.138,0.615,0.248,0.374395
7500,0.208,0.535,0.257,0.418787
8000,0.196,0.514,0.291,0.441881
8500,0.202,0.520,0.278,0.436695
9000,0.190,0.468,0.343,0.459549
9500,0.251,0.376,0.373,0.513388
10000,0.251,0.385,0.364,0.506917
10500,0.269,0.407,0.324,0.529339
11000,0.248,0.431,0.321,0.520472
11500,0.300,0.373,0.327,0.508147
12000,0.257,0.410,0.333,0.519824
12500,0.291,0.321,0.388,0.530270
13000,0.339,0.315,0.346,0.531750
13500,0.404,0.235,0.361,0.504922
14000,0.446,0.211,0.343,0.478528
14500,0.407,0.257,0.336,0.522081
15000,0.443,0.187,0.370,0.480871
15500,0.446,0.190,0.364,0.487657
16000,0.388,0.229,0.382,0.523975
16500,0.416,0.199,0.385,0.502649
17000,0.434,0.232,0.333,0.490898
17500,0.376,0.291,0.333,0.522321
18000,0.379,0.254,0.367,0.503474
18500,0.502,0.162,0.336,0.460498
19000,0.511,0.156,0.333,0.452903
19500,0.550,0.138,0.312,0.440044
20000,0.547,0.116,0.336,0.452309
20500,0.642,0.086,0.272,0.379814
21000,0.651,0.089,0.260,0.383306
21500,0.734,0.046,0.220,0.283811
22000,0.792,0.028,0.180,0.239881
22500,0.847,0.006,0.147,0.173667
23000,0.844,0.018,0.138,0.185028
23500,0.902,0.015,0.083,0.130963
24000,0.942,0.006,0.052,0.073301
24500,0.948,0.003,0.049,0.065325
25000,0.976,0.003,0.021,0.020658
25500,0.985,0.000,0.015,0.011208
26000,0.988,0.000,0.012,0.011369
26500,0.991,0.000,0.009,0.008290
27000,0.994,0.000,0.006,0.002358
27500,0.994,0.000,0.006,0.002358
28000,0.994,0.000,0.006,0.002358
28500,0.994,0.000,0.006,0.002358
29000,0.994,0.000,0.006,0.002358
29500,0.997,0.000,0.003,0.000713
30000,0.997,0.000,0.003,0.000713
30500,0.997,0.000,0.003,0.000713
31000,0.997,0.000,0.003,0.000713
31500,0.997,0.000,0.003,0.000713
32000,0.997,0.000,0.003,0.000713
32500,1.000,0.000,0.000,0.000000
