time,n_A+p,n_B,n_AB,avg_entropy_simp
500,0.029,0.884,0.087,0.182537
1000,0.033,0.855,0.112,0.237598
1500,0.062,0.686,0.252,0.400676
2000,0.074,0.624,0.302,0.434822
2500,0.054,0.612,0.335,0.446738
3000,0.087,0.517,0.397,0.496789
3500,0.099,0.438,0.463,0.480565
4000,0.190,0.322,0.488,0.530707
4500,0.223,0.302,0.475,0.530527
5000,0.227,0.289,0.483,0.523033
5500,0.252,0.314,0.434,0.536587
6000,0.364,0.219,0.417,0.531504
6500,0.285,0.223,0.492,0.495646
7000,0.310,0.194,0.496,0.523938
7500,0.331,0.190,0.479,0.496786
8000,0.331,0.223,0.446,0.541811
8500,0.479,0.054,0.467,0.452303
9000,0.620,0.045,0.335,0.404039
9500,0.698,0.050,0.252,0.357034
10000,0.723,0.029,0.248,0.330041
10500,0.628,0.017,0.355,0.395082
11000,0.607,0.050,0.343,0.409047
11500,0.591,0.054,0.355,0.423894
12000,0.727,0.050,0.223,0.304484
12500,0.661,0.029,0.310,0.367501
13000,0.678,0.037,0.285,0.333654
13500,0.744,0.012,0.244,0.280751
14000,0.789,0.017,0.194,0.242970
14500,0.905,0.000,0.095,0.111491
15000,0.967,0.000,0.033,0.020120
15500,0.988,0.000,0.012,0.007691
16000,0.996,0.000,0.004,0.002141
16500,1.000,0.000,0.000,0.000000
