time,n_A+p,n_B,n_AB,avg_entropy_simp
500,0.028,0.922,0.051,0.110668
1000,0.032,0.774,0.194,0.288734
1500,0.037,0.756,0.207,0.279017
2000,0.065,0.696,0.240,0.354988
2500,0.083,0.599,0.318,0.393208
3000,0.069,0.553,0.378,0.406475
3500,0.060,0.544,0.396,0.413389
4000,0.083,0.562,0.355,0.407848
4500,0.120,0.525,0.355,0.426929
5000,0.171,0.442,0.387,0.454624
5500,0.230,0.336,0.433,0.474008
6000,0.240,0.263,0.498,0.456072
6500,0.323,0.253,0.424,0.466435
7000,0.300,0.230,0.470,0.468315
7500,0.267,0.253,0.479,0.444613
8000,0.304,0.230,0.465,0.448919
8500,0.258,0.253,0.488,0.454702
9000,0.313,0.244,0.442,0.472798
9500,0.350,0.203,0.447,0.474404
10000,0.424,0.143,0.433,0.449608
10500,0.401,0.138,0.461,0.450778
11000,0.470,0.115,0.415,0.439783
11500,0.484,0.083,0.433,0.425039
12000,0.484,0.106,0.410,0.430621
12500,0.512,0.092,0.396,0.411807
13000,0.507,0.088,0.406,0.423724
13500,0.502,0.092,0.406,0.432568
14000,0.470,0.088,0.442,0.423920
14500,0.507,0.097,0.396,0.420540
15000,0.512,0.134,0.355,0.436609
15500,0.498,0.106,0.396,0.435721
16000,0.475,0.129,0.396,0.447340
16500,0.502,0.097,0.401,0.427236
17000,0.498,0.101,0.401,0.425762
17500,0.590,0.060,0.350,0.391863
18000,0.530,0.111,0.359,0.436572
18500,0.585,0.074,0.341,0.385490
19000,0.636,0.092,0.272,0.373243
19500,0.516,0.097,0.387,0.442703
20000,0.576,0.060,0.364,0.396257
20500,0.604,0.051,0.346,0.388700
21000,0.562,0.051,0.387,0.400258
21500,0.668,0.041,0.290,0.362264
22000,0.783,0.014,0.203,0.282345
22500,0.783,0.009,0.207,0.279141
23000,0.733,0.051,0.217,0.319344
23500,0.788,0.005,0.207,0.244524
24000,0.806,0.009,0.184,0.260198
24500,0.880,0.000,0.120,0.176381
25000,0.885,0.000,0.115,0.148583
25500,0.880,0.000,0.120,0.141756
26000,0.908,0.000,0.092,0.126285
26500,0.968,0.000,0.032,0.032821
27000,0.977,0.000,0.023,0.030701
27500,0.982,0.000,0.018,0.016472
28000,0.991,0.000,0.009,0.004850
28500,0.991,0.000,0.009,0.004850
29000,0.995,0.000,0.005,0.001108
29500,0.991,0.000,0.009,0.009486
30000,1.000,0.000,0.000,0.000000
