time,n_A+p,n_B,n_AB,avg_entropy_simp
500,0.029,0.909,0.062,0.138760
1000,0.029,0.851,0.120,0.206675
1500,0.058,0.769,0.174,0.301181
2000,0.074,0.707,0.219,0.355802
2500,0.099,0.628,0.273,0.411796
3000,0.136,0.595,0.269,0.438330
3500,0.186,0.517,0.298,0.509882
4000,0.227,0.483,0.289,0.529077
4500,0.194,0.483,0.322,0.516665
5000,0.331,0.388,0.281,0.543114
5500,0.339,0.351,0.310,0.563222
6000,0.322,0.289,0.388,0.540252
6500,0.293,0.314,0.393,0.545728
7000,0.372,0.269,0.360,0.551345
7500,0.438,0.231,0.331,0.553930
8000,0.471,0.161,0.368,0.512893
8500,0.508,0.211,0.281,0.501828
9000,0.446,0.198,0.355,0.523613
9500,0.417,0.244,0.339,0.532814
10000,0.426,0.182,0.393,0.506755
10500,0.603,0.099,0.298,0.425040
11000,0.616,0.083,0.302,0.437665
11500,0.760,0.041,0.198,0.313348
12000,0.793,0.008,0.198,0.257966
12500,0.822,0.008,0.169,0.251365
13000,0.868,0.012,0.120,0.184101
13500,0.921,0.000,0.079,0.105709
14000,0.839,0.004,0.157,0.224457
14500,0.872,0.029,0.099,0.191476
15000,0.868,0.021,0.112,0.194716
15500,0.897,0.004,0.099,0.155445
16000,0.942,0.000,0.058,0.083549
16500,0.975,0.000,0.025,0.032956
17000,1.000,0.000,0.000,0.000000
