time,n_A+p,n_B,n_AB,avg_entropy_simp
500,0.041,0.930,0.029,0.121578
1000,0.041,0.893,0.066,0.173016
1500,0.045,0.843,0.112,0.212032
2000,0.062,0.839,0.099,0.213008
2500,0.058,0.822,0.120,0.267567
3000,0.066,0.802,0.132,0.266107
3500,0.041,0.810,0.149,0.250319
4000,0.029,0.917,0.054,0.133007
4500,0.041,0.855,0.103,0.229213
5000,0.074,0.727,0.198,0.376860
5500,0.070,0.736,0.194,0.340609
6000,0.062,0.777,0.161,0.293217
6500,0.070,0.711,0.219,0.380561
7000,0.091,0.686,0.223,0.382272
7500,0.087,0.682,0.231,0.377602
8000,0.145,0.624,0.231,0.422198
8500,0.165,0.583,0.252,0.484728
9000,0.277,0.475,0.248,0.527237
9500,0.149,0.603,0.248,0.443878
10000,0.202,0.554,0.244,0.495538
10500,0.190,0.517,0.293,0.513436
11000,0.269,0.512,0.219,0.534339
11500,0.306,0.446,0.248,0.551466
12000,0.269,0.496,0.236,0.526728
12500,0.252,0.459,0.289,0.549186
13000,0.364,0.306,0.331,0.567021
13500,0.417,0.244,0.339,0.548259
14000,0.574,0.169,0.256,0.469964
14500,0.566,0.157,0.277,0.484706
15000,0.603,0.140,0.256,0.436051
15500,0.674,0.079,0.248,0.377384
16000,0.839,0.041,0.120,0.218098
16500,0.888,0.025,0.087,0.156564
17000,0.897,0.008,0.095,0.140926
17500,0.955,0.000,0.045,0.057937
18000,0.963,0.008,0.029,0.047088
18500,0.963,0.000,0.037,0.050788
19000,0.988,0.000,0.012,0.012712
19500,0.992,0.000,0.008,0.004674
20000,1.000,0.000,0.000,0.000000
