time,n_A+p,n_B,n_AB,avg_entropy_simp
500,0.029,0.905,0.066,0.175904
1000,0.029,0.847,0.124,0.232011
1500,0.029,0.657,0.314,0.383250
2000,0.062,0.574,0.364,0.439046
2500,0.091,0.496,0.413,0.458058
3000,0.116,0.508,0.376,0.464677
3500,0.165,0.388,0.446,0.500101
4000,0.194,0.364,0.442,0.529535
4500,0.157,0.281,0.562,0.491258
5000,0.157,0.351,0.492,0.517921
5500,0.223,0.260,0.517,0.502695
6000,0.174,0.293,0.533,0.503444
6500,0.231,0.306,0.463,0.525354
7000,0.219,0.248,0.533,0.504363
7500,0.277,0.256,0.467,0.538861
8000,0.273,0.174,0.554,0.487077
8500,0.285,0.269,0.446,0.524176
9000,0.277,0.273,0.450,0.531448
9500,0.388,0.149,0.463,0.510481
10000,0.401,0.116,0.483,0.491654
10500,0.471,0.058,0.471,0.443465
11000,0.537,0.074,0.388,0.472748
11500,0.595,0.029,0.376,0.414242
12000,0.554,0.045,0.401,0.445398
12500,0.649,0.025,0.326,0.380481
13000,0.653,0.033,0.314,0.391663
13500,0.785,0.004,0.211,0.256697
14000,0.736,0.004,0.260,0.326522
14500,0.740,0.008,0.252,0.316746
15000,0.744,0.021,0.236,0.321753
15500,0.868,0.008,0.124,0.180296
16000,0.835,0.000,0.165,0.255011
16500,0.880,0.008,0.112,0.192638
17000,0.934,0.000,0.066,0.098107
17500,0.971,0.000,0.029,0.041540
18000,0.955,0.000,0.045,0.052561
18500,0.946,0.000,0.054,0.069353
19000,0.905,0.000,0.095,0.140477
19500,0.888,0.000,0.112,0.186197
20000,0.950,0.000,0.050,0.082169
20500,0.975,0.000,0.025,0.039639
21000,0.975,0.000,0.025,0.042465
21500,0.996,0.000,0.004,0.010020
22000,0.996,0.000,0.004,0.006944
22500,1.000,0.000,0.000,0.000000
