time,n_A+p,n_B,n_AB,avg_entropy_simp
500,0.029,0.901,0.070,0.169532
1000,0.029,0.917,0.054,0.153204
1500,0.041,0.802,0.157,0.295855
2000,0.058,0.653,0.289,0.416046
2500,0.029,0.702,0.269,0.358690
3000,0.041,0.748,0.211,0.316232
3500,0.054,0.686,0.260,0.377587
4000,0.045,0.669,0.285,0.385399
4500,0.050,0.760,0.190,0.299063
5000,0.041,0.736,0.223,0.354732
5500,0.083,0.599,0.318,0.455320
6000,0.062,0.595,0.343,0.426169
6500,0.103,0.574,0.322,0.465600
7000,0.095,0.537,0.368,0.463696
7500,0.091,0.446,0.463,0.486856
8000,0.120,0.413,0.467,0.505377
8500,0.136,0.409,0.455,0.503200
9000,0.112,0.496,0.393,0.477325
9500,0.091,0.554,0.355,0.465272
10000,0.103,0.496,0.401,0.472581
10500,0.120,0.442,0.438,0.496567
11000,0.174,0.372,0.455,0.512097
11500,0.095,0.545,0.360,0.469206
12000,0.099,0.517,0.384,0.479443
12500,0.099,0.512,0.388,0.473463
13000,0.079,0.504,0.417,0.467084
13500,0.124,0.405,0.471,0.510915
14000,0.120,0.426,0.455,0.477807
14500,0.219,0.339,0.442,0.534384
15000,0.314,0.223,0.463,0.534438
15500,0.351,0.182,0.467,0.527356
16000,0.380,0.157,0.463,0.523658
16500,0.455,0.132,0.413,0.500408
17000,0.566,0.041,0.393,0.413227
17500,0.562,0.107,0.331,0.443236
18000,0.674,0.058,0.269,0.359260
18500,0.632,0.033,0.335,0.395140
19000,0.612,0.041,0.347,0.408094
19500,0.686,0.045,0.269,0.359241
20000,0.727,0.012,0.260,0.299185
20500,0.851,0.000,0.149,0.171751
21000,0.843,0.000,0.157,0.210491
21500,0.888,0.008,0.103,0.147768
22000,0.806,0.012,0.182,0.278675
22500,0.855,0.008,0.136,0.231579
23000,0.839,0.004,0.157,0.230579
23500,0.868,0.000,0.132,0.190248
24000,0.884,0.008,0.107,0.162754
24500,0.909,0.000,0.091,0.127257
25000,0.926,0.000,0.074,0.115475
25500,0.884,0.000,0.116,0.167374
26000,0.930,0.000,0.070,0.084735
26500,0.897,0.000,0.103,0.152534
27000,0.930,0.004,0.066,0.109977
27500,0.975,0.000,0.025,0.033574
28000,0.975,0.000,0.025,0.039393
28500,0.992,0.000,0.008,0.010481
29000,1.000,0.000,0.000,0.000000
