time,n_A+p,n_B,n_AB,avg_entropy_simp
500,0.028,0.912,0.060,0.120456
1000,0.032,0.876,0.092,0.167229
1500,0.037,0.889,0.074,0.152892
2000,0.041,0.903,0.055,0.146584
2500,0.041,0.848,0.111,0.217328
3000,0.037,0.825,0.138,0.231298
3500,0.065,0.742,0.194,0.318175
4000,0.097,0.645,0.258,0.371904
4500,0.157,0.576,0.267,0.430240
5000,0.166,0.544,0.290,0.446369
5500,0.171,0.447,0.382,0.465093
6000,0.217,0.378,0.406,0.477228
6500,0.217,0.350,0.433,0.476690
7000,0.263,0.378,0.359,0.485470
7500,0.304,0.332,0.364,0.484278
8000,0.290,0.369,0.341,0.491969
8500,0.203,0.447,0.350,0.441931
9000,0.166,0.406,0.429,0.445992
9500,0.138,0.521,0.341,0.429272
10000,0.230,0.433,0.336,0.489309
10500,0.175,0.475,0.350,0.460191
11000,0.175,0.479,0.346,0.458374
11500,0.088,0.530,0.382,0.428927
12000,0.138,0.539,0.323,0.437258
12500,0.120,0.539,0.341,0.425049
13000,0.115,0.558,0.327,0.416986
13500,0.134,0.535,0.332,0.433716
14000,0.101,0.641,0.258,0.377895
14500,0.129,0.516,0.355,0.440078
15000,0.147,0.576,0.276,0.426219
15500,0.212,0.447,0.341,0.473942
16000,0.203,0.369,0.429,0.468616
16500,0.249,0.336,0.415,0.490659
17000,0.304,0.309,0.387,0.497234
17500,0.318,0.290,0.392,0.489099
18000,0.230,0.323,0.447,0.476987
18500,0.290,0.304,0.406,0.484385
19000,0.410,0.203,0.387,0.462551
19500,0.419,0.221,0.359,0.473791
20000,0.470,0.175,0.355,0.443229
20500,0.461,0.194,0.346,0.465059
21000,0.415,0.180,0.406,0.464093
21500,0.433,0.147,0.419,0.450592
22000,0.479,0.157,0.364,0.449033
22500,0.562,0.115,0.323,0.411149
23000,0.613,0.088,0.300,0.382403
23500,0.636,0.083,0.281,0.366519
24000,0.641,0.051,0.309,0.339893
24500,0.733,0.037,0.230,0.278409
25000,0.705,0.037,0.258,0.298275
25500,0.700,0.037,0.263,0.321801
26000,0.742,0.041,0.217,0.286549
26500,0.751,0.023,0.226,0.289897
27000,0.802,0.009,0.189,0.237360
27500,0.922,0.000,0.078,0.077778
28000,0.931,0.000,0.069,0.082279
28500,0.949,0.000,0.051,0.056845
29000,0.972,0.000,0.028,0.023594
29500,0.977,0.000,0.023,0.016521
30000,0.982,0.000,0.018,0.016567
30500,0.963,0.000,0.037,0.055799
31000,0.977,0.000,0.023,0.026560
31500,0.991,0.000,0.009,0.004243
32000,0.995,0.000,0.005,0.000187
32500,0.995,0.000,0.005,0.000187
33000,0.995,0.000,0.005,0.000187
33500,0.995,0.000,0.005,0.000187
34000,0.995,0.000,0.005,0.000187
34500,0.995,0.000,0.005,0.000187
35000,0.995,0.000,0.005,0.000187
35500,0.995,0.000,0.005,0.000187
36000,0.995,0.000,0.005,0.000187
36500,1.000,0.000,0.000,0.000000
