time,n_A+p,n_B,n_AB,avg_entropy_simp
500,0.041,0.909,0.050,0.142111
1000,0.029,0.880,0.091,0.177807
1500,0.087,0.756,0.157,0.348685
2000,0.120,0.620,0.260,0.454491
2500,0.194,0.450,0.355,0.532413
3000,0.169,0.479,0.351,0.525980
3500,0.326,0.318,0.355,0.552532
4000,0.322,0.347,0.331,0.552006
4500,0.302,0.360,0.339,0.524398
5000,0.384,0.260,0.355,0.542892
5500,0.380,0.227,0.393,0.517548
6000,0.521,0.149,0.331,0.488668
6500,0.616,0.116,0.269,0.434014
7000,0.612,0.099,0.289,0.456938
7500,0.640,0.091,0.269,0.420611
8000,0.607,0.112,0.281,0.444652
8500,0.674,0.066,0.260,0.382483
9000,0.707,0.062,0.231,0.366912
9500,0.674,0.070,0.256,0.409323
10000,0.719,0.050,0.231,0.359274
10500,0.624,0.091,0.285,0.445638
11000,0.657,0.091,0.252,0.401264
11500,0.599,0.087,0.314,0.461134
12000,0.649,0.103,0.248,0.414362
12500,0.645,0.091,0.264,0.433906
13000,0.483,0.190,0.326,0.494238
13500,0.583,0.107,0.310,0.450553
14000,0.579,0.091,0.331,0.461781
14500,0.467,0.190,0.343,0.533104
15000,0.570,0.140,0.289,0.450043
15500,0.467,0.227,0.306,0.547808
16000,0.554,0.157,0.289,0.478884
16500,0.529,0.174,0.298,0.509485
17000,0.525,0.136,0.339,0.477369
17500,0.413,0.157,0.430,0.510247
18000,0.512,0.174,0.314,0.500859
18500,0.393,0.211,0.397,0.552351
19000,0.388,0.260,0.351,0.558448
19500,0.426,0.145,0.430,0.535845
20000,0.500,0.178,0.322,0.517202
20500,0.562,0.132,0.306,0.439355
21000,0.554,0.099,0.347,0.468425
21500,0.756,0.037,0.207,0.313920
22000,0.773,0.029,0.198,0.319666
22500,0.860,0.008,0.132,0.183879
23000,0.876,0.008,0.116,0.168424
23500,0.888,0.008,0.103,0.133230
24000,0.855,0.012,0.132,0.196287
24500,0.946,0.000,0.054,0.071855
25000,0.992,0.000,0.008,0.008105
25500,0.996,0.000,0.004,0.005739
26000,0.996,0.000,0.004,0.005739
26500,0.988,0.000,0.012,0.013770
27000,0.996,0.000,0.004,0.006416
27500,0.979,0.000,0.021,0.044960
28000,0.959,0.000,0.041,0.063010
28500,0.979,0.000,0.021,0.045826
29000,0.992,0.000,0.008,0.017247
29500,1.000,0.000,0.000,0.000000
