time,n_A+p,n_B,n_AB,avg_entropy_simp
500,0.029,0.868,0.103,0.214199
1000,0.041,0.748,0.211,0.330188
1500,0.091,0.756,0.153,0.323753
2000,0.099,0.686,0.215,0.419200
2500,0.165,0.566,0.269,0.516197
3000,0.298,0.372,0.331,0.563722
3500,0.355,0.260,0.384,0.548694
4000,0.492,0.186,0.322,0.506720
4500,0.512,0.178,0.310,0.505602
5000,0.579,0.066,0.355,0.450394
5500,0.748,0.050,0.202,0.313003
6000,0.839,0.017,0.145,0.219395
6500,0.901,0.000,0.099,0.131518
7000,0.963,0.000,0.037,0.044167
7500,0.983,0.000,0.017,0.019476
8000,0.988,0.000,0.012,0.016730
8500,0.988,0.000,0.012,0.016463
9000,0.983,0.000,0.017,0.022043
9500,1.000,0.000,0.000,0.000000
