time,n_A+p,n_B,n_AB,avg_entropy_simp
500,0.029,0.901,0.070,0.148337
1000,0.054,0.764,0.182,0.326124
1500,0.087,0.649,0.264,0.420760
2000,0.124,0.566,0.310,0.474357
2500,0.178,0.434,0.388,0.519559
3000,0.211,0.488,0.302,0.519045
3500,0.132,0.554,0.314,0.482947
4000,0.070,0.653,0.277,0.415626
4500,0.074,0.707,0.219,0.347296
5000,0.103,0.669,0.227,0.413714
5500,0.120,0.603,0.277,0.450692
6000,0.211,0.471,0.318,0.529054
6500,0.182,0.496,0.322,0.510821
7000,0.116,0.512,0.372,0.485460
7500,0.231,0.467,0.302,0.541116
8000,0.161,0.525,0.314,0.502935
8500,0.132,0.529,0.339,0.499832
9000,0.219,0.459,0.322,0.535023
9500,0.326,0.302,0.372,0.556934
10000,0.343,0.289,0.368,0.559571
10500,0.281,0.368,0.351,0.555393
11000,0.335,0.314,0.351,0.559782
11500,0.260,0.413,0.326,0.544391
12000,0.285,0.355,0.360,0.563258
12500,0.339,0.310,0.351,0.549471
13000,0.293,0.388,0.318,0.559166
13500,0.273,0.368,0.360,0.563543
14000,0.260,0.335,0.405,0.556367
14500,0.302,0.331,0.368,0.572441
15000,0.244,0.364,0.393,0.564361
15500,0.190,0.372,0.438,0.533091
16000,0.194,0.459,0.347,0.538967
16500,0.310,0.264,0.426,0.536961
17000,0.347,0.264,0.388,0.557097
17500,0.397,0.269,0.335,0.546082
18000,0.343,0.236,0.421,0.545989
18500,0.331,0.248,0.421,0.542511
19000,0.281,0.289,0.430,0.541643
19500,0.360,0.248,0.393,0.555436
20000,0.302,0.302,0.397,0.559203
20500,0.521,0.149,0.331,0.480139
21000,0.417,0.198,0.384,0.523837
21500,0.463,0.240,0.298,0.534539
22000,0.372,0.219,0.409,0.547697
22500,0.417,0.174,0.409,0.532774
23000,0.455,0.186,0.360,0.527613
23500,0.401,0.260,0.339,0.550749
24000,0.533,0.112,0.355,0.490343
24500,0.624,0.062,0.314,0.426633
25000,0.793,0.021,0.186,0.254224
25500,0.868,0.021,0.112,0.183141
26000,0.893,0.000,0.107,0.157059
26500,0.959,0.008,0.033,0.064857
27000,0.975,0.000,0.025,0.047715
27500,0.983,0.000,0.017,0.035136
28000,0.959,0.004,0.037,0.065900
28500,0.959,0.000,0.041,0.065497
29000,0.955,0.000,0.045,0.069732
29500,0.983,0.000,0.017,0.032966
30000,0.996,0.000,0.004,0.009286
30500,0.996,0.000,0.004,0.003855
31000,0.992,0.000,0.008,0.010277
31500,0.988,0.000,0.012,0.012987
32000,0.979,0.000,0.021,0.032491
32500,0.975,0.000,0.025,0.034966
33000,0.975,0.000,0.025,0.040968
33500,0.979,0.000,0.021,0.027061
34000,0.988,0.000,0.012,0.016578
34500,1.000,0.000,0.000,0.000000
