time,n_A+p,n_B,n_AB,avg_entropy_simp
500,0.034,0.930,0.037,0.099423
1000,0.043,0.872,0.086,0.177977
1500,0.046,0.853,0.101,0.202327
2000,0.070,0.786,0.144,0.255271
2500,0.095,0.725,0.180,0.297459
3000,0.080,0.722,0.199,0.315158
3500,0.144,0.624,0.232,0.392712
4000,0.101,0.621,0.278,0.378283
4500,0.147,0.575,0.278,0.399461
5000,0.156,0.566,0.278,0.437168
5500,0.147,0.612,0.242,0.403318
6000,0.128,0.673,0.199,0.394089
6500,0.122,0.624,0.254,0.428518
7000,0.110,0.633,0.257,0.403969
7500,0.110,0.624,0.266,0.384448
8000,0.122,0.636,0.242,0.356673
8500,0.205,0.532,0.263,0.432599
9000,0.214,0.498,0.287,0.460422
9500,0.251,0.440,0.309,0.479226
10000,0.205,0.514,0.281,0.449310
10500,0.125,0.627,0.248,0.367414
11000,0.141,0.642,0.217,0.350272
11500,0.131,0.602,0.266,0.390947
12000,0.098,0.661,0.242,0.356605
12500,0.086,0.703,0.211,0.352529
13000,0.092,0.728,0.180,0.306753
13500,0.098,0.636,0.266,0.395787
14000,0.144,0.584,0.272,0.439551
14500,0.141,0.569,0.291,0.435198
15000,0.113,0.618,0.269,0.401698
15500,0.141,0.642,0.217,0.389358
16000,0.147,0.630,0.223,0.396366
16500,0.095,0.685,0.220,0.362723
17000,0.138,0.606,0.257,0.421307
17500,0.135,0.511,0.355,0.442384
18000,0.125,0.575,0.300,0.419466
18500,0.199,0.511,0.291,0.449596
19000,0.159,0.560,0.281,0.422411
19500,0.156,0.495,0.349,0.440945
20000,0.199,0.471,0.330,0.439147
20500,0.257,0.407,0.336,0.484188
21000,0.275,0.404,0.321,0.484112
21500,0.343,0.370,0.287,0.483945
22000,0.355,0.263,0.382,0.488670
22500,0.391,0.272,0.336,0.507915
23000,0.419,0.294,0.287,0.500745
23500,0.462,0.239,0.300,0.471378
24000,0.459,0.202,0.339,0.462504
24500,0.468,0.190,0.343,0.462429
25000,0.517,0.177,0.306,0.459011
25500,0.526,0.147,0.327,0.447868
26000,0.554,0.147,0.300,0.436401
26500,0.572,0.104,0.324,0.405905
27000,0.685,0.092,0.223,0.324726
27500,0.661,0.061,0.278,0.348779
28000,0.743,0.028,0.229,0.275487
28500,0.780,0.015,0.205,0.244260
29000,0.817,0.024,0.159,0.207135
29500,0.829,0.046,0.125,0.214583
30000,0.887,0.015,0.098,0.136990
30500,0.905,0.000,0.095,0.122954
31000,0.933,0.000,0.067,0.087168
31500,0.948,0.006,0.046,0.070918
32000,0.972,0.000,0.028,0.033624
32500,0.969,0.000,0.031,0.036014
33000,0.982,0.000,0.018,0.013830
33500,0.982,0.000,0.018,0.020345
34000,0.982,0.000,0.018,0.029160
34500,0.997,0.000,0.003,0.001117
35000,0.997,0.000,0.003,0.001117
35500,1.000,0.000,0.000,0.000000
