time,n_A+p,n_B,n_AB,avg_entropy_simp
500,0.028,0.945,0.028,0.087845
1000,0.028,0.945,0.028,0.076846
1500,0.037,0.922,0.041,0.122251
2000,0.037,0.756,0.207,0.265782
2500,0.055,0.682,0.263,0.341087
3000,0.065,0.737,0.198,0.293938
3500,0.074,0.668,0.258,0.357514
4000,0.060,0.622,0.318,0.362465
4500,0.069,0.604,0.327,0.382917
5000,0.152,0.525,0.323,0.444774
5500,0.166,0.429,0.406,0.461437
6000,0.230,0.396,0.373,0.477905
6500,0.184,0.382,0.433,0.466816
7000,0.221,0.378,0.401,0.485059
7500,0.290,0.276,0.433,0.483070
8000,0.295,0.240,0.465,0.470426
8500,0.318,0.171,0.512,0.456613
9000,0.410,0.166,0.424,0.453376
9500,0.521,0.129,0.350,0.410428
10000,0.558,0.092,0.350,0.408202
10500,0.581,0.051,0.369,0.369014
11000,0.558,0.088,0.355,0.397597
11500,0.516,0.060,0.424,0.390544
12000,0.553,0.065,0.382,0.390573
12500,0.636,0.055,0.309,0.362312
13000,0.645,0.032,0.323,0.342479
13500,0.691,0.028,0.281,0.308854
14000,0.760,0.014,0.226,0.271782
14500,0.820,0.009,0.171,0.200742
15000,0.862,0.009,0.129,0.149924
15500,0.889,0.005,0.106,0.107762
16000,0.940,0.000,0.060,0.060753
16500,0.912,0.000,0.088,0.110173
17000,0.899,0.005,0.097,0.119683
17500,0.862,0.000,0.138,0.189159
18000,0.857,0.000,0.143,0.172689
18500,0.912,0.000,0.088,0.101982
19000,0.880,0.000,0.120,0.131206
19500,0.903,0.000,0.097,0.114179
20000,0.935,0.000,0.065,0.074270
20500,0.968,0.000,0.032,0.038548
21000,0.959,0.000,0.041,0.056365
21500,0.954,0.000,0.046,0.053102
22000,0.963,0.000,0.037,0.050533
22500,0.977,0.000,0.023,0.029395
23000,0.995,0.000,0.005,0.000187
23500,0.995,0.000,0.005,0.000187
24000,0.995,0.000,0.005,0.000187
24500,0.995,0.000,0.005,0.000187
25000,0.995,0.000,0.005,0.000187
25500,0.995,0.000,0.005,0.000187
26000,0.995,0.000,0.005,0.000187
26500,0.995,0.000,0.005,0.000187
27000,0.995,0.000,0.005,0.000187
27500,0.995,0.000,0.005,0.000187
28000,0.995,0.000,0.005,0.000187
28500,0.995,0.000,0.005,0.000187
29000,0.995,0.000,0.005,0.000187
29500,0.995,0.000,0.005,0.000187
30000,0.995,0.000,0.005,0.000187
30500,0.995,0.000,0.005,0.000187
31000,0.995,0.000,0.005,0.000187
31500,0.995,0.000,0.005,0.000187
32000,0.995,0.000,0.005,0.000187
32500,0.995,0.000,0.005,0.000187
33000,0.995,0.000,0.005,0.000187
33500,0.995,0.000,0.005,0.000187
34000,0.995,0.000,0.005,0.000187
34500,0.995,0.000,0.005,0.000187
35000,0.995,0.000,0.005,0.000187
35500,0.995,0.000,0.005,0.000187
36000,0.995,0.000,0.005,0.000187
36500,1.000,0.000,0.000,0.000000
