time,n_A+p,n_B,n_AB,avg_entropy_simp
500,0.032,0.899,0.069,0.168048
1000,0.032,0.862,0.106,0.199148
1500,0.041,0.829,0.129,0.241859
2000,0.041,0.779,0.180,0.300746
2500,0.055,0.770,0.175,0.304976
3000,0.032,0.899,0.069,0.147500
3500,0.032,0.885,0.083,0.159086
4000,0.028,0.899,0.074,0.158283
4500,0.032,0.899,0.069,0.149559
5000,0.037,0.862,0.101,0.194429
5500,0.028,0.899,0.074,0.152479
6000,0.074,0.806,0.120,0.265818
6500,0.046,0.839,0.115,0.219876
7000,0.032,0.853,0.115,0.209387
7500,0.037,0.788,0.175,0.283935
8000,0.051,0.783,0.166,0.269860
8500,0.046,0.825,0.129,0.230541
9000,0.060,0.719,0.221,0.335754
9500,0.051,0.760,0.189,0.285740
10000,0.106,0.673,0.221,0.370118
10500,0.092,0.673,0.235,0.371569
11000,0.060,0.696,0.244,0.329101
11500,0.092,0.719,0.189,0.285827
12000,0.120,0.645,0.235,0.374050
12500,0.194,0.493,0.313,0.463698
13000,0.235,0.401,0.364,0.477753
13500,0.350,0.304,0.346,0.496919
14000,0.359,0.295,0.346,0.489177
14500,0.309,0.378,0.313,0.484102
15000,0.295,0.355,0.350,0.500495
15500,0.359,0.286,0.355,0.498330
16000,0.484,0.198,0.318,0.443256
16500,0.576,0.152,0.272,0.404261
17000,0.618,0.111,0.272,0.391805
17500,0.682,0.060,0.258,0.352806
18000,0.793,0.051,0.157,0.214428
18500,0.848,0.041,0.111,0.160392
19000,0.908,0.018,0.074,0.087830
19500,0.949,0.009,0.041,0.039595
20000,0.977,0.009,0.014,0.012805
20500,0.991,0.009,-0.000,0.000374
21000,0.991,0.009,-0.000,0.000374
21500,0.991,0.009,-0.000,0.000374
22000,0.986,0.009,0.005,0.004663
22500,0.982,0.009,0.009,0.012010
23000,0.972,0.009,0.018,0.019812
23500,0.963,0.009,0.028,0.039215
24000,0.954,0.014,0.032,0.052637
24500,0.982,0.009,0.009,0.014199
25000,0.972,0.009,0.018,0.021795
25500,0.991,0.009,-0.000,0.000374
26000,0.991,0.009,-0.000,0.000374
26500,0.991,0.009,-0.000,0.000374
27000,0.991,0.009,-0.000,0.000374
27500,0.991,0.009,-0.000,0.000374
28000,0.991,0.009,-0.000,0.000374
28500,0.991,0.009,-0.000,0.000374
29000,0.991,0.009,-0.000,0.000374
29500,0.991,0.009,-0.000,0.000374
30000,0.991,0.009,-0.000,0.000374
30500,0.991,0.009,-0.000,0.000374
31000,0.991,0.005,0.005,0.000374
31500,0.991,0.000,0.009,0.000374
32000,0.991,0.000,0.009,0.000374
32500,0.991,0.000,0.009,0.000374
33000,0.991,0.000,0.009,0.000374
33500,0.991,0.000,0.009,0.000374
34000,0.991,0.000,0.009,0.000374
34500,0.991,0.000,0.009,0.000374
35000,0.995,0.000,0.005,0.000187
35500,1.000,0.000,0.000,0.000000
