time,n_A+p,n_B,n_AB,avg_entropy_simp
500,0.029,0.930,0.041,0.119525
1000,0.033,0.884,0.083,0.187054
1500,0.045,0.868,0.087,0.204062
2000,0.095,0.727,0.178,0.391683
2500,0.145,0.607,0.248,0.486188
3000,0.186,0.558,0.256,0.492403
3500,0.153,0.550,0.298,0.498683
4000,0.194,0.537,0.269,0.514645
4500,0.190,0.500,0.310,0.526412
5000,0.178,0.471,0.351,0.529653
5500,0.194,0.479,0.326,0.528618
6000,0.186,0.479,0.335,0.530719
6500,0.211,0.455,0.335,0.516004
7000,0.256,0.393,0.351,0.538079
7500,0.322,0.372,0.306,0.544489
8000,0.285,0.343,0.372,0.546047
8500,0.256,0.421,0.322,0.531980
9000,0.302,0.331,0.368,0.569601
9500,0.430,0.236,0.335,0.530437
10000,0.413,0.252,0.335,0.529458
10500,0.413,0.298,0.289,0.526070
11000,0.517,0.227,0.256,0.497386
11500,0.467,0.215,0.318,0.512247
12000,0.512,0.136,0.351,0.480137
12500,0.545,0.124,0.331,0.454505
13000,0.562,0.070,0.368,0.439592
13500,0.674,0.070,0.256,0.370823
14000,0.661,0.079,0.260,0.392313
14500,0.686,0.095,0.219,0.384851
15000,0.719,0.045,0.236,0.340575
15500,0.777,0.041,0.182,0.276192
16000,0.777,0.025,0.198,0.279953
16500,0.905,0.008,0.087,0.127267
17000,0.897,0.012,0.091,0.148770
17500,0.963,0.000,0.037,0.042917
18000,0.979,0.000,0.021,0.027723
18500,0.959,0.000,0.041,0.061907
19000,0.975,0.000,0.025,0.026815
19500,0.996,0.000,0.004,0.002245
20000,1.000,0.000,0.000,0.000000
