time,n_A+p,n_B,n_AB,avg_entropy_simp
500,0.029,0.942,0.029,0.097319
1000,0.037,0.905,0.058,0.131266
1500,0.033,0.868,0.099,0.190616
2000,0.041,0.901,0.058,0.154659
2500,0.037,0.860,0.103,0.205754
3000,0.062,0.810,0.128,0.269346
3500,0.079,0.752,0.169,0.343251
4000,0.050,0.839,0.112,0.225789
4500,0.041,0.839,0.120,0.235946
5000,0.033,0.826,0.140,0.246321
5500,0.062,0.736,0.202,0.367665
6000,0.099,0.769,0.132,0.268310
6500,0.095,0.636,0.269,0.427964
7000,0.165,0.591,0.244,0.469239
7500,0.124,0.628,0.248,0.453781
8000,0.132,0.599,0.269,0.447927
8500,0.157,0.579,0.264,0.491615
9000,0.145,0.669,0.186,0.421423
9500,0.095,0.665,0.240,0.389188
10000,0.157,0.595,0.248,0.483870
10500,0.149,0.612,0.240,0.446782
11000,0.149,0.562,0.289,0.494977
11500,0.231,0.479,0.289,0.530666
12000,0.211,0.463,0.326,0.546065
12500,0.331,0.380,0.289,0.546037
13000,0.368,0.310,0.322,0.541298
13500,0.397,0.277,0.326,0.556319
14000,0.426,0.264,0.310,0.537772
14500,0.450,0.227,0.322,0.530944
15000,0.483,0.236,0.281,0.518079
15500,0.500,0.132,0.368,0.503605
16000,0.636,0.124,0.240,0.425491
16500,0.645,0.099,0.256,0.428271
17000,0.756,0.083,0.161,0.332365
17500,0.855,0.025,0.120,0.194920
18000,0.909,0.004,0.087,0.136600
18500,0.975,0.000,0.025,0.037224
19000,0.963,0.004,0.033,0.073100
19500,0.959,0.000,0.041,0.075500
20000,0.963,0.000,0.037,0.069814
20500,0.988,0.000,0.012,0.014955
21000,0.992,0.000,0.008,0.008645
21500,0.992,0.000,0.008,0.011423
22000,0.996,0.000,0.004,0.009282
22500,1.000,0.000,0.000,0.000000
