time,n_A+p,n_B,n_AB,avg_entropy_simp
500,0.029,0.818,0.153,0.266578
1000,0.029,0.851,0.120,0.196789
1500,0.037,0.868,0.095,0.186409
2000,0.033,0.868,0.099,0.194157
2500,0.033,0.802,0.165,0.273912
3000,0.041,0.769,0.190,0.287396
3500,0.037,0.760,0.202,0.307982
4000,0.029,0.851,0.120,0.221446
4500,0.029,0.864,0.107,0.197904
5000,0.029,0.901,0.070,0.144343
5500,0.033,0.781,0.186,0.280576
6000,0.029,0.798,0.174,0.246568
6500,0.041,0.736,0.223,0.343581
7000,0.033,0.864,0.103,0.199274
7500,0.029,0.822,0.149,0.246605
8000,0.029,0.806,0.165,0.277332
8500,0.045,0.798,0.157,0.287832
9000,0.041,0.727,0.231,0.376921
9500,0.074,0.669,0.256,0.434778
10000,0.083,0.591,0.326,0.466538
10500,0.132,0.550,0.318,0.476687
11000,0.153,0.459,0.388,0.477256
11500,0.236,0.438,0.326,0.525821
12000,0.248,0.360,0.393,0.527711
12500,0.273,0.219,0.508,0.515980
13000,0.376,0.215,0.409,0.536160
13500,0.331,0.231,0.438,0.544379
14000,0.430,0.169,0.401,0.503319
14500,0.496,0.103,0.401,0.463670
15000,0.640,0.033,0.326,0.376536
15500,0.740,0.033,0.227,0.303598
16000,0.843,0.000,0.157,0.194951
16500,0.884,0.004,0.112,0.137300
17000,0.959,0.000,0.041,0.044929
17500,0.959,0.000,0.041,0.039243
18000,0.942,0.000,0.058,0.081894
18500,0.921,0.000,0.079,0.113591
19000,0.963,0.000,0.037,0.058402
19500,0.992,0.000,0.008,0.009594
20000,1.000,0.000,0.000,0.000000
