time,n_A+p,n_B,n_AB,avg_entropy_simp
500,0.029,0.839,0.132,0.240926
1000,0.045,0.773,0.182,0.309134
1500,0.045,0.682,0.273,0.391559
2000,0.070,0.640,0.289,0.412059
2500,0.054,0.678,0.269,0.390647
3000,0.058,0.587,0.355,0.451096
3500,0.070,0.599,0.331,0.449897
4000,0.087,0.533,0.380,0.469437
4500,0.062,0.645,0.293,0.400054
5000,0.070,0.636,0.293,0.422348
5500,0.107,0.537,0.355,0.485912
6000,0.083,0.595,0.322,0.443961
6500,0.095,0.591,0.314,0.450915
7000,0.095,0.574,0.331,0.464215
7500,0.136,0.488,0.376,0.492192
8000,0.099,0.500,0.401,0.489290
8500,0.095,0.533,0.372,0.463774
9000,0.116,0.459,0.426,0.496615
9500,0.132,0.475,0.393,0.515023
10000,0.140,0.434,0.426,0.521195
10500,0.120,0.426,0.455,0.491563
11000,0.140,0.430,0.430,0.508212
11500,0.236,0.343,0.421,0.529437
12000,0.269,0.285,0.446,0.548268
12500,0.376,0.236,0.388,0.519325
13000,0.397,0.165,0.438,0.482662
13500,0.455,0.120,0.426,0.471478
14000,0.583,0.070,0.347,0.410426
14500,0.723,0.041,0.236,0.317564
15000,0.756,0.017,0.227,0.297330
15500,0.835,0.017,0.149,0.193701
16000,0.839,0.004,0.157,0.209348
16500,0.913,0.000,0.087,0.110903
17000,0.967,0.004,0.029,0.037299
17500,0.988,0.000,0.012,0.007746
18000,0.992,0.000,0.008,0.004898
18500,0.996,0.000,0.004,0.002245
19000,0.996,0.000,0.004,0.002245
19500,1.000,0.000,0.000,0.000000
