time,n_A+p,n_B,n_AB,avg_entropy_simp
500,0.029,0.897,0.074,0.164953
1000,0.041,0.785,0.174,0.327630
1500,0.041,0.715,0.244,0.371341
2000,0.054,0.702,0.244,0.402996
2500,0.091,0.517,0.393,0.479959
3000,0.116,0.471,0.413,0.515914
3500,0.132,0.479,0.388,0.498552
4000,0.132,0.525,0.343,0.498165
4500,0.124,0.558,0.318,0.464316
5000,0.202,0.417,0.380,0.523186
5500,0.198,0.331,0.471,0.519455
6000,0.153,0.331,0.517,0.512660
6500,0.260,0.277,0.463,0.537708
7000,0.310,0.219,0.471,0.541080
7500,0.397,0.186,0.417,0.519405
8000,0.434,0.145,0.421,0.508898
8500,0.401,0.157,0.442,0.506483
9000,0.393,0.153,0.455,0.523764
9500,0.450,0.140,0.409,0.504739
10000,0.554,0.074,0.372,0.447360
10500,0.624,0.050,0.326,0.407486
11000,0.661,0.033,0.306,0.373814
11500,0.603,0.025,0.372,0.402934
12000,0.839,0.017,0.145,0.200073
12500,0.872,0.000,0.128,0.164343
13000,0.905,0.008,0.087,0.151217
13500,0.926,0.000,0.074,0.109292
14000,0.913,0.000,0.087,0.136682
14500,0.930,0.000,0.070,0.103947
15000,0.888,0.004,0.107,0.172101
15500,0.917,0.000,0.083,0.116771
16000,0.959,0.000,0.041,0.060901
16500,0.909,0.000,0.091,0.148236
17000,0.843,0.000,0.157,0.194366
17500,0.913,0.000,0.087,0.117387
18000,0.905,0.004,0.091,0.127057
18500,0.950,0.000,0.050,0.059530
19000,0.963,0.000,0.037,0.063421
19500,0.988,0.000,0.012,0.022846
20000,1.000,0.000,0.000,0.000000
