time,n_A+p,n_B,n_AB,avg_entropy_simp
500,0.029,0.864,0.107,0.213328
1000,0.033,0.785,0.182,0.307957
1500,0.050,0.653,0.298,0.409706
2000,0.054,0.587,0.360,0.437192
2500,0.083,0.541,0.376,0.458253
3000,0.107,0.475,0.417,0.497373
3500,0.099,0.455,0.446,0.488674
4000,0.116,0.471,0.413,0.516009
4500,0.145,0.442,0.413,0.519091
5000,0.145,0.413,0.442,0.506113
5500,0.161,0.360,0.479,0.514619
6000,0.256,0.277,0.467,0.534606
6500,0.198,0.293,0.508,0.526302
7000,0.236,0.293,0.471,0.523869
7500,0.269,0.244,0.488,0.507515
8000,0.401,0.157,0.442,0.507843
8500,0.517,0.103,0.380,0.467742
9000,0.587,0.033,0.380,0.387581
9500,0.715,0.012,0.273,0.318923
10000,0.740,0.017,0.244,0.332652
10500,0.826,0.004,0.169,0.212103
11000,0.917,0.012,0.070,0.108662
11500,0.930,0.004,0.066,0.100126
12000,0.959,0.000,0.041,0.074557
12500,0.983,0.000,0.017,0.030281
13000,0.996,0.000,0.004,0.004996
13500,0.959,0.000,0.041,0.080861
14000,0.971,0.000,0.029,0.063168
14500,0.938,0.000,0.062,0.104172
15000,0.921,0.004,0.074,0.125478
15500,0.938,0.004,0.058,0.087990
16000,0.950,0.000,0.050,0.083811
16500,0.992,0.000,0.008,0.008623
17000,0.996,0.000,0.004,0.002097
17500,0.967,0.000,0.033,0.037245
18000,0.963,0.000,0.037,0.040007
18500,0.975,0.000,0.025,0.024831
19000,0.992,0.000,0.008,0.004821
19500,0.992,0.000,0.008,0.004821
20000,0.983,0.000,0.017,0.023785
20500,0.979,0.000,0.021,0.035125
21000,0.950,0.000,0.050,0.080655
21500,0.979,0.000,0.021,0.031207
22000,0.971,0.000,0.029,0.059286
22500,0.975,0.000,0.025,0.026781
23000,0.988,0.000,0.012,0.008224
23500,0.983,0.000,0.017,0.014473
24000,0.983,0.000,0.017,0.024858
24500,0.979,0.000,0.021,0.031701
25000,0.979,0.000,0.021,0.032628
25500,0.959,0.000,0.041,0.058437
26000,0.975,0.004,0.021,0.030123
26500,0.988,0.000,0.012,0.013287
27000,1.000,0.000,0.000,0.000000
