time,n_A+p,n_B,n_AB,avg_entropy_simp
500,0.033,0.905,0.062,0.158459
1000,0.033,0.752,0.215,0.336752
1500,0.050,0.669,0.281,0.407699
2000,0.054,0.612,0.335,0.411608
2500,0.070,0.624,0.306,0.406322
3000,0.112,0.529,0.360,0.485759
3500,0.107,0.455,0.438,0.481175
4000,0.145,0.463,0.393,0.515875
4500,0.264,0.289,0.446,0.535234
5000,0.223,0.281,0.496,0.516868
5500,0.273,0.244,0.483,0.517683
6000,0.269,0.277,0.455,0.536157
6500,0.281,0.211,0.508,0.515580
7000,0.264,0.223,0.512,0.516725
7500,0.215,0.244,0.541,0.497195
8000,0.289,0.252,0.459,0.544329
8500,0.260,0.281,0.459,0.532982
9000,0.298,0.252,0.450,0.525416
9500,0.421,0.178,0.401,0.510932
10000,0.463,0.112,0.426,0.488362
10500,0.467,0.103,0.430,0.470150
11000,0.558,0.058,0.384,0.428519
11500,0.632,0.041,0.326,0.400926
12000,0.645,0.025,0.331,0.373820
12500,0.748,0.025,0.227,0.293434
13000,0.793,0.012,0.194,0.235562
13500,0.822,0.000,0.178,0.213360
14000,0.864,0.000,0.136,0.185886
14500,0.909,0.000,0.091,0.125944
15000,0.901,0.000,0.099,0.143473
15500,0.930,0.008,0.062,0.067886
16000,0.921,0.008,0.070,0.078537
16500,0.930,0.000,0.070,0.070650
17000,0.888,0.012,0.099,0.143646
17500,0.938,0.000,0.062,0.080219
18000,0.930,0.000,0.070,0.097141
18500,0.950,0.000,0.050,0.051693
19000,0.905,0.000,0.095,0.132940
19500,0.946,0.000,0.054,0.078727
20000,0.967,0.000,0.033,0.040410
20500,0.967,0.000,0.033,0.046406
21000,0.979,0.000,0.021,0.022400
21500,0.959,0.000,0.041,0.059600
22000,0.983,0.000,0.017,0.022612
22500,0.996,0.000,0.004,0.006280
23000,0.992,0.000,0.008,0.012802
23500,0.988,0.000,0.012,0.010900
24000,1.000,0.000,0.000,0.000000
