time,n_A+p,n_B,n_AB,avg_entropy_simp
500,0.029,0.921,0.050,0.116060
1000,0.050,0.843,0.107,0.230211
1500,0.033,0.905,0.062,0.125094
2000,0.041,0.905,0.054,0.110842
2500,0.050,0.839,0.112,0.244497
3000,0.062,0.736,0.202,0.332011
3500,0.153,0.636,0.211,0.431816
4000,0.202,0.537,0.260,0.495113
4500,0.236,0.525,0.240,0.495577
5000,0.244,0.467,0.289,0.533512
5500,0.174,0.554,0.273,0.475603
6000,0.190,0.550,0.260,0.498606
6500,0.140,0.587,0.273,0.450797
7000,0.120,0.554,0.326,0.479525
7500,0.157,0.587,0.256,0.482377
8000,0.140,0.682,0.178,0.404298
8500,0.070,0.702,0.227,0.384689
9000,0.099,0.674,0.227,0.426006
9500,0.066,0.773,0.161,0.286466
10000,0.066,0.793,0.140,0.268194
10500,0.058,0.760,0.182,0.317387
11000,0.050,0.843,0.107,0.217327
11500,0.050,0.802,0.149,0.289435
12000,0.041,0.764,0.194,0.311464
12500,0.058,0.694,0.248,0.379031
13000,0.062,0.781,0.157,0.290622
13500,0.050,0.826,0.124,0.234899
14000,0.074,0.752,0.174,0.309783
14500,0.079,0.711,0.211,0.354421
15000,0.074,0.764,0.161,0.321897
15500,0.050,0.748,0.202,0.328754
16000,0.074,0.760,0.165,0.333702
16500,0.066,0.764,0.169,0.325761
17000,0.091,0.665,0.244,0.410333
17500,0.161,0.512,0.326,0.510932
18000,0.174,0.488,0.339,0.517696
18500,0.198,0.471,0.331,0.527940
19000,0.269,0.421,0.310,0.546438
19500,0.335,0.355,0.310,0.559259
20000,0.347,0.343,0.310,0.568237
20500,0.426,0.182,0.393,0.523839
21000,0.351,0.264,0.384,0.553984
21500,0.335,0.355,0.310,0.554465
22000,0.483,0.231,0.285,0.525497
22500,0.512,0.178,0.310,0.515814
23000,0.583,0.116,0.302,0.468053
23500,0.702,0.087,0.211,0.360366
24000,0.777,0.041,0.182,0.283340
24500,0.876,0.017,0.107,0.149647
25000,0.926,0.004,0.070,0.094856
25500,0.983,0.000,0.017,0.013183
26000,0.975,0.000,0.025,0.036254
26500,0.959,0.000,0.041,0.050988
27000,0.983,0.000,0.017,0.023532
27500,1.000,0.000,0.000,0.000000
