time,n_A+p,n_B,n_AB,avg_entropy_simp
500,0.054,0.880,0.066,0.215961
1000,0.037,0.921,0.041,0.129280
1500,0.037,0.884,0.079,0.168165
2000,0.037,0.901,0.062,0.167595
2500,0.050,0.876,0.074,0.201718
3000,0.045,0.818,0.136,0.289726
3500,0.037,0.864,0.099,0.240907
4000,0.029,0.860,0.112,0.227037
4500,0.045,0.831,0.124,0.243821
5000,0.045,0.810,0.145,0.288883
5500,0.099,0.818,0.083,0.249374
6000,0.045,0.831,0.124,0.236087
6500,0.041,0.888,0.070,0.155978
7000,0.054,0.831,0.116,0.255711
7500,0.041,0.868,0.091,0.200457
8000,0.079,0.802,0.120,0.267856
8500,0.099,0.756,0.145,0.343217
9000,0.112,0.723,0.165,0.360968
9500,0.103,0.603,0.293,0.467658
10000,0.190,0.583,0.227,0.498407
10500,0.248,0.467,0.285,0.544180
11000,0.343,0.438,0.219,0.551112
11500,0.343,0.405,0.252,0.526747
12000,0.306,0.430,0.264,0.549454
12500,0.347,0.430,0.223,0.554306
13000,0.384,0.310,0.306,0.556375
13500,0.450,0.252,0.298,0.522584
14000,0.653,0.132,0.215,0.390453
14500,0.789,0.054,0.157,0.244931
15000,0.884,0.029,0.087,0.126064
15500,0.967,0.000,0.033,0.030714
16000,0.992,0.000,0.008,0.005467
16500,1.000,0.000,0.000,0.000000
