time,n_A+p,n_B,n_AB,avg_entropy_simp
500,0.028,0.908,0.065,0.133773
1000,0.028,0.908,0.065,0.141702
1500,0.032,0.848,0.120,0.197282
2000,0.041,0.811,0.147,0.232880
2500,0.041,0.834,0.124,0.197335
3000,0.041,0.866,0.092,0.162535
3500,0.037,0.829,0.134,0.207681
4000,0.046,0.866,0.088,0.168824
4500,0.041,0.770,0.189,0.285697
5000,0.046,0.770,0.184,0.289487
5500,0.074,0.696,0.230,0.343389
6000,0.111,0.567,0.323,0.408160
6500,0.101,0.590,0.309,0.397660
7000,0.101,0.581,0.318,0.421233
7500,0.180,0.488,0.332,0.462306
8000,0.235,0.392,0.373,0.493017
8500,0.240,0.369,0.392,0.493761
9000,0.309,0.323,0.369,0.488631
9500,0.313,0.267,0.419,0.480836
10000,0.327,0.263,0.410,0.485303
10500,0.327,0.290,0.382,0.483829
11000,0.401,0.258,0.341,0.485159
11500,0.336,0.276,0.387,0.474085
12000,0.493,0.161,0.346,0.449229
12500,0.452,0.138,0.410,0.455169
13000,0.539,0.138,0.323,0.429909
13500,0.631,0.074,0.295,0.371728
14000,0.797,0.028,0.175,0.237963
14500,0.820,0.009,0.171,0.203947
15000,0.889,0.009,0.101,0.114402
15500,0.857,0.009,0.134,0.154180
16000,0.862,0.032,0.106,0.184382
16500,0.876,0.014,0.111,0.147245
17000,0.871,0.000,0.129,0.146281
17500,0.940,0.009,0.051,0.055432
18000,0.940,0.000,0.060,0.061527
18500,0.982,0.000,0.018,0.003540
19000,0.977,0.000,0.023,0.013057
19500,0.986,0.000,0.014,0.000561
20000,0.986,0.000,0.014,0.000561
20500,0.991,0.000,0.009,0.000374
21000,0.991,0.000,0.009,0.000374
21500,0.991,0.000,0.009,0.000374
22000,0.991,0.000,0.009,0.000374
22500,0.991,0.000,0.009,0.000374
23000,0.991,0.000,0.009,0.000374
23500,0.991,0.000,0.009,0.000374
24000,0.991,0.000,0.009,0.000374
24500,0.991,0.000,0.009,0.000374
25000,0.991,0.000,0.009,0.000374
25500,0.991,0.000,0.009,0.000374
26000,0.991,0.000,0.009,0.000374
26500,0.991,0.000,0.009,0.000374
27000,0.991,0.000,0.009,0.000374
27500,0.991,0.000,0.009,0.000374
28000,0.991,0.000,0.009,0.000374
28500,0.991,0.000,0.009,0.000374
29000,0.991,0.000,0.009,0.000374
29500,0.991,0.000,0.009,0.000374
30000,0.991,0.000,0.009,0.000374
30500,0.991,0.000,0.009,0.000374
31000,0.991,0.000,0.009,0.000374
31500,0.991,0.000,0.009,0.000374
32000,0.991,0.000,0.009,0.000374
32500,0.991,0.000,0.009,0.000374
33000,0.991,0.000,0.009,0.000374
33500,0.991,0.000,0.009,0.000374
34000,0.995,0.000,0.005,0.000187
34500,0.995,0.000,0.005,0.000187
35000,1.000,0.000,0.000,0.000000
