time,n_A+p,n_B,n_AB,avg_entropy_simp
500,0.028,0.954,0.018,0.074633
1000,0.041,0.866,0.092,0.188170
1500,0.051,0.820,0.129,0.230276
2000,0.041,0.862,0.097,0.184499
2500,0.046,0.834,0.120,0.232516
3000,0.051,0.793,0.157,0.275277
3500,0.032,0.829,0.138,0.225416
4000,0.051,0.751,0.198,0.306742
4500,0.092,0.691,0.217,0.370991
5000,0.120,0.687,0.194,0.373120
5500,0.111,0.664,0.226,0.355010
6000,0.161,0.535,0.304,0.446772
6500,0.189,0.502,0.309,0.463920
7000,0.143,0.535,0.323,0.450372
7500,0.221,0.452,0.327,0.483515
8000,0.221,0.456,0.323,0.480603
8500,0.235,0.355,0.410,0.491221
9000,0.313,0.341,0.346,0.502166
9500,0.341,0.300,0.359,0.494017
10000,0.281,0.429,0.290,0.485321
10500,0.281,0.355,0.364,0.495749
11000,0.323,0.267,0.410,0.483489
11500,0.424,0.221,0.355,0.472715
12000,0.558,0.143,0.300,0.396628
12500,0.585,0.198,0.217,0.405459
13000,0.590,0.124,0.286,0.397392
13500,0.673,0.074,0.253,0.341646
14000,0.645,0.120,0.235,0.332275
14500,0.631,0.092,0.276,0.337344
15000,0.677,0.078,0.244,0.312091
15500,0.728,0.092,0.180,0.270765
16000,0.756,0.046,0.198,0.248999
16500,0.871,0.009,0.120,0.130739
17000,0.940,0.009,0.051,0.051514
17500,0.986,0.009,0.005,0.002246
18000,0.991,0.009,-0.000,0.000374
18500,0.986,0.005,0.009,0.010418
19000,0.991,0.005,0.005,0.000374
19500,0.991,0.005,0.005,0.000374
20000,0.991,0.005,0.005,0.000374
20500,0.991,0.005,0.005,0.000374
21000,0.991,0.005,0.005,0.000374
21500,0.991,0.005,0.005,0.000374
22000,0.991,0.005,0.005,0.000374
22500,0.991,0.005,0.005,0.000374
23000,0.991,0.005,0.005,0.000374
23500,0.986,0.005,0.009,0.006087
24000,0.986,0.005,0.009,0.007753
24500,0.991,0.005,0.005,0.000374
25000,0.991,0.005,0.005,0.000374
25500,0.991,0.005,0.005,0.000374
26000,0.991,0.005,0.005,0.000374
26500,0.991,0.000,0.009,0.000374
27000,0.991,0.000,0.009,0.000374
27500,0.991,0.000,0.009,0.000374
28000,0.991,0.000,0.009,0.000374
28500,0.986,0.000,0.014,0.006087
29000,0.991,0.000,0.009,0.000374
29500,0.991,0.000,0.009,0.000374
30000,0.991,0.000,0.009,0.000374
30500,0.991,0.000,0.009,0.000374
31000,0.995,0.000,0.005,0.000187
31500,0.995,0.000,0.005,0.000187
32000,1.000,0.000,0.000,0.000000
