time,n_A+p,n_B,n_AB,avg_entropy_simp
500,0.049,0.902,0.049,0.151398
1000,0.055,0.856,0.089,0.211869
1500,0.070,0.780,0.150,0.267765
2000,0.064,0.783,0.153,0.256730
2500,0.052,0.758,0.190,0.290347
3000,0.058,0.719,0.223,0.322901
3500,0.092,0.768,0.141,0.271726
4000,0.070,0.743,0.187,0.319581
4500,0.107,0.651,0.242,0.375473
5000,0.116,0.688,0.196,0.337010
5500,0.125,0.627,0.248,0.348965
6000,0.104,0.654,0.242,0.359350
6500,0.092,0.719,0.190,0.316270
7000,0.095,0.725,0.180,0.307952
7500,0.153,0.694,0.153,0.349626
8000,0.101,0.713,0.187,0.316011
8500,0.101,0.728,0.171,0.346328
9000,0.122,0.673,0.205,0.377893
9500,0.101,0.676,0.223,0.355895
10000,0.168,0.572,0.260,0.458398
10500,0.156,0.538,0.306,0.440261
11000,0.208,0.505,0.287,0.481376
11500,0.229,0.443,0.327,0.494053
12000,0.193,0.557,0.251,0.455727
12500,0.254,0.480,0.266,0.490622
13000,0.239,0.379,0.382,0.498168
13500,0.303,0.358,0.339,0.510705
14000,0.315,0.355,0.330,0.511403
14500,0.321,0.361,0.318,0.492052
15000,0.391,0.312,0.297,0.458948
15500,0.437,0.263,0.300,0.461965
16000,0.502,0.217,0.281,0.423296
16500,0.578,0.162,0.260,0.421160
17000,0.532,0.138,0.330,0.446816
17500,0.569,0.162,0.269,0.425692
18000,0.587,0.122,0.291,0.415271
18500,0.657,0.110,0.232,0.353342
19000,0.734,0.067,0.199,0.295179
19500,0.774,0.034,0.193,0.256532
20000,0.804,0.043,0.153,0.244683
20500,0.862,0.024,0.113,0.167775
21000,0.920,0.003,0.076,0.086610
21500,0.939,0.003,0.058,0.069164
22000,0.945,0.000,0.055,0.062954
22500,0.960,0.006,0.034,0.052095
23000,0.957,0.003,0.040,0.051986
23500,0.972,0.000,0.028,0.027892
24000,0.969,0.000,0.031,0.033516
24500,0.954,0.000,0.046,0.064354
25000,0.982,0.000,0.018,0.019989
25500,0.979,0.000,0.021,0.021773
26000,0.988,0.000,0.012,0.009265
26500,0.982,0.000,0.018,0.021457
27000,0.991,0.003,0.006,0.008135
27500,0.985,0.003,0.012,0.017239
28000,0.997,0.000,0.003,0.002281
28500,0.997,0.000,0.003,0.002281
29000,0.997,0.000,0.003,0.002281
29500,1.000,0.000,0.000,0.000000
