time,n_A+p,n_B,n_AB,avg_entropy_simp
500,0.034,0.911,0.055,0.121411
1000,0.028,0.920,0.052,0.115438
1500,0.040,0.924,0.037,0.113209
2000,0.040,0.914,0.046,0.130889
2500,0.049,0.875,0.076,0.170869
3000,0.028,0.899,0.073,0.153262
3500,0.034,0.908,0.058,0.141603
4000,0.043,0.850,0.107,0.220922
4500,0.061,0.856,0.083,0.208023
5000,0.046,0.810,0.144,0.246843
5500,0.064,0.835,0.101,0.233934
6000,0.064,0.856,0.080,0.198748
6500,0.070,0.835,0.095,0.216526
7000,0.070,0.835,0.095,0.206178
7500,0.089,0.801,0.110,0.236328
8000,0.061,0.823,0.116,0.242874
8500,0.113,0.749,0.138,0.314205
9000,0.110,0.685,0.205,0.357990
9500,0.104,0.743,0.153,0.322297
10000,0.086,0.807,0.107,0.231583
10500,0.101,0.755,0.144,0.305826
11000,0.095,0.786,0.119,0.260446
11500,0.107,0.768,0.125,0.290962
12000,0.165,0.642,0.193,0.397949
12500,0.223,0.581,0.196,0.398983
13000,0.287,0.541,0.171,0.415173
13500,0.263,0.544,0.193,0.371944
14000,0.306,0.508,0.187,0.409134
14500,0.275,0.489,0.235,0.452355
15000,0.355,0.413,0.232,0.464063
15500,0.413,0.352,0.235,0.480990
16000,0.440,0.306,0.254,0.487652
16500,0.492,0.278,0.229,0.450555
17000,0.526,0.275,0.199,0.389659
17500,0.532,0.235,0.232,0.430090
18000,0.624,0.190,0.187,0.391849
18500,0.606,0.202,0.193,0.386301
19000,0.593,0.229,0.177,0.371236
19500,0.575,0.232,0.193,0.371263
20000,0.514,0.318,0.168,0.346152
20500,0.566,0.251,0.183,0.398579
21000,0.606,0.202,0.193,0.398192
21500,0.670,0.122,0.208,0.332040
22000,0.709,0.135,0.156,0.292530
22500,0.725,0.138,0.138,0.321274
23000,0.685,0.128,0.187,0.347147
23500,0.743,0.092,0.165,0.311330
24000,0.728,0.107,0.165,0.302889
24500,0.801,0.086,0.113,0.251834
25000,0.850,0.034,0.116,0.185839
25500,0.902,0.040,0.058,0.147909
26000,0.933,0.012,0.055,0.095477
26500,0.982,0.000,0.018,0.028008
27000,0.972,0.003,0.024,0.035131
27500,0.991,0.003,0.006,0.010131
28000,0.997,0.000,0.003,0.002412
28500,1.000,0.000,0.000,0.000000
