time,n_A+p,n_B,n_AB,avg_entropy_simp
500,0.028,0.922,0.051,0.102545
1000,0.032,0.862,0.106,0.185263
1500,0.046,0.751,0.203,0.292535
2000,0.051,0.710,0.240,0.330160
2500,0.060,0.733,0.207,0.308145
3000,0.037,0.747,0.217,0.294984
3500,0.032,0.728,0.240,0.306083
4000,0.092,0.668,0.240,0.369234
4500,0.161,0.493,0.346,0.455959
5000,0.157,0.521,0.323,0.432910
5500,0.221,0.475,0.304,0.461611
6000,0.217,0.433,0.350,0.472149
6500,0.212,0.378,0.410,0.447841
7000,0.198,0.465,0.336,0.467212
7500,0.101,0.516,0.382,0.417140
8000,0.078,0.645,0.276,0.346725
8500,0.092,0.659,0.249,0.345338
9000,0.088,0.618,0.295,0.383260
9500,0.124,0.581,0.295,0.426368
10000,0.143,0.558,0.300,0.409875
10500,0.166,0.512,0.323,0.444388
11000,0.258,0.350,0.392,0.495394
11500,0.323,0.286,0.392,0.475099
12000,0.235,0.327,0.438,0.478055
12500,0.235,0.350,0.415,0.462855
13000,0.327,0.235,0.438,0.481611
13500,0.401,0.194,0.406,0.450273
14000,0.396,0.240,0.364,0.487717
14500,0.530,0.115,0.355,0.418601
15000,0.585,0.078,0.336,0.390224
15500,0.659,0.069,0.272,0.358840
16000,0.645,0.078,0.276,0.375775
16500,0.705,0.032,0.263,0.293242
17000,0.742,0.046,0.212,0.275533
17500,0.756,0.046,0.198,0.249239
18000,0.834,0.051,0.115,0.174518
18500,0.825,0.023,0.152,0.186260
19000,0.820,0.018,0.161,0.197208
19500,0.756,0.028,0.217,0.264566
20000,0.811,0.014,0.175,0.202129
20500,0.871,0.009,0.120,0.155904
21000,0.931,0.009,0.060,0.061821
21500,0.945,0.005,0.051,0.052297
22000,0.968,0.005,0.028,0.037251
22500,0.982,0.005,0.014,0.013480
23000,0.991,0.005,0.005,0.000374
23500,0.991,0.000,0.009,0.000374
24000,0.991,0.000,0.009,0.000374
24500,0.991,0.000,0.009,0.000374
25000,0.991,0.000,0.009,0.000374
25500,0.991,0.000,0.009,0.000374
26000,0.991,0.000,0.009,0.000374
26500,0.991,0.000,0.009,0.000374
27000,0.991,0.000,0.009,0.000374
27500,0.991,0.000,0.009,0.000374
28000,0.995,0.000,0.005,0.000187
28500,0.995,0.000,0.005,0.000187
29000,0.995,0.000,0.005,0.000187
29500,0.995,0.000,0.005,0.000187
30000,0.995,0.000,0.005,0.000187
30500,0.995,0.000,0.005,0.000187
31000,0.995,0.000,0.005,0.000187
31500,0.995,0.000,0.005,0.000187
32000,0.995,0.000,0.005,0.000187
32500,0.995,0.000,0.005,0.000187
33000,0.995,0.000,0.005,0.000187
33500,0.995,0.000,0.005,0.000187
34000,0.995,0.000,0.005,0.000187
34500,0.995,0.000,0.005,0.000187
35000,0.995,0.000,0.005,0.000187
35500,0.995,0.000,0.005,0.000187
36000,0.995,0.000,0.005,0.000187
36500,1.000,0.000,0.000,0.000000
