time,n_A+p,n_B,n_AB,avg_entropy_simp
500,0.033,0.888,0.079,0.186989
1000,0.033,0.880,0.087,0.195998
1500,0.029,0.872,0.099,0.192992
2000,0.029,0.893,0.079,0.168282
2500,0.029,0.798,0.174,0.276512
3000,0.037,0.744,0.219,0.333921
3500,0.029,0.785,0.186,0.270188
4000,0.033,0.740,0.227,0.321716
4500,0.037,0.769,0.194,0.296833
5000,0.062,0.674,0.264,0.392893
5500,0.083,0.624,0.293,0.432127
6000,0.033,0.599,0.368,0.399933
6500,0.095,0.583,0.322,0.455081
7000,0.054,0.707,0.240,0.356250
7500,0.041,0.752,0.207,0.312899
8000,0.054,0.682,0.264,0.357782
8500,0.054,0.645,0.302,0.391717
9000,0.054,0.632,0.314,0.412179
9500,0.066,0.545,0.388,0.440774
10000,0.091,0.591,0.318,0.440856
10500,0.091,0.537,0.372,0.464040
11000,0.070,0.537,0.393,0.442775
11500,0.074,0.632,0.293,0.411060
12000,0.058,0.525,0.417,0.452276
12500,0.112,0.421,0.467,0.491144
13000,0.169,0.372,0.459,0.497674
13500,0.186,0.467,0.347,0.515316
14000,0.136,0.413,0.450,0.513911
14500,0.145,0.442,0.413,0.515103
15000,0.285,0.223,0.492,0.527495
15500,0.248,0.194,0.558,0.473083
16000,0.227,0.260,0.512,0.512418
16500,0.202,0.368,0.430,0.548874
17000,0.124,0.339,0.537,0.488472
17500,0.277,0.289,0.434,0.549019
18000,0.285,0.248,0.467,0.533520
18500,0.310,0.145,0.545,0.477800
19000,0.277,0.215,0.508,0.515002
19500,0.298,0.207,0.496,0.507052
20000,0.281,0.256,0.463,0.515511
20500,0.198,0.314,0.488,0.517460
21000,0.157,0.351,0.492,0.518336
21500,0.190,0.322,0.488,0.522206
22000,0.182,0.322,0.496,0.521960
22500,0.120,0.434,0.446,0.499043
23000,0.153,0.409,0.438,0.523672
23500,0.153,0.438,0.409,0.501363
24000,0.169,0.281,0.550,0.491681
24500,0.293,0.211,0.496,0.516359
25000,0.351,0.161,0.488,0.508792
25500,0.446,0.124,0.430,0.499000
26000,0.463,0.058,0.479,0.445631
26500,0.500,0.112,0.388,0.470675
27000,0.488,0.112,0.401,0.484846
27500,0.574,0.045,0.380,0.391184
28000,0.616,0.062,0.322,0.406593
28500,0.744,0.029,0.227,0.302312
29000,0.748,0.037,0.215,0.303449
29500,0.769,0.021,0.211,0.260833
30000,0.773,0.008,0.219,0.283975
30500,0.752,0.021,0.227,0.303930
31000,0.707,0.017,0.277,0.371704
31500,0.773,0.012,0.215,0.311085
32000,0.839,0.017,0.145,0.217319
32500,0.868,0.004,0.128,0.199374
33000,0.851,0.012,0.136,0.215626
33500,0.831,0.008,0.161,0.247098
34000,0.888,0.012,0.099,0.180918
34500,0.901,0.000,0.099,0.157478
35000,0.942,0.004,0.054,0.094440
35500,0.975,0.000,0.025,0.032804
36000,0.983,0.000,0.017,0.021308
36500,0.996,0.000,0.004,0.010072
37000,1.000,0.000,0.000,0.000000
