time,n_A+p,n_B,n_AB,avg_entropy_simp
500,0.034,0.927,0.040,0.116556
1000,0.034,0.920,0.046,0.111507
1500,0.037,0.924,0.040,0.109415
2000,0.031,0.902,0.067,0.144565
2500,0.049,0.905,0.046,0.150364
3000,0.052,0.869,0.080,0.207912
3500,0.046,0.850,0.104,0.221368
4000,0.043,0.835,0.122,0.221330
4500,0.058,0.859,0.083,0.205531
5000,0.037,0.850,0.113,0.221920
5500,0.055,0.771,0.174,0.306605
6000,0.073,0.853,0.073,0.209568
6500,0.076,0.801,0.122,0.260197
7000,0.061,0.859,0.080,0.207135
7500,0.049,0.865,0.086,0.176211
8000,0.055,0.838,0.107,0.242282
8500,0.046,0.841,0.113,0.236163
9000,0.043,0.899,0.058,0.147725
9500,0.040,0.902,0.058,0.149783
10000,0.034,0.933,0.034,0.097228
10500,0.055,0.893,0.052,0.143073
11000,0.055,0.853,0.092,0.202638
11500,0.052,0.869,0.080,0.181776
12000,0.046,0.856,0.098,0.214714
12500,0.073,0.795,0.131,0.299564
13000,0.061,0.817,0.122,0.242165
13500,0.067,0.823,0.110,0.255511
14000,0.058,0.810,0.131,0.259058
14500,0.064,0.807,0.128,0.261179
15000,0.083,0.783,0.135,0.277414
15500,0.128,0.737,0.135,0.318608
16000,0.147,0.694,0.159,0.335523
16500,0.131,0.694,0.174,0.340448
17000,0.150,0.719,0.131,0.316870
17500,0.162,0.716,0.122,0.296764
18000,0.202,0.645,0.153,0.341134
18500,0.211,0.550,0.239,0.413064
19000,0.245,0.505,0.251,0.441557
19500,0.297,0.511,0.193,0.391644
20000,0.343,0.474,0.183,0.375549
20500,0.339,0.425,0.235,0.450236
21000,0.318,0.434,0.248,0.427082
21500,0.413,0.346,0.242,0.452789
22000,0.502,0.297,0.202,0.446468
22500,0.492,0.287,0.220,0.448011
23000,0.535,0.254,0.211,0.416670
23500,0.508,0.257,0.235,0.452215
24000,0.593,0.208,0.199,0.384645
24500,0.569,0.193,0.239,0.389030
25000,0.670,0.141,0.190,0.360450
25500,0.771,0.089,0.141,0.242742
26000,0.743,0.073,0.183,0.267598
26500,0.789,0.061,0.150,0.264061
27000,0.768,0.070,0.162,0.296384
27500,0.862,0.037,0.101,0.184267
28000,0.875,0.040,0.086,0.138426
28500,0.911,0.018,0.070,0.115422
29000,0.960,0.006,0.034,0.048019
29500,0.988,0.003,0.009,0.009707
30000,0.982,0.000,0.018,0.021467
30500,0.997,0.000,0.003,0.000285
31000,1.000,0.000,0.000,0.000000
