time,n_A+p,n_B,n_AB,avg_entropy_simp
500,0.045,0.901,0.054,0.165151
1000,0.037,0.897,0.066,0.162494
1500,0.033,0.921,0.045,0.114330
2000,0.054,0.893,0.054,0.145884
2500,0.037,0.901,0.062,0.160290
3000,0.041,0.901,0.058,0.159863
3500,0.033,0.926,0.041,0.117352
4000,0.045,0.880,0.074,0.199518
4500,0.033,0.909,0.058,0.135905
5000,0.029,0.917,0.054,0.117101
5500,0.050,0.913,0.037,0.138866
6000,0.050,0.893,0.058,0.166515
6500,0.045,0.901,0.054,0.161395
7000,0.058,0.872,0.070,0.187322
7500,0.037,0.905,0.058,0.122416
8000,0.029,0.942,0.029,0.078204
8500,0.029,0.934,0.037,0.096059
9000,0.070,0.851,0.079,0.223605
9500,0.050,0.855,0.095,0.211067
10000,0.045,0.860,0.095,0.195962
10500,0.058,0.855,0.087,0.234053
11000,0.120,0.752,0.128,0.344447
11500,0.070,0.789,0.140,0.295241
12000,0.091,0.773,0.136,0.299385
12500,0.070,0.822,0.107,0.254417
13000,0.037,0.897,0.066,0.156521
13500,0.037,0.855,0.107,0.205309
14000,0.062,0.818,0.120,0.278829
14500,0.074,0.826,0.099,0.228453
15000,0.033,0.880,0.087,0.196521
15500,0.041,0.942,0.017,0.074719
16000,0.041,0.876,0.083,0.174436
16500,0.070,0.798,0.132,0.271629
17000,0.091,0.839,0.070,0.196984
17500,0.066,0.835,0.099,0.219718
18000,0.050,0.884,0.066,0.147556
18500,0.045,0.888,0.066,0.150127
19000,0.058,0.884,0.058,0.152751
19500,0.037,0.917,0.045,0.111752
20000,0.041,0.876,0.083,0.179008
20500,0.087,0.814,0.099,0.285089
21000,0.079,0.860,0.062,0.207198
21500,0.041,0.884,0.074,0.165973
22000,0.045,0.880,0.074,0.157733
22500,0.066,0.851,0.083,0.213551
23000,0.037,0.917,0.045,0.123517
23500,0.041,0.909,0.050,0.142442
24000,0.054,0.884,0.062,0.176937
24500,0.045,0.868,0.087,0.212696
25000,0.029,0.855,0.116,0.220372
25500,0.099,0.810,0.091,0.263628
26000,0.132,0.748,0.120,0.320901
26500,0.169,0.707,0.124,0.364125
27000,0.240,0.550,0.211,0.502944
27500,0.289,0.525,0.186,0.516540
28000,0.236,0.587,0.178,0.452985
28500,0.236,0.550,0.215,0.495704
29000,0.355,0.459,0.186,0.467278
29500,0.388,0.397,0.215,0.519766
30000,0.607,0.215,0.178,0.438858
30500,0.591,0.207,0.202,0.459568
31000,0.769,0.062,0.169,0.256954
31500,0.864,0.058,0.079,0.152859
32000,0.942,0.008,0.050,0.053118
32500,0.975,0.000,0.025,0.015198
33000,0.992,0.000,0.008,0.004847
33500,0.992,0.000,0.008,0.004847
34000,0.996,0.000,0.004,0.002141
34500,1.000,0.000,0.000,0.000000
