time,n_A+p,n_B,n_AB,avg_entropy_simp
500,0.029,0.930,0.041,0.117278
1000,0.033,0.839,0.128,0.230978
1500,0.041,0.814,0.145,0.276078
2000,0.062,0.793,0.145,0.274090
2500,0.050,0.785,0.165,0.272833
3000,0.124,0.711,0.165,0.371376
3500,0.091,0.690,0.219,0.384721
4000,0.070,0.740,0.190,0.326309
4500,0.095,0.719,0.186,0.357500
5000,0.087,0.719,0.194,0.353227
5500,0.070,0.715,0.215,0.364464
6000,0.054,0.731,0.215,0.329885
6500,0.045,0.814,0.140,0.263407
7000,0.054,0.839,0.107,0.220139
7500,0.050,0.810,0.140,0.279618
8000,0.037,0.831,0.132,0.232843
8500,0.037,0.872,0.091,0.187669
9000,0.033,0.822,0.145,0.236713
9500,0.041,0.835,0.124,0.259237
10000,0.058,0.793,0.149,0.308076
10500,0.136,0.674,0.190,0.403874
11000,0.112,0.682,0.207,0.399886
11500,0.099,0.640,0.260,0.436871
12000,0.112,0.653,0.236,0.430193
12500,0.190,0.570,0.240,0.499034
13000,0.244,0.492,0.264,0.534308
13500,0.140,0.595,0.264,0.464060
14000,0.157,0.570,0.273,0.474991
14500,0.219,0.434,0.347,0.536738
15000,0.343,0.380,0.277,0.546216
15500,0.335,0.306,0.360,0.546427
16000,0.273,0.360,0.368,0.547494
16500,0.298,0.368,0.335,0.547604
17000,0.310,0.471,0.219,0.520985
17500,0.289,0.388,0.322,0.530805
18000,0.260,0.446,0.293,0.541664
18500,0.269,0.463,0.269,0.515260
19000,0.223,0.471,0.306,0.513328
19500,0.202,0.500,0.298,0.515641
20000,0.264,0.380,0.355,0.545902
20500,0.277,0.351,0.372,0.547814
21000,0.314,0.355,0.331,0.559303
21500,0.310,0.298,0.393,0.557341
22000,0.438,0.198,0.364,0.530730
22500,0.450,0.236,0.314,0.539477
23000,0.409,0.306,0.285,0.523895
23500,0.426,0.289,0.285,0.547676
24000,0.347,0.310,0.343,0.560235
24500,0.463,0.248,0.289,0.535690
25000,0.455,0.236,0.310,0.518456
25500,0.475,0.202,0.322,0.510630
26000,0.475,0.136,0.388,0.500915
26500,0.492,0.194,0.314,0.519100
27000,0.525,0.124,0.351,0.481380
27500,0.529,0.178,0.293,0.505356
28000,0.616,0.124,0.260,0.462524
28500,0.707,0.066,0.227,0.369524
29000,0.818,0.050,0.132,0.260766
29500,0.822,0.037,0.140,0.246190
30000,0.868,0.004,0.128,0.179416
30500,0.917,0.000,0.083,0.106429
31000,0.942,0.000,0.058,0.084706
31500,0.983,0.000,0.017,0.024648
32000,0.996,0.000,0.004,0.003080
32500,1.000,0.000,0.000,0.000000
