time,n_A+p,n_B,n_AB,avg_entropy_simp
500,0.031,0.920,0.049,0.135498
1000,0.031,0.865,0.104,0.228024
1500,0.043,0.835,0.122,0.267835
2000,0.064,0.722,0.214,0.358281
2500,0.110,0.621,0.269,0.418455
3000,0.101,0.602,0.297,0.424376
3500,0.147,0.514,0.339,0.484999
4000,0.150,0.477,0.373,0.482632
4500,0.171,0.474,0.355,0.479486
5000,0.190,0.443,0.367,0.464464
5500,0.180,0.367,0.453,0.487562
6000,0.248,0.352,0.401,0.521107
6500,0.263,0.318,0.419,0.512225
7000,0.291,0.297,0.413,0.507133
7500,0.297,0.257,0.446,0.498572
8000,0.281,0.309,0.410,0.516025
8500,0.297,0.257,0.446,0.498929
9000,0.294,0.245,0.462,0.501017
9500,0.343,0.220,0.437,0.491811
10000,0.343,0.251,0.407,0.516703
10500,0.339,0.223,0.437,0.495219
11000,0.468,0.165,0.367,0.477163
11500,0.446,0.144,0.410,0.478037
12000,0.498,0.138,0.364,0.474349
12500,0.425,0.147,0.428,0.470353
13000,0.474,0.150,0.376,0.479300
13500,0.486,0.159,0.355,0.472503
14000,0.505,0.110,0.385,0.450082
14500,0.508,0.147,0.346,0.445215
15000,0.511,0.098,0.391,0.422519
15500,0.593,0.104,0.303,0.408608
16000,0.630,0.095,0.275,0.355516
16500,0.657,0.086,0.257,0.338503
17000,0.709,0.073,0.217,0.316203
17500,0.746,0.037,0.217,0.270594
18000,0.752,0.034,0.214,0.272210
18500,0.740,0.034,0.226,0.286418
19000,0.755,0.012,0.232,0.256309
19500,0.786,0.031,0.183,0.232976
20000,0.817,0.024,0.159,0.189742
20500,0.847,0.021,0.131,0.152903
21000,0.862,0.028,0.110,0.154866
21500,0.826,0.015,0.159,0.206174
22000,0.823,0.043,0.135,0.210128
22500,0.832,0.018,0.150,0.193568
23000,0.893,0.012,0.095,0.140388
23500,0.850,0.009,0.141,0.193152
24000,0.905,0.000,0.095,0.116428
24500,0.902,0.012,0.086,0.127870
25000,0.869,0.009,0.122,0.150922
25500,0.884,0.031,0.086,0.142041
26000,0.920,0.003,0.076,0.084582
26500,0.927,0.006,0.067,0.084189
27000,0.930,0.006,0.064,0.079613
27500,0.914,0.015,0.070,0.088532
28000,0.936,0.006,0.058,0.070424
28500,0.948,0.000,0.052,0.053117
29000,0.933,0.000,0.067,0.091355
29500,0.951,0.000,0.049,0.046465
30000,0.960,0.000,0.040,0.040248
30500,0.954,0.000,0.046,0.053266
31000,0.954,0.000,0.046,0.068945
31500,0.969,0.000,0.031,0.039785
32000,0.982,0.000,0.018,0.023847
32500,0.991,0.000,0.009,0.009725
33000,0.997,0.000,0.003,0.004611
33500,1.000,0.000,0.000,0.000000
