time,n_A+p,n_B,n_AB,avg_entropy_simp
500,0.028,0.954,0.018,0.074322
1000,0.040,0.869,0.092,0.205840
1500,0.046,0.798,0.156,0.283020
2000,0.046,0.755,0.199,0.319994
2500,0.086,0.685,0.229,0.371903
3000,0.089,0.697,0.214,0.335766
3500,0.086,0.746,0.168,0.300417
4000,0.104,0.682,0.214,0.366618
4500,0.080,0.697,0.223,0.362204
5000,0.098,0.615,0.287,0.419438
5500,0.131,0.615,0.254,0.412098
6000,0.101,0.642,0.257,0.399442
6500,0.070,0.670,0.260,0.365598
7000,0.122,0.602,0.275,0.426853
7500,0.110,0.593,0.297,0.394044
8000,0.190,0.541,0.269,0.405069
8500,0.263,0.471,0.266,0.436124
9000,0.214,0.517,0.269,0.419763
9500,0.232,0.486,0.281,0.440396
10000,0.254,0.422,0.324,0.501642
10500,0.257,0.462,0.281,0.474209
11000,0.187,0.489,0.324,0.472108
11500,0.162,0.517,0.321,0.437840
12000,0.226,0.486,0.287,0.457238
12500,0.284,0.376,0.339,0.477653
13000,0.327,0.300,0.373,0.486010
13500,0.379,0.260,0.361,0.507339
14000,0.367,0.242,0.391,0.512721
14500,0.404,0.272,0.324,0.501509
15000,0.431,0.208,0.361,0.505658
15500,0.459,0.205,0.336,0.489825
16000,0.486,0.168,0.346,0.464524
16500,0.566,0.138,0.297,0.429854
17000,0.505,0.141,0.355,0.469858
17500,0.569,0.131,0.300,0.397705
18000,0.636,0.104,0.260,0.370516
18500,0.642,0.070,0.287,0.370242
19000,0.676,0.073,0.251,0.338653
19500,0.688,0.086,0.226,0.350547
20000,0.737,0.083,0.180,0.296878
20500,0.734,0.073,0.193,0.297866
21000,0.700,0.086,0.214,0.331649
21500,0.728,0.083,0.190,0.311623
22000,0.777,0.049,0.174,0.240506
22500,0.792,0.046,0.162,0.250425
23000,0.795,0.034,0.171,0.245352
23500,0.869,0.012,0.119,0.160230
24000,0.884,0.000,0.116,0.137083
24500,0.899,0.006,0.095,0.122456
25000,0.914,0.006,0.080,0.094463
25500,0.939,0.003,0.058,0.062585
26000,0.942,0.000,0.058,0.076258
26500,0.911,0.028,0.061,0.136209
27000,0.914,0.003,0.083,0.108967
27500,0.939,0.000,0.061,0.086145
28000,0.969,0.003,0.028,0.034556
28500,0.969,0.003,0.028,0.040432
29000,0.966,0.000,0.034,0.043874
29500,0.988,0.000,0.012,0.006321
30000,0.976,0.000,0.024,0.030295
30500,0.982,0.000,0.018,0.015575
31000,0.991,0.000,0.009,0.008352
31500,0.994,0.000,0.006,0.007497
32000,0.997,0.000,0.003,0.001830
32500,0.997,0.000,0.003,0.001830
33000,0.997,0.000,0.003,0.001830
33500,1.000,0.000,0.000,0.000000
