time,n_A+p,n_B,n_AB,avg_entropy_simp
500,0.037,0.847,0.116,0.212991
1000,0.029,0.806,0.165,0.252120
1500,0.037,0.798,0.165,0.283891
2000,0.050,0.723,0.227,0.362325
2500,0.033,0.727,0.240,0.328889
3000,0.037,0.777,0.186,0.299021
3500,0.037,0.640,0.322,0.403542
4000,0.079,0.612,0.310,0.410157
4500,0.091,0.525,0.384,0.449113
5000,0.112,0.483,0.405,0.462298
5500,0.120,0.430,0.450,0.457642
6000,0.087,0.446,0.467,0.494298
6500,0.066,0.550,0.384,0.457328
7000,0.079,0.521,0.401,0.463428
7500,0.103,0.488,0.409,0.479288
8000,0.103,0.467,0.430,0.495321
8500,0.091,0.566,0.343,0.464668
9000,0.087,0.558,0.355,0.447867
9500,0.120,0.508,0.372,0.505511
10000,0.107,0.380,0.512,0.503433
10500,0.149,0.368,0.483,0.518946
11000,0.136,0.335,0.529,0.487474
11500,0.174,0.347,0.479,0.514772
12000,0.207,0.417,0.376,0.527247
12500,0.161,0.421,0.417,0.530737
13000,0.116,0.401,0.483,0.494681
13500,0.124,0.393,0.483,0.500146
14000,0.120,0.430,0.450,0.502165
14500,0.124,0.430,0.446,0.511094
15000,0.083,0.459,0.459,0.475484
15500,0.169,0.401,0.430,0.532570
16000,0.153,0.426,0.421,0.513400
16500,0.236,0.289,0.475,0.527612
17000,0.264,0.306,0.430,0.538900
17500,0.273,0.277,0.450,0.559034
18000,0.256,0.293,0.450,0.556242
18500,0.331,0.207,0.463,0.526402
19000,0.409,0.112,0.479,0.483657
19500,0.483,0.095,0.421,0.476073
20000,0.492,0.083,0.426,0.479629
20500,0.508,0.058,0.434,0.453226
21000,0.624,0.041,0.335,0.418359
21500,0.636,0.037,0.326,0.399472
22000,0.661,0.017,0.322,0.361460
22500,0.669,0.045,0.285,0.377148
23000,0.686,0.025,0.289,0.358951
23500,0.760,0.008,0.231,0.287604
24000,0.851,0.000,0.149,0.159075
24500,0.851,0.000,0.149,0.189296
25000,0.880,0.000,0.120,0.170670
25500,0.884,0.000,0.116,0.160641
26000,0.897,0.004,0.099,0.158668
26500,0.917,0.004,0.079,0.103594
27000,0.901,0.004,0.095,0.141672
27500,0.917,0.000,0.083,0.115891
28000,0.946,0.000,0.054,0.085874
28500,0.934,0.000,0.066,0.103946
29000,0.979,0.000,0.021,0.022991
29500,0.979,0.000,0.021,0.033644
30000,0.992,0.000,0.008,0.008692
30500,0.971,0.000,0.029,0.054860
31000,0.959,0.004,0.037,0.063884
31500,1.000,0.000,0.000,0.000000
