time,n_A+p,n_B,n_AB,avg_entropy_simp
500,0.049,0.914,0.037,0.120743
1000,0.046,0.841,0.113,0.218693
1500,0.046,0.807,0.147,0.253595
2000,0.089,0.731,0.180,0.337738
2500,0.107,0.651,0.242,0.381604
3000,0.131,0.627,0.242,0.410994
3500,0.171,0.477,0.352,0.465439
4000,0.217,0.483,0.300,0.475047
4500,0.232,0.413,0.355,0.496237
5000,0.266,0.459,0.275,0.483893
5500,0.251,0.446,0.303,0.517822
6000,0.257,0.407,0.336,0.516931
6500,0.205,0.407,0.388,0.504356
7000,0.257,0.413,0.330,0.492672
7500,0.291,0.394,0.315,0.493749
8000,0.339,0.367,0.294,0.468839
8500,0.364,0.309,0.327,0.506559
9000,0.401,0.251,0.349,0.476311
9500,0.398,0.208,0.394,0.502621
10000,0.343,0.272,0.385,0.508983
10500,0.413,0.254,0.333,0.479407
11000,0.456,0.205,0.339,0.447893
11500,0.465,0.180,0.355,0.446097
12000,0.569,0.171,0.260,0.394558
12500,0.517,0.171,0.312,0.424883
13000,0.535,0.150,0.315,0.382240
13500,0.538,0.141,0.321,0.415536
14000,0.563,0.144,0.294,0.410488
14500,0.713,0.055,0.232,0.271575
15000,0.761,0.034,0.205,0.265522
15500,0.752,0.034,0.214,0.266725
16000,0.716,0.061,0.223,0.318286
16500,0.774,0.040,0.187,0.272120
17000,0.804,0.021,0.174,0.206914
17500,0.817,0.009,0.174,0.205408
18000,0.856,0.018,0.125,0.161781
18500,0.826,0.037,0.138,0.197968
19000,0.832,0.024,0.144,0.202703
19500,0.829,0.034,0.138,0.197196
20000,0.832,0.028,0.141,0.183885
20500,0.823,0.040,0.138,0.222945
21000,0.844,0.034,0.122,0.205756
21500,0.844,0.024,0.131,0.207421
22000,0.878,0.018,0.104,0.155393
22500,0.899,0.006,0.095,0.132985
23000,0.875,0.012,0.113,0.184536
23500,0.902,0.006,0.092,0.132171
24000,0.936,0.000,0.064,0.094125
24500,0.966,0.000,0.034,0.050500
25000,0.985,0.003,0.012,0.014892
25500,0.982,0.009,0.009,0.022700
26000,0.976,0.006,0.018,0.028209
26500,0.966,0.012,0.021,0.050521
27000,0.954,0.006,0.040,0.060690
27500,0.982,0.000,0.018,0.019688
28000,0.988,0.000,0.012,0.014947
28500,0.997,0.000,0.003,0.004995
29000,0.997,0.000,0.003,0.004995
29500,0.997,0.000,0.003,0.004995
30000,1.000,0.000,0.000,0.000000
