time,n_A+p,n_B,n_AB,avg_entropy_simp
500,0.029,0.909,0.062,0.147192
1000,0.029,0.818,0.153,0.264484
1500,0.045,0.752,0.202,0.337072
2000,0.037,0.649,0.314,0.416286
2500,0.054,0.665,0.281,0.419031
3000,0.037,0.764,0.198,0.329717
3500,0.041,0.736,0.223,0.372310
4000,0.070,0.583,0.347,0.465378
4500,0.091,0.467,0.442,0.470074
5000,0.103,0.455,0.442,0.480187
5500,0.140,0.438,0.421,0.496916
6000,0.157,0.417,0.426,0.453501
6500,0.169,0.438,0.393,0.499703
7000,0.178,0.372,0.450,0.516315
7500,0.112,0.442,0.446,0.484646
8000,0.124,0.372,0.504,0.493550
8500,0.112,0.372,0.517,0.480437
9000,0.128,0.388,0.483,0.497206
9500,0.153,0.339,0.508,0.507173
10000,0.182,0.364,0.455,0.523690
10500,0.182,0.376,0.442,0.526778
11000,0.281,0.231,0.488,0.516141
11500,0.322,0.223,0.455,0.499705
12000,0.380,0.211,0.409,0.496461
12500,0.434,0.095,0.471,0.481759
13000,0.421,0.070,0.508,0.434800
13500,0.421,0.112,0.467,0.478875
14000,0.450,0.120,0.430,0.471598
14500,0.517,0.087,0.397,0.443408
15000,0.492,0.107,0.401,0.448056
15500,0.537,0.074,0.388,0.431388
16000,0.512,0.045,0.442,0.451516
16500,0.537,0.029,0.434,0.438355
17000,0.632,0.017,0.351,0.386876
17500,0.694,0.021,0.285,0.338491
18000,0.764,0.004,0.231,0.272141
18500,0.702,0.029,0.269,0.331551
19000,0.727,0.037,0.236,0.342808
19500,0.711,0.017,0.273,0.338790
20000,0.645,0.041,0.314,0.404634
20500,0.736,0.037,0.227,0.342304
21000,0.649,0.033,0.318,0.403561
21500,0.686,0.012,0.302,0.353952
22000,0.640,0.017,0.343,0.384226
22500,0.628,0.025,0.347,0.377775
23000,0.653,0.033,0.314,0.385601
23500,0.603,0.037,0.360,0.424712
24000,0.707,0.033,0.260,0.373727
24500,0.740,0.012,0.248,0.325957
25000,0.785,0.008,0.207,0.288574
25500,0.843,0.000,0.157,0.218031
26000,0.921,0.000,0.079,0.115514
26500,0.876,0.000,0.124,0.166269
27000,0.835,0.021,0.145,0.205924
27500,0.839,0.004,0.157,0.198802
28000,0.855,0.004,0.140,0.203159
28500,0.905,0.000,0.095,0.158638
29000,0.917,0.000,0.083,0.113025
29500,0.905,0.000,0.095,0.134406
30000,0.963,0.000,0.037,0.050162
30500,0.967,0.000,0.033,0.051322
31000,0.992,0.000,0.008,0.012765
31500,0.988,0.000,0.012,0.020035
32000,0.971,0.000,0.029,0.057266
32500,0.996,0.000,0.004,0.001639
33000,0.996,0.000,0.004,0.001639
33500,0.992,0.000,0.008,0.011271
34000,1.000,0.000,0.000,0.000000
