time,n_A+p,n_B,n_AB,avg_entropy_simp
500,0.046,0.908,0.046,0.151798
1000,0.055,0.853,0.092,0.210915
1500,0.064,0.841,0.095,0.214653
2000,0.064,0.847,0.089,0.212661
2500,0.064,0.817,0.119,0.223742
3000,0.086,0.746,0.168,0.318294
3500,0.064,0.758,0.177,0.304956
4000,0.073,0.777,0.150,0.281899
4500,0.080,0.761,0.159,0.309915
5000,0.073,0.789,0.138,0.266074
5500,0.080,0.810,0.110,0.229175
6000,0.067,0.768,0.165,0.271388
6500,0.055,0.838,0.107,0.187614
7000,0.064,0.844,0.092,0.195793
7500,0.049,0.859,0.092,0.184186
8000,0.049,0.847,0.104,0.194249
8500,0.098,0.807,0.095,0.225944
9000,0.104,0.783,0.113,0.255870
9500,0.067,0.783,0.150,0.258420
10000,0.086,0.798,0.116,0.212206
10500,0.092,0.801,0.107,0.235192
11000,0.110,0.734,0.156,0.324737
11500,0.104,0.722,0.174,0.314890
12000,0.122,0.709,0.168,0.322760
12500,0.110,0.731,0.159,0.307521
13000,0.113,0.670,0.217,0.364449
13500,0.150,0.731,0.119,0.294352
14000,0.144,0.642,0.214,0.363651
14500,0.153,0.703,0.144,0.311467
15000,0.245,0.593,0.162,0.346964
15500,0.278,0.569,0.153,0.315704
16000,0.321,0.535,0.144,0.360539
16500,0.284,0.538,0.177,0.340850
17000,0.260,0.526,0.214,0.381312
17500,0.281,0.480,0.239,0.469461
18000,0.297,0.446,0.257,0.431580
18500,0.349,0.407,0.245,0.386880
19000,0.379,0.398,0.223,0.412222
19500,0.391,0.370,0.239,0.394190
20000,0.474,0.315,0.211,0.371851
20500,0.492,0.278,0.229,0.404538
21000,0.541,0.239,0.220,0.448410
21500,0.606,0.196,0.199,0.380824
22000,0.563,0.214,0.223,0.407078
22500,0.593,0.187,0.220,0.383113
23000,0.709,0.125,0.165,0.308855
23500,0.725,0.095,0.180,0.281971
24000,0.801,0.055,0.144,0.215967
24500,0.875,0.037,0.089,0.148092
25000,0.899,0.018,0.083,0.124128
25500,0.908,0.012,0.080,0.111630
26000,0.936,0.003,0.061,0.067621
26500,0.972,0.000,0.028,0.025685
27000,0.985,0.000,0.015,0.014928
27500,0.994,0.000,0.006,0.006076
28000,0.997,0.000,0.003,0.000285
28500,0.997,0.000,0.003,0.000285
29000,0.997,0.000,0.003,0.000285
29500,0.997,0.000,0.003,0.000285
30000,0.997,0.000,0.003,0.000285
30500,0.997,0.000,0.003,0.000285
31000,0.997,0.000,0.003,0.000285
31500,0.994,0.000,0.006,0.004519
32000,0.997,0.000,0.003,0.000285
32500,0.997,0.000,0.003,0.000285
33000,0.997,0.000,0.003,0.000285
33500,0.997,0.000,0.003,0.000285
34000,0.997,0.000,0.003,0.000285
34500,0.997,0.000,0.003,0.000285
35000,0.997,0.000,0.003,0.000285
35500,0.997,0.000,0.003,0.000285
36000,0.997,0.000,0.003,0.000285
36500,1.000,0.000,0.000,0.000000
