time,n_A+p,n_B,n_AB,avg_entropy_simp
500,0.062,0.818,0.120,0.288004
1000,0.050,0.731,0.219,0.369770
1500,0.074,0.748,0.178,0.376061
2000,0.116,0.636,0.248,0.449498
2500,0.091,0.558,0.351,0.466787
3000,0.070,0.616,0.314,0.428697
3500,0.107,0.616,0.277,0.475062
4000,0.161,0.512,0.326,0.503812
4500,0.227,0.413,0.360,0.548963
5000,0.190,0.475,0.335,0.527877
5500,0.244,0.413,0.343,0.525539
6000,0.306,0.413,0.281,0.549474
6500,0.256,0.413,0.331,0.564840
7000,0.215,0.442,0.343,0.531871
7500,0.231,0.380,0.388,0.534045
8000,0.397,0.227,0.376,0.542520
8500,0.417,0.215,0.368,0.529907
9000,0.421,0.215,0.364,0.539488
9500,0.475,0.149,0.376,0.474815
10000,0.446,0.145,0.409,0.515186
10500,0.463,0.211,0.326,0.534963
11000,0.471,0.236,0.293,0.524731
11500,0.558,0.140,0.302,0.479223
12000,0.661,0.058,0.281,0.407330
12500,0.574,0.140,0.285,0.489715
13000,0.471,0.161,0.368,0.527959
13500,0.545,0.112,0.343,0.469977
14000,0.558,0.087,0.355,0.463270
14500,0.517,0.157,0.326,0.517916
15000,0.488,0.157,0.355,0.506996
15500,0.591,0.132,0.277,0.439916
16000,0.533,0.107,0.360,0.476631
16500,0.624,0.087,0.289,0.425089
17000,0.711,0.054,0.236,0.363744
17500,0.740,0.029,0.231,0.330648
18000,0.822,0.029,0.149,0.248450
18500,0.843,0.008,0.149,0.221614
19000,0.847,0.017,0.136,0.234979
19500,0.793,0.033,0.174,0.285580
20000,0.860,0.012,0.128,0.183624
20500,0.913,0.021,0.066,0.117347
21000,0.851,0.000,0.149,0.200782
21500,0.888,0.004,0.107,0.147829
22000,0.913,0.004,0.083,0.117700
22500,0.971,0.000,0.029,0.039706
23000,0.992,0.000,0.008,0.010562
23500,1.000,0.000,0.000,0.000000
