time,n_A+p,n_B,n_AB,avg_entropy_simp
500,0.041,0.938,0.021,0.096713
1000,0.037,0.884,0.079,0.200338
1500,0.062,0.802,0.136,0.317915
2000,0.058,0.798,0.145,0.285930
2500,0.112,0.607,0.281,0.468444
3000,0.095,0.632,0.273,0.443694
3500,0.070,0.748,0.182,0.306938
4000,0.074,0.756,0.169,0.285957
4500,0.070,0.707,0.223,0.372319
5000,0.062,0.723,0.215,0.358354
5500,0.161,0.525,0.314,0.519009
6000,0.202,0.467,0.331,0.536020
6500,0.198,0.521,0.281,0.501890
7000,0.182,0.521,0.298,0.513901
7500,0.202,0.533,0.264,0.508805
8000,0.256,0.446,0.298,0.531257
8500,0.273,0.421,0.306,0.553890
9000,0.293,0.310,0.397,0.544781
9500,0.376,0.310,0.314,0.566901
10000,0.248,0.450,0.302,0.543549
10500,0.273,0.355,0.372,0.551526
11000,0.372,0.252,0.376,0.562389
11500,0.322,0.347,0.331,0.546585
12000,0.318,0.310,0.372,0.543998
12500,0.393,0.207,0.401,0.547473
13000,0.405,0.269,0.326,0.553678
13500,0.376,0.211,0.413,0.545564
14000,0.483,0.186,0.331,0.535648
14500,0.438,0.240,0.322,0.545771
15000,0.603,0.124,0.273,0.437940
15500,0.554,0.103,0.343,0.471874
16000,0.636,0.066,0.298,0.419123
16500,0.707,0.099,0.194,0.362207
17000,0.764,0.054,0.182,0.312680
17500,0.822,0.037,0.140,0.252135
18000,0.884,0.021,0.095,0.144896
18500,0.860,0.000,0.140,0.172918
19000,0.905,0.025,0.070,0.136107
19500,0.897,0.012,0.091,0.156376
20000,0.955,0.004,0.041,0.063889
20500,0.983,0.000,0.017,0.015229
21000,0.988,0.000,0.012,0.009337
21500,0.979,0.000,0.021,0.024606
22000,0.938,0.017,0.045,0.083868
22500,0.913,0.017,0.070,0.138683
23000,0.955,0.004,0.041,0.061761
23500,0.955,0.000,0.045,0.062490
24000,0.988,0.000,0.012,0.011537
24500,0.967,0.000,0.033,0.055094
25000,0.979,0.000,0.021,0.035495
25500,0.996,0.000,0.004,0.003834
26000,1.000,0.000,0.000,0.000000
