time,n_A+p,n_B,n_AB,avg_entropy_simp
500,0.041,0.884,0.074,0.194631
1000,0.029,0.855,0.116,0.224033
1500,0.037,0.822,0.140,0.263067
2000,0.050,0.802,0.149,0.277102
2500,0.058,0.756,0.186,0.314848
3000,0.074,0.715,0.211,0.357859
3500,0.083,0.702,0.215,0.375513
4000,0.070,0.669,0.260,0.393984
4500,0.103,0.612,0.285,0.455709
5000,0.128,0.558,0.314,0.489873
5500,0.095,0.566,0.339,0.478425
6000,0.095,0.533,0.372,0.477202
6500,0.091,0.628,0.281,0.449258
7000,0.124,0.612,0.264,0.470275
7500,0.107,0.657,0.236,0.417613
8000,0.095,0.653,0.252,0.404442
8500,0.149,0.479,0.372,0.509402
9000,0.124,0.541,0.335,0.473024
9500,0.190,0.545,0.264,0.491680
10000,0.215,0.413,0.372,0.545617
10500,0.339,0.289,0.372,0.572746
11000,0.355,0.244,0.401,0.533385
11500,0.376,0.202,0.421,0.524109
12000,0.438,0.153,0.409,0.508229
12500,0.372,0.248,0.380,0.535964
13000,0.434,0.165,0.401,0.500583
13500,0.438,0.194,0.368,0.507168
14000,0.438,0.194,0.368,0.522551
14500,0.475,0.161,0.364,0.504798
15000,0.537,0.058,0.405,0.441152
15500,0.624,0.087,0.289,0.431584
16000,0.620,0.045,0.335,0.405086
16500,0.756,0.037,0.207,0.276180
17000,0.764,0.025,0.211,0.307999
17500,0.818,0.045,0.136,0.265071
18000,0.756,0.041,0.202,0.335869
18500,0.835,0.008,0.157,0.225894
19000,0.913,0.004,0.083,0.131179
19500,0.855,0.008,0.136,0.210257
20000,0.893,0.004,0.103,0.161270
20500,0.839,0.021,0.140,0.232532
21000,0.851,0.000,0.149,0.196237
21500,0.930,0.000,0.070,0.087662
22000,0.921,0.004,0.074,0.105957
22500,0.921,0.004,0.074,0.108363
23000,0.942,0.000,0.058,0.093597
23500,0.959,0.000,0.041,0.049391
24000,0.934,0.000,0.066,0.071298
24500,0.942,0.012,0.045,0.060024
25000,0.975,0.000,0.025,0.032403
25500,0.988,0.000,0.012,0.015912
26000,0.988,0.000,0.012,0.012447
26500,1.000,0.000,0.000,0.000000
