time,n_A+p,n_B,n_AB,avg_entropy_simp
500,0.033,0.872,0.095,0.204846
1000,0.070,0.839,0.091,0.255953
1500,0.033,0.893,0.074,0.163924
2000,0.054,0.868,0.079,0.222700
2500,0.050,0.905,0.045,0.161694
3000,0.045,0.930,0.025,0.115941
3500,0.054,0.851,0.095,0.234330
4000,0.033,0.905,0.062,0.144528
4500,0.037,0.847,0.116,0.231116
5000,0.045,0.860,0.095,0.219738
5500,0.050,0.826,0.124,0.256388
6000,0.037,0.888,0.074,0.154496
6500,0.041,0.905,0.054,0.153681
7000,0.029,0.901,0.070,0.143876
7500,0.066,0.872,0.062,0.176154
8000,0.066,0.851,0.083,0.220677
8500,0.062,0.814,0.124,0.255896
9000,0.070,0.773,0.157,0.315518
9500,0.079,0.793,0.128,0.296867
10000,0.054,0.835,0.112,0.237800
10500,0.033,0.843,0.124,0.235781
11000,0.041,0.855,0.103,0.209132
11500,0.041,0.855,0.103,0.224474
12000,0.029,0.913,0.058,0.117834
12500,0.037,0.955,0.008,0.085104
13000,0.037,0.917,0.045,0.129279
13500,0.033,0.901,0.066,0.163970
14000,0.050,0.876,0.074,0.198167
14500,0.066,0.826,0.107,0.274886
15000,0.058,0.806,0.136,0.279151
15500,0.062,0.814,0.124,0.280398
16000,0.070,0.835,0.095,0.208821
16500,0.074,0.818,0.107,0.255551
17000,0.095,0.818,0.087,0.260674
17500,0.087,0.727,0.186,0.374103
18000,0.099,0.793,0.107,0.270583
18500,0.070,0.810,0.120,0.265226
19000,0.062,0.810,0.128,0.267732
19500,0.087,0.822,0.091,0.268630
20000,0.070,0.806,0.124,0.266788
20500,0.054,0.826,0.120,0.218940
21000,0.087,0.744,0.169,0.335021
21500,0.066,0.760,0.174,0.310643
22000,0.070,0.822,0.107,0.245715
22500,0.074,0.835,0.091,0.238825
23000,0.157,0.731,0.112,0.334537
23500,0.099,0.785,0.116,0.305708
24000,0.095,0.764,0.140,0.319443
24500,0.140,0.690,0.169,0.389654
25000,0.157,0.616,0.227,0.451478
25500,0.116,0.632,0.252,0.425250
26000,0.215,0.579,0.207,0.472514
26500,0.215,0.554,0.231,0.469970
27000,0.198,0.632,0.169,0.446055
27500,0.174,0.595,0.231,0.456272
28000,0.248,0.488,0.264,0.519671
28500,0.231,0.508,0.260,0.518379
29000,0.269,0.492,0.240,0.520759
29500,0.326,0.388,0.285,0.559820
30000,0.475,0.298,0.227,0.503625
30500,0.512,0.244,0.244,0.491667
31000,0.587,0.198,0.215,0.467737
31500,0.595,0.244,0.161,0.471868
32000,0.694,0.178,0.128,0.394215
32500,0.715,0.099,0.186,0.372910
33000,0.756,0.050,0.194,0.314020
33500,0.893,0.017,0.091,0.144312
34000,0.971,0.000,0.029,0.050864
34500,0.971,0.008,0.021,0.049291
35000,0.996,0.004,-0.000,0.002714
35500,0.983,0.004,0.012,0.023118
36000,0.988,0.004,0.008,0.008650
36500,0.975,0.000,0.025,0.040548
37000,0.992,0.000,0.008,0.011182
37500,1.000,0.000,0.000,0.000000
