time,n_A+p,n_B,n_AB,avg_entropy_simp
500,0.029,0.909,0.062,0.165427
1000,0.045,0.860,0.095,0.228820
1500,0.070,0.839,0.091,0.270152
2000,0.050,0.831,0.120,0.261738
2500,0.149,0.702,0.149,0.353674
3000,0.178,0.624,0.198,0.433019
3500,0.236,0.517,0.248,0.530389
4000,0.475,0.306,0.219,0.480676
4500,0.579,0.223,0.198,0.436253
5000,0.541,0.236,0.223,0.484936
5500,0.616,0.124,0.260,0.433632
6000,0.698,0.112,0.190,0.367317
6500,0.715,0.112,0.174,0.390232
7000,0.723,0.083,0.194,0.365531
7500,0.810,0.099,0.091,0.247501
8000,0.926,0.021,0.054,0.075981
8500,0.967,0.017,0.017,0.037143
9000,0.917,0.004,0.079,0.120059
9500,0.938,0.000,0.062,0.086079
10000,0.992,0.000,0.008,0.005431
10500,0.992,0.000,0.008,0.005431
11000,1.000,0.000,0.000,0.000000
