time,n_A+p,n_B,n_AB,avg_entropy_simp
500,0.041,0.847,0.112,0.236588
1000,0.050,0.810,0.140,0.260697
1500,0.074,0.723,0.202,0.362060
2000,0.066,0.690,0.244,0.395920
2500,0.165,0.504,0.331,0.524766
3000,0.128,0.603,0.269,0.471969
3500,0.165,0.492,0.343,0.524332
4000,0.165,0.479,0.355,0.521993
4500,0.264,0.426,0.310,0.533909
5000,0.302,0.326,0.372,0.548126
5500,0.409,0.215,0.376,0.527965
6000,0.517,0.140,0.343,0.473682
6500,0.574,0.145,0.281,0.459506
7000,0.537,0.107,0.355,0.473741
7500,0.570,0.124,0.306,0.458840
8000,0.657,0.041,0.302,0.403295
8500,0.802,0.041,0.157,0.265574
9000,0.798,0.025,0.178,0.266432
9500,0.855,0.012,0.132,0.181897
10000,0.876,0.008,0.116,0.188251
10500,0.876,0.008,0.116,0.200596
11000,0.938,0.000,0.062,0.080943
11500,0.971,0.000,0.029,0.043603
12000,0.872,0.000,0.128,0.176772
12500,0.864,0.017,0.120,0.206449
13000,0.905,0.000,0.095,0.123508
13500,0.926,0.008,0.066,0.087678
14000,0.955,0.004,0.041,0.054512
14500,0.988,0.004,0.008,0.008592
15000,0.996,0.004,-0.000,0.001810
15500,0.996,0.000,0.004,0.001810
16000,1.000,0.000,0.000,0.000000
