time,n_A+p,n_B,n_AB,avg_entropy_simp
500,0.037,0.893,0.070,0.161876
1000,0.054,0.839,0.107,0.219619
1500,0.079,0.744,0.178,0.339905
2000,0.066,0.826,0.107,0.254868
2500,0.066,0.843,0.091,0.216820
3000,0.116,0.719,0.165,0.364023
3500,0.140,0.595,0.264,0.477721
4000,0.157,0.603,0.240,0.480256
4500,0.174,0.558,0.269,0.487487
5000,0.186,0.566,0.248,0.493077
5500,0.182,0.628,0.190,0.445704
6000,0.153,0.583,0.264,0.438959
6500,0.107,0.632,0.260,0.411210
7000,0.087,0.719,0.194,0.360049
7500,0.128,0.748,0.124,0.324731
8000,0.116,0.698,0.186,0.375349
8500,0.083,0.707,0.211,0.374193
9000,0.260,0.496,0.244,0.507226
9500,0.240,0.496,0.264,0.537674
10000,0.318,0.393,0.289,0.560058
10500,0.335,0.376,0.289,0.562191
11000,0.285,0.450,0.264,0.561217
11500,0.273,0.479,0.248,0.516376
12000,0.277,0.459,0.264,0.535981
12500,0.384,0.310,0.306,0.562364
13000,0.438,0.293,0.269,0.520654
13500,0.388,0.298,0.314,0.548881
14000,0.508,0.198,0.293,0.494232
14500,0.711,0.128,0.161,0.360079
15000,0.785,0.050,0.165,0.278152
15500,0.789,0.050,0.161,0.278810
16000,0.810,0.050,0.140,0.260562
16500,0.934,0.008,0.058,0.089163
17000,0.975,0.004,0.021,0.028689
17500,0.971,0.004,0.025,0.033409
18000,0.983,0.004,0.012,0.020733
18500,1.000,0.000,0.000,0.000000
