time,n_A+p,n_B,n_AB,avg_entropy_simp
500,0.066,0.802,0.132,0.281467
1000,0.107,0.690,0.202,0.405752
1500,0.070,0.744,0.186,0.319147
2000,0.079,0.748,0.174,0.320870
2500,0.074,0.736,0.190,0.338191
3000,0.079,0.719,0.202,0.354440
3500,0.095,0.686,0.219,0.399641
4000,0.099,0.669,0.231,0.404999
4500,0.136,0.570,0.293,0.468282
5000,0.149,0.500,0.351,0.515314
5500,0.161,0.475,0.364,0.531139
6000,0.202,0.380,0.417,0.537939
6500,0.219,0.434,0.347,0.548235
7000,0.186,0.446,0.368,0.525728
7500,0.194,0.384,0.421,0.529594
8000,0.269,0.384,0.347,0.565123
8500,0.289,0.343,0.368,0.567040
9000,0.331,0.273,0.397,0.541204
9500,0.368,0.256,0.376,0.543402
10000,0.351,0.318,0.331,0.532259
10500,0.463,0.169,0.368,0.508732
11000,0.628,0.058,0.314,0.419549
11500,0.640,0.116,0.244,0.438192
12000,0.591,0.149,0.260,0.466016
12500,0.773,0.033,0.194,0.293081
13000,0.769,0.033,0.198,0.291379
13500,0.748,0.025,0.227,0.317820
14000,0.760,0.008,0.231,0.314018
14500,0.860,0.004,0.136,0.199634
15000,0.917,0.004,0.079,0.115715
15500,0.967,0.000,0.033,0.053795
16000,0.967,0.000,0.033,0.044121
16500,0.979,0.000,0.021,0.027714
17000,0.996,0.000,0.004,0.001805
17500,0.996,0.000,0.004,0.001805
18000,0.996,0.000,0.004,0.001805
18500,0.992,0.000,0.008,0.008471
19000,0.996,0.000,0.004,0.001805
19500,0.996,0.000,0.004,0.001805
20000,0.996,0.000,0.004,0.001805
20500,0.996,0.000,0.004,0.001805
21000,0.996,0.000,0.004,0.001805
21500,1.000,0.000,0.000,0.000000
