time,n_A+p,n_B,n_AB,avg_entropy_simp
500,0.033,0.917,0.050,0.130018
1000,0.029,0.860,0.112,0.208290
1500,0.054,0.789,0.157,0.283283
2000,0.033,0.731,0.236,0.329095
2500,0.029,0.826,0.145,0.200679
3000,0.033,0.810,0.157,0.247006
3500,0.029,0.777,0.194,0.279058
4000,0.041,0.769,0.190,0.312707
4500,0.033,0.789,0.178,0.268184
5000,0.045,0.669,0.285,0.391055
5500,0.062,0.715,0.223,0.361185
6000,0.083,0.620,0.298,0.422651
6500,0.070,0.702,0.227,0.334938
7000,0.066,0.640,0.293,0.386810
7500,0.066,0.686,0.248,0.368389
8000,0.062,0.603,0.335,0.424374
8500,0.045,0.727,0.227,0.320212
9000,0.054,0.657,0.289,0.381847
9500,0.095,0.541,0.364,0.455807
10000,0.132,0.483,0.384,0.496772
10500,0.128,0.442,0.430,0.514403
11000,0.128,0.434,0.438,0.495479
11500,0.211,0.310,0.479,0.517063
12000,0.269,0.285,0.446,0.546329
12500,0.223,0.302,0.475,0.521073
13000,0.236,0.322,0.442,0.541916
13500,0.326,0.182,0.492,0.503590
14000,0.339,0.186,0.475,0.521428
14500,0.384,0.145,0.471,0.510557
15000,0.508,0.079,0.413,0.476289
15500,0.591,0.054,0.355,0.443467
16000,0.587,0.066,0.347,0.429106
16500,0.698,0.037,0.264,0.339994
17000,0.731,0.021,0.248,0.323587
17500,0.748,0.021,0.231,0.286447
18000,0.756,0.025,0.219,0.295958
18500,0.843,0.008,0.149,0.186590
19000,0.876,0.004,0.120,0.170989
19500,0.818,0.000,0.182,0.228002
20000,0.876,0.008,0.116,0.164908
20500,0.913,0.004,0.083,0.128890
21000,0.930,0.000,0.070,0.086711
21500,0.942,0.000,0.058,0.084726
22000,0.967,0.000,0.033,0.040286
22500,0.971,0.000,0.029,0.028222
23000,0.955,0.000,0.045,0.054607
23500,0.979,0.000,0.021,0.026962
24000,0.967,0.000,0.033,0.048222
24500,0.975,0.000,0.025,0.036602
25000,0.996,0.000,0.004,0.006694
25500,1.000,0.000,0.000,0.000000
