time,n_A+p,n_B,n_AB,avg_entropy_simp
500,0.043,0.920,0.037,0.129073
1000,0.052,0.878,0.070,0.185278
1500,0.031,0.893,0.076,0.160514
2000,0.058,0.832,0.110,0.239445
2500,0.034,0.853,0.113,0.235441
3000,0.046,0.807,0.147,0.275525
3500,0.055,0.783,0.162,0.293004
4000,0.049,0.823,0.128,0.247366
4500,0.073,0.792,0.135,0.298108
5000,0.058,0.755,0.187,0.329301
5500,0.083,0.780,0.138,0.311096
6000,0.086,0.679,0.235,0.393016
6500,0.104,0.728,0.168,0.342548
7000,0.110,0.694,0.196,0.353687
7500,0.104,0.768,0.128,0.304503
8000,0.086,0.777,0.138,0.266545
8500,0.067,0.786,0.147,0.264980
9000,0.086,0.777,0.138,0.284677
9500,0.052,0.807,0.141,0.248077
10000,0.073,0.807,0.119,0.249022
10500,0.089,0.737,0.174,0.328372
11000,0.058,0.774,0.168,0.283929
11500,0.061,0.786,0.153,0.276721
12000,0.067,0.798,0.135,0.256347
12500,0.083,0.749,0.168,0.312132
13000,0.080,0.743,0.177,0.324498
13500,0.104,0.700,0.196,0.355817
14000,0.144,0.642,0.214,0.387363
14500,0.122,0.670,0.208,0.363336
15000,0.119,0.587,0.294,0.436263
15500,0.187,0.541,0.272,0.466660
16000,0.180,0.575,0.245,0.450996
16500,0.226,0.502,0.272,0.476827
17000,0.254,0.471,0.275,0.471283
17500,0.190,0.587,0.223,0.434297
18000,0.162,0.602,0.235,0.445252
18500,0.147,0.648,0.205,0.400244
19000,0.113,0.633,0.254,0.410908
19500,0.122,0.615,0.263,0.440680
20000,0.150,0.569,0.281,0.458344
20500,0.162,0.624,0.214,0.422671
21000,0.220,0.471,0.309,0.495438
21500,0.281,0.391,0.327,0.512063
22000,0.382,0.315,0.303,0.499268
22500,0.483,0.217,0.300,0.442344
23000,0.498,0.239,0.263,0.428649
23500,0.453,0.245,0.303,0.480505
24000,0.446,0.248,0.306,0.482141
24500,0.486,0.248,0.266,0.491516
25000,0.489,0.211,0.300,0.478218
25500,0.587,0.156,0.257,0.432633
26000,0.651,0.165,0.183,0.366177
26500,0.713,0.119,0.168,0.297399
27000,0.765,0.092,0.144,0.254372
27500,0.810,0.064,0.125,0.190870
28000,0.844,0.043,0.113,0.161541
28500,0.844,0.031,0.125,0.185312
29000,0.908,0.009,0.083,0.125277
29500,0.939,0.003,0.058,0.081013
30000,0.948,0.012,0.040,0.074684
30500,0.969,0.003,0.028,0.033628
31000,0.976,0.003,0.021,0.037675
31500,0.982,0.003,0.015,0.025910
32000,0.994,0.000,0.006,0.003437
32500,0.991,0.000,0.009,0.007632
33000,1.000,0.000,0.000,0.000000
