time,n_A+p,n_B,n_AB,avg_entropy_simp
500,0.028,0.917,0.055,0.141433
1000,0.034,0.881,0.086,0.179287
1500,0.052,0.872,0.076,0.185653
2000,0.089,0.786,0.125,0.256176
2500,0.101,0.752,0.147,0.320432
3000,0.128,0.740,0.131,0.279913
3500,0.156,0.633,0.211,0.368695
4000,0.187,0.636,0.177,0.386853
4500,0.232,0.517,0.251,0.457096
5000,0.223,0.541,0.235,0.432220
5500,0.287,0.511,0.202,0.453181
6000,0.330,0.425,0.245,0.467664
6500,0.343,0.367,0.291,0.489303
7000,0.294,0.459,0.248,0.454230
7500,0.327,0.416,0.257,0.450722
8000,0.272,0.425,0.303,0.479728
8500,0.318,0.434,0.248,0.442027
9000,0.382,0.373,0.245,0.423861
9500,0.361,0.361,0.278,0.463033
10000,0.364,0.379,0.257,0.450403
10500,0.343,0.382,0.275,0.487676
11000,0.333,0.367,0.300,0.513315
11500,0.364,0.346,0.291,0.475792
12000,0.471,0.266,0.263,0.446455
12500,0.502,0.235,0.263,0.410152
13000,0.532,0.208,0.260,0.386300
13500,0.566,0.208,0.226,0.377118
14000,0.636,0.131,0.232,0.358514
14500,0.740,0.073,0.187,0.277306
15000,0.786,0.067,0.147,0.230051
15500,0.820,0.061,0.119,0.204851
16000,0.862,0.021,0.116,0.161575
16500,0.914,0.018,0.067,0.104596
17000,0.966,0.009,0.024,0.029534
17500,0.963,0.012,0.024,0.033167
18000,0.960,0.006,0.034,0.051888
18500,0.972,0.006,0.021,0.026366
19000,0.991,0.003,0.006,0.006334
19500,0.988,0.003,0.009,0.011489
20000,0.997,0.000,0.003,0.002555
20500,1.000,0.000,0.000,0.000000
