time,n_A+p,n_B,n_AB,avg_entropy_simp
500,0.031,0.878,0.092,0.162180
1000,0.049,0.902,0.049,0.120805
1500,0.043,0.890,0.067,0.134868
2000,0.052,0.884,0.064,0.144218
2500,0.046,0.893,0.061,0.125564
3000,0.076,0.835,0.089,0.218241
3500,0.089,0.792,0.119,0.233409
4000,0.110,0.768,0.122,0.255646
4500,0.116,0.743,0.141,0.287321
5000,0.083,0.734,0.183,0.291504
5500,0.070,0.807,0.122,0.212702
6000,0.070,0.823,0.107,0.193874
6500,0.055,0.829,0.116,0.207473
7000,0.064,0.810,0.125,0.242816
7500,0.049,0.829,0.122,0.209729
8000,0.076,0.758,0.165,0.291839
8500,0.083,0.746,0.171,0.315268
9000,0.113,0.713,0.174,0.348295
9500,0.110,0.636,0.254,0.391498
10000,0.135,0.654,0.211,0.360621
10500,0.171,0.661,0.168,0.382104
11000,0.156,0.563,0.281,0.447357
11500,0.205,0.587,0.208,0.442244
12000,0.211,0.535,0.254,0.466402
12500,0.263,0.492,0.245,0.482715
13000,0.284,0.508,0.208,0.425371
13500,0.385,0.352,0.263,0.473784
14000,0.459,0.287,0.254,0.479486
14500,0.425,0.343,0.232,0.474087
15000,0.523,0.254,0.223,0.437338
15500,0.523,0.263,0.214,0.442462
16000,0.532,0.226,0.242,0.420030
16500,0.630,0.147,0.223,0.369400
17000,0.633,0.187,0.180,0.346412
17500,0.657,0.144,0.199,0.344034
18000,0.670,0.141,0.190,0.368398
18500,0.618,0.153,0.229,0.386138
19000,0.749,0.058,0.193,0.290231
19500,0.798,0.034,0.168,0.228016
20000,0.902,0.021,0.076,0.121713
20500,0.933,0.012,0.055,0.082435
21000,0.954,0.006,0.040,0.053349
21500,0.985,0.003,0.012,0.008802
22000,0.988,0.003,0.009,0.006603
22500,0.991,0.003,0.006,0.002543
23000,0.994,0.003,0.003,0.000998
23500,0.994,0.003,0.003,0.000998
24000,0.994,0.003,0.003,0.000998
24500,0.997,0.003,0.000,0.000285
25000,0.997,0.003,0.000,0.000285
25500,0.997,0.003,0.000,0.000285
26000,0.997,0.003,0.000,0.000285
26500,0.997,0.000,0.003,0.000285
27000,0.997,0.000,0.003,0.000285
27500,0.997,0.000,0.003,0.000285
28000,0.997,0.000,0.003,0.000285
28500,0.997,0.000,0.003,0.000285
29000,0.997,0.000,0.003,0.000285
29500,0.997,0.000,0.003,0.000285
30000,0.997,0.000,0.003,0.000285
30500,0.997,0.000,0.003,0.000285
31000,0.997,0.000,0.003,0.000285
31500,0.997,0.000,0.003,0.000285
32000,0.997,0.000,0.003,0.000285
32500,0.997,0.000,0.003,0.000285
33000,0.997,0.000,0.003,0.000285
33500,0.997,0.000,0.003,0.000285
34000,0.997,0.000,0.003,0.000285
34500,0.997,0.000,0.003,0.000285
35000,1.000,0.000,0.000,0.000000
