time,n_A+p,n_B,n_AB,avg_entropy_simp
500,0.033,0.926,0.041,0.110485
1000,0.029,0.930,0.041,0.093606
1500,0.033,0.884,0.083,0.154685
2000,0.033,0.864,0.103,0.191437
2500,0.070,0.690,0.240,0.374894
3000,0.112,0.657,0.231,0.404418
3500,0.107,0.632,0.260,0.426058
4000,0.128,0.607,0.264,0.419249
4500,0.070,0.624,0.306,0.397655
5000,0.074,0.665,0.260,0.383579
5500,0.103,0.661,0.236,0.421688
6000,0.120,0.583,0.298,0.476002
6500,0.186,0.450,0.364,0.522097
7000,0.227,0.372,0.401,0.537085
7500,0.169,0.467,0.364,0.521637
8000,0.277,0.430,0.293,0.523630
8500,0.165,0.591,0.244,0.464665
9000,0.099,0.624,0.277,0.431473
9500,0.074,0.665,0.260,0.393961
10000,0.099,0.550,0.351,0.474987
10500,0.070,0.616,0.314,0.431400
11000,0.103,0.562,0.335,0.461325
11500,0.236,0.421,0.343,0.558815
12000,0.260,0.405,0.335,0.556488
12500,0.264,0.343,0.393,0.562534
13000,0.343,0.318,0.339,0.572193
13500,0.335,0.360,0.306,0.563336
14000,0.459,0.211,0.331,0.529317
14500,0.450,0.227,0.322,0.538578
15000,0.463,0.227,0.310,0.541293
15500,0.483,0.186,0.331,0.528421
16000,0.521,0.128,0.351,0.487148
16500,0.645,0.083,0.273,0.353253
17000,0.727,0.037,0.236,0.296313
17500,0.669,0.070,0.260,0.365092
18000,0.789,0.029,0.182,0.258445
18500,0.781,0.021,0.198,0.257156
19000,0.860,0.012,0.128,0.176880
19500,0.921,0.000,0.079,0.088618
20000,0.983,0.000,0.017,0.016132
20500,0.971,0.000,0.029,0.028149
21000,0.988,0.000,0.012,0.012110
21500,0.992,0.000,0.008,0.006056
22000,1.000,0.000,0.000,0.000000
