time,n_A+p,n_B,n_AB,avg_entropy_simp
500,0.041,0.868,0.091,0.213480
1000,0.050,0.764,0.186,0.353764
1500,0.087,0.661,0.252,0.442610
2000,0.157,0.521,0.322,0.516131
2500,0.260,0.421,0.318,0.555838
3000,0.302,0.393,0.306,0.558640
3500,0.240,0.483,0.277,0.542796
4000,0.240,0.450,0.310,0.542264
4500,0.252,0.434,0.314,0.548447
5000,0.223,0.471,0.306,0.550276
5500,0.306,0.368,0.326,0.556095
6000,0.244,0.376,0.380,0.541858
6500,0.240,0.479,0.281,0.540957
7000,0.252,0.455,0.293,0.546720
7500,0.132,0.574,0.293,0.456712
8000,0.120,0.694,0.186,0.357967
8500,0.107,0.674,0.219,0.386133
9000,0.132,0.653,0.215,0.412336
9500,0.116,0.628,0.256,0.397541
10000,0.215,0.504,0.281,0.490683
10500,0.165,0.517,0.318,0.485548
11000,0.178,0.504,0.318,0.497615
11500,0.124,0.640,0.236,0.392106
12000,0.194,0.517,0.289,0.501960
12500,0.326,0.393,0.281,0.543615
13000,0.384,0.260,0.355,0.531044
13500,0.512,0.194,0.293,0.485259
14000,0.554,0.174,0.273,0.479487
14500,0.591,0.190,0.219,0.446231
15000,0.599,0.157,0.244,0.471256
15500,0.669,0.116,0.215,0.354640
16000,0.715,0.083,0.202,0.321671
16500,0.694,0.099,0.207,0.378663
17000,0.723,0.112,0.165,0.312379
17500,0.674,0.112,0.215,0.396268
18000,0.727,0.050,0.223,0.316016
18500,0.781,0.033,0.186,0.269062
19000,0.773,0.054,0.174,0.281740
19500,0.876,0.008,0.116,0.146427
20000,0.909,0.004,0.087,0.127030
20500,0.963,0.000,0.037,0.052262
21000,0.988,0.000,0.012,0.008101
21500,0.996,0.000,0.004,0.003105
22000,1.000,0.000,0.000,0.000000
