time,n_A+p,n_B,n_AB,avg_entropy_simp
500,0.054,0.917,0.029,0.144193
1000,0.058,0.781,0.161,0.321749
1500,0.070,0.744,0.186,0.356570
2000,0.099,0.723,0.178,0.356838
2500,0.091,0.723,0.186,0.359543
3000,0.116,0.715,0.169,0.381395
3500,0.079,0.789,0.132,0.288269
4000,0.058,0.822,0.120,0.263982
4500,0.050,0.839,0.112,0.245420
5000,0.037,0.822,0.140,0.274313
5500,0.058,0.847,0.095,0.211827
6000,0.050,0.835,0.116,0.220726
6500,0.062,0.802,0.136,0.259860
7000,0.087,0.760,0.153,0.351180
7500,0.099,0.740,0.161,0.360639
8000,0.054,0.789,0.157,0.283004
8500,0.037,0.839,0.124,0.212356
9000,0.029,0.839,0.132,0.252920
9500,0.062,0.798,0.140,0.307268
10000,0.033,0.843,0.124,0.253854
10500,0.037,0.826,0.136,0.262355
11000,0.041,0.876,0.083,0.186297
11500,0.037,0.913,0.050,0.116735
12000,0.054,0.855,0.091,0.231839
12500,0.045,0.802,0.153,0.288730
13000,0.058,0.826,0.116,0.234282
13500,0.070,0.764,0.165,0.320902
14000,0.037,0.839,0.124,0.235421
14500,0.041,0.855,0.103,0.211429
15000,0.054,0.855,0.091,0.223963
15500,0.074,0.793,0.132,0.315638
16000,0.095,0.777,0.128,0.316641
16500,0.058,0.740,0.202,0.334536
17000,0.083,0.694,0.223,0.402188
17500,0.099,0.640,0.260,0.407260
18000,0.153,0.632,0.215,0.433502
18500,0.190,0.574,0.236,0.489767
19000,0.165,0.624,0.211,0.470697
19500,0.240,0.459,0.302,0.548741
20000,0.207,0.463,0.331,0.528059
20500,0.161,0.566,0.273,0.480942
21000,0.182,0.554,0.264,0.487408
21500,0.140,0.587,0.273,0.446700
22000,0.136,0.657,0.207,0.407578
22500,0.169,0.645,0.186,0.424378
23000,0.140,0.665,0.194,0.397789
23500,0.149,0.636,0.215,0.442921
24000,0.099,0.707,0.194,0.356471
24500,0.079,0.723,0.198,0.377975
25000,0.091,0.690,0.219,0.394128
25500,0.157,0.591,0.252,0.479113
26000,0.083,0.711,0.207,0.335156
26500,0.087,0.707,0.207,0.362739
27000,0.169,0.550,0.281,0.503362
27500,0.099,0.665,0.236,0.407394
28000,0.120,0.554,0.326,0.482075
28500,0.103,0.736,0.161,0.358724
29000,0.116,0.661,0.223,0.413785
29500,0.194,0.607,0.198,0.462488
30000,0.116,0.587,0.298,0.455827
30500,0.207,0.525,0.269,0.523096
31000,0.326,0.372,0.302,0.543478
31500,0.496,0.202,0.302,0.483529
32000,0.562,0.174,0.264,0.454125
32500,0.674,0.103,0.223,0.397746
33000,0.748,0.058,0.194,0.317098
33500,0.822,0.041,0.136,0.231290
34000,0.884,0.012,0.103,0.135981
34500,0.934,0.012,0.054,0.070154
35000,0.979,0.000,0.021,0.016561
35500,0.992,0.000,0.008,0.004223
36000,0.992,0.000,0.008,0.004223
36500,0.996,0.000,0.004,0.002418
37000,1.000,0.000,0.000,0.000000
