time,n_A+p,n_B,n_AB,avg_entropy_simp
500,0.029,0.897,0.074,0.190757
1000,0.037,0.744,0.219,0.348024
1500,0.033,0.806,0.161,0.293701
2000,0.050,0.752,0.198,0.350580
2500,0.050,0.665,0.285,0.408179
3000,0.112,0.628,0.260,0.437107
3500,0.062,0.674,0.264,0.397215
4000,0.091,0.566,0.343,0.479059
4500,0.091,0.640,0.269,0.440970
5000,0.107,0.533,0.360,0.482657
5500,0.116,0.533,0.351,0.494595
6000,0.091,0.533,0.376,0.479093
6500,0.140,0.525,0.335,0.504528
7000,0.107,0.562,0.331,0.491805
7500,0.120,0.517,0.364,0.496825
8000,0.145,0.442,0.413,0.523386
8500,0.227,0.347,0.426,0.548445
9000,0.269,0.256,0.475,0.521877
9500,0.285,0.281,0.434,0.552442
10000,0.285,0.293,0.421,0.555190
10500,0.368,0.256,0.376,0.521248
11000,0.417,0.153,0.430,0.495159
11500,0.426,0.140,0.434,0.516635
12000,0.492,0.045,0.463,0.436310
12500,0.711,0.041,0.248,0.313843
13000,0.831,0.017,0.153,0.195908
13500,0.888,0.000,0.112,0.138767
14000,0.946,0.000,0.054,0.075717
14500,0.946,0.000,0.054,0.065502
15000,0.983,0.000,0.017,0.015396
15500,0.975,0.000,0.025,0.031297
16000,0.988,0.000,0.012,0.016902
16500,1.000,0.000,0.000,0.000000
