time,n_A+p,n_B,n_AB,avg_entropy_simp
500,0.029,0.930,0.041,0.123802
1000,0.029,0.839,0.132,0.260953
1500,0.029,0.826,0.145,0.237777
2000,0.033,0.752,0.215,0.347088
2500,0.062,0.632,0.306,0.412018
3000,0.116,0.554,0.331,0.481258
3500,0.091,0.579,0.331,0.466487
4000,0.079,0.554,0.368,0.473012
4500,0.066,0.587,0.347,0.459912
5000,0.083,0.471,0.446,0.477396
5500,0.087,0.459,0.455,0.477748
6000,0.120,0.459,0.421,0.494524
6500,0.103,0.475,0.421,0.485968
7000,0.136,0.471,0.393,0.509336
7500,0.099,0.492,0.409,0.483349
8000,0.103,0.413,0.483,0.474862
8500,0.145,0.360,0.496,0.499514
9000,0.198,0.306,0.496,0.534688
9500,0.256,0.252,0.492,0.546061
10000,0.211,0.285,0.504,0.530663
10500,0.306,0.240,0.455,0.535387
11000,0.343,0.161,0.496,0.519042
11500,0.421,0.157,0.421,0.511670
12000,0.397,0.182,0.421,0.515730
12500,0.479,0.132,0.388,0.482347
13000,0.645,0.070,0.285,0.383985
13500,0.694,0.041,0.264,0.346677
14000,0.707,0.029,0.264,0.337590
14500,0.731,0.058,0.211,0.340306
15000,0.736,0.054,0.211,0.345643
15500,0.740,0.017,0.244,0.307356
16000,0.698,0.033,0.269,0.382624
16500,0.707,0.025,0.269,0.372249
17000,0.752,0.017,0.231,0.306159
17500,0.785,0.029,0.186,0.306711
18000,0.764,0.004,0.231,0.298564
18500,0.731,0.012,0.256,0.343080
19000,0.789,0.021,0.190,0.290325
19500,0.777,0.008,0.215,0.294602
20000,0.826,0.012,0.161,0.228801
20500,0.921,0.004,0.074,0.091527
21000,0.955,0.000,0.045,0.059663
21500,0.946,0.000,0.054,0.078532
22000,0.975,0.000,0.025,0.019500
22500,0.955,0.004,0.041,0.071188
23000,0.950,0.000,0.050,0.071660
23500,0.979,0.000,0.021,0.035793
24000,0.988,0.000,0.012,0.027166
24500,1.000,0.000,0.000,0.000000
