time,n_A+p,n_B,n_AB,avg_entropy_simp
500,0.033,0.806,0.161,0.300608
1000,0.033,0.777,0.190,0.289057
1500,0.033,0.756,0.211,0.310179
2000,0.033,0.711,0.256,0.362174
2500,0.054,0.665,0.281,0.398905
3000,0.070,0.537,0.393,0.469458
3500,0.062,0.628,0.310,0.428023
4000,0.066,0.574,0.360,0.458513
4500,0.095,0.574,0.331,0.452293
5000,0.136,0.525,0.339,0.514816
5500,0.083,0.504,0.413,0.477963
6000,0.079,0.455,0.467,0.479290
6500,0.128,0.446,0.426,0.499308
7000,0.186,0.409,0.405,0.537136
7500,0.174,0.380,0.446,0.528634
8000,0.314,0.169,0.517,0.510944
8500,0.409,0.169,0.421,0.525451
9000,0.430,0.124,0.446,0.503002
9500,0.426,0.083,0.492,0.473712
10000,0.521,0.079,0.401,0.470434
10500,0.521,0.083,0.397,0.472451
11000,0.669,0.017,0.314,0.372611
11500,0.690,0.012,0.298,0.355943
12000,0.682,0.021,0.298,0.348915
12500,0.756,0.004,0.240,0.299439
13000,0.731,0.012,0.256,0.322931
13500,0.707,0.033,0.260,0.372932
14000,0.798,0.017,0.186,0.283962
14500,0.826,0.000,0.174,0.239482
15000,0.913,0.000,0.087,0.141427
15500,0.905,0.000,0.095,0.155908
16000,0.938,0.000,0.062,0.099631
16500,0.909,0.000,0.091,0.137239
17000,0.926,0.000,0.074,0.093664
17500,0.942,0.000,0.058,0.088277
18000,0.971,0.000,0.029,0.024780
18500,0.950,0.000,0.050,0.069898
19000,0.959,0.000,0.041,0.065984
19500,0.983,0.000,0.017,0.015334
20000,0.992,0.000,0.008,0.005952
20500,0.967,0.000,0.033,0.058745
21000,0.963,0.000,0.037,0.074656
21500,0.934,0.000,0.066,0.111265
22000,0.992,0.000,0.008,0.011558
22500,0.983,0.000,0.017,0.022912
23000,0.988,0.000,0.012,0.018826
23500,1.000,0.000,0.000,0.000000
