time,n_A+p,n_B,n_AB,avg_entropy_simp
500,0.029,0.893,0.079,0.176842
1000,0.037,0.806,0.157,0.255387
1500,0.041,0.831,0.128,0.254695
2000,0.037,0.756,0.207,0.345769
2500,0.058,0.636,0.306,0.429632
3000,0.041,0.686,0.273,0.401012
3500,0.070,0.674,0.256,0.401126
4000,0.091,0.636,0.273,0.439940
4500,0.091,0.624,0.285,0.446814
5000,0.132,0.525,0.343,0.498609
5500,0.120,0.459,0.421,0.499277
6000,0.149,0.388,0.463,0.518591
6500,0.174,0.413,0.413,0.535717
7000,0.227,0.293,0.479,0.528232
7500,0.256,0.269,0.475,0.530335
8000,0.326,0.211,0.463,0.511427
8500,0.376,0.227,0.397,0.528865
9000,0.318,0.169,0.512,0.501797
9500,0.450,0.128,0.421,0.494357
10000,0.504,0.107,0.388,0.504827
10500,0.612,0.045,0.343,0.426377
11000,0.698,0.033,0.269,0.365134
11500,0.731,0.012,0.256,0.308160
12000,0.847,0.004,0.149,0.183247
12500,0.905,0.000,0.095,0.135432
13000,0.913,0.000,0.087,0.106338
13500,0.971,0.000,0.029,0.037567
14000,0.959,0.000,0.041,0.052421
14500,0.930,0.000,0.070,0.098644
15000,0.963,0.000,0.037,0.052349
15500,0.979,0.000,0.021,0.029746
16000,0.983,0.000,0.017,0.027665
16500,0.992,0.000,0.008,0.011332
17000,1.000,0.000,0.000,0.000000
