time,n_A+p,n_B,n_AB,avg_entropy_simp
500,0.029,0.831,0.140,0.274755
1000,0.066,0.748,0.186,0.341197
1500,0.054,0.698,0.248,0.385774
2000,0.037,0.752,0.211,0.318904
2500,0.037,0.756,0.207,0.309773
3000,0.041,0.702,0.256,0.360090
3500,0.033,0.748,0.219,0.308309
4000,0.074,0.674,0.252,0.374030
4500,0.054,0.731,0.215,0.342366
5000,0.062,0.707,0.231,0.364626
5500,0.062,0.690,0.248,0.376363
6000,0.066,0.661,0.273,0.412352
6500,0.054,0.678,0.269,0.388234
7000,0.070,0.653,0.277,0.398628
7500,0.087,0.649,0.264,0.404205
8000,0.074,0.669,0.256,0.379785
8500,0.120,0.574,0.306,0.486710
9000,0.107,0.521,0.372,0.503735
9500,0.128,0.479,0.393,0.491268
10000,0.157,0.479,0.364,0.509478
10500,0.277,0.368,0.355,0.561275
11000,0.202,0.409,0.388,0.541160
11500,0.322,0.326,0.351,0.561602
12000,0.360,0.223,0.417,0.510908
12500,0.364,0.207,0.430,0.515064
13000,0.450,0.169,0.380,0.499716
13500,0.488,0.174,0.339,0.502203
14000,0.607,0.120,0.273,0.400985
14500,0.653,0.058,0.289,0.373383
15000,0.715,0.041,0.244,0.347150
15500,0.760,0.037,0.202,0.307267
16000,0.826,0.008,0.165,0.224885
16500,0.909,0.004,0.087,0.102465
17000,0.934,0.000,0.066,0.084403
17500,0.967,0.000,0.033,0.040701
18000,0.992,0.000,0.008,0.006056
18500,0.983,0.000,0.017,0.025664
19000,1.000,0.000,0.000,0.000000
