time,n_A+p,n_B,n_AB,avg_entropy_simp
500,0.032,0.912,0.055,0.134863
1000,0.037,0.848,0.115,0.218213
1500,0.046,0.728,0.226,0.319163
2000,0.069,0.687,0.244,0.365143
2500,0.046,0.724,0.230,0.328983
3000,0.083,0.668,0.249,0.382014
3500,0.051,0.687,0.263,0.341241
4000,0.101,0.599,0.300,0.414287
4500,0.097,0.613,0.290,0.396991
5000,0.111,0.608,0.281,0.389511
5500,0.115,0.535,0.350,0.431143
6000,0.157,0.452,0.392,0.463406
6500,0.184,0.406,0.410,0.480037
7000,0.235,0.304,0.461,0.477168
7500,0.286,0.300,0.415,0.496574
8000,0.300,0.309,0.392,0.477888
8500,0.364,0.207,0.429,0.456686
9000,0.452,0.194,0.355,0.443466
9500,0.369,0.230,0.401,0.453640
10000,0.359,0.207,0.433,0.450397
10500,0.507,0.138,0.355,0.407718
11000,0.461,0.120,0.419,0.423780
11500,0.456,0.134,0.410,0.446880
12000,0.562,0.078,0.359,0.386886
12500,0.599,0.088,0.313,0.363295
13000,0.581,0.069,0.350,0.358489
13500,0.622,0.111,0.267,0.389528
14000,0.576,0.074,0.350,0.378596
14500,0.691,0.046,0.263,0.298879
15000,0.659,0.037,0.304,0.328631
15500,0.724,0.051,0.226,0.289784
16000,0.668,0.101,0.230,0.344435
16500,0.705,0.041,0.253,0.293953
17000,0.691,0.051,0.258,0.331648
17500,0.691,0.037,0.272,0.323726
18000,0.728,0.009,0.263,0.285544
18500,0.765,0.005,0.230,0.264185
19000,0.820,0.014,0.166,0.204359
19500,0.751,0.014,0.235,0.259111
20000,0.820,0.005,0.175,0.188228
20500,0.880,0.009,0.111,0.126862
21000,0.871,0.005,0.124,0.162292
21500,0.917,0.000,0.083,0.097587
22000,0.968,0.000,0.032,0.014974
22500,0.986,0.000,0.014,0.001856
23000,0.982,0.000,0.018,0.012496
23500,0.991,0.000,0.009,0.000374
24000,0.991,0.000,0.009,0.000374
24500,0.991,0.000,0.009,0.000374
25000,0.991,0.000,0.009,0.000374
25500,0.991,0.000,0.009,0.000374
26000,0.991,0.000,0.009,0.000374
26500,0.991,0.000,0.009,0.000374
27000,0.991,0.000,0.009,0.000374
27500,0.991,0.000,0.009,0.000374
28000,0.991,0.000,0.009,0.000374
28500,0.991,0.000,0.009,0.000374
29000,0.991,0.000,0.009,0.000374
29500,0.991,0.000,0.009,0.000374
30000,0.991,0.000,0.009,0.000374
30500,0.991,0.000,0.009,0.000374
31000,0.995,0.000,0.005,0.000187
31500,0.995,0.000,0.005,0.000187
32000,1.000,0.000,0.000,0.000000
