time,n_A+p,n_B,n_AB,avg_entropy_simp
500,0.028,0.908,0.065,0.148904
1000,0.051,0.848,0.101,0.236253
1500,0.092,0.710,0.198,0.364392
2000,0.088,0.682,0.230,0.367475
2500,0.088,0.631,0.281,0.365126
3000,0.088,0.604,0.309,0.399610
3500,0.157,0.512,0.332,0.459312
4000,0.207,0.396,0.396,0.478743
4500,0.313,0.286,0.401,0.482663
5000,0.429,0.194,0.378,0.458772
5500,0.433,0.138,0.429,0.457316
6000,0.419,0.129,0.452,0.441519
6500,0.618,0.083,0.300,0.343456
7000,0.677,0.028,0.295,0.304885
7500,0.806,0.028,0.166,0.180452
8000,0.848,0.023,0.129,0.161236
8500,0.871,0.018,0.111,0.136131
9000,0.779,0.041,0.180,0.259708
9500,0.839,0.028,0.134,0.171893
10000,0.857,0.005,0.138,0.158821
10500,0.926,0.005,0.069,0.067129
11000,0.940,0.005,0.055,0.048379
11500,0.935,0.005,0.060,0.059828
12000,0.963,0.005,0.032,0.039374
12500,0.977,0.000,0.023,0.010311
13000,0.982,0.000,0.018,0.003915
13500,0.982,0.000,0.018,0.003915
14000,0.982,0.000,0.018,0.003915
14500,0.982,0.000,0.018,0.003915
15000,0.986,0.000,0.014,0.002807
15500,0.986,0.000,0.014,0.002807
16000,0.986,0.000,0.014,0.002807
16500,0.986,0.000,0.014,0.002807
17000,0.986,0.000,0.014,0.002807
17500,0.991,0.000,0.009,0.000374
18000,0.991,0.000,0.009,0.000374
18500,0.991,0.000,0.009,0.000374
19000,0.991,0.000,0.009,0.000374
19500,0.991,0.000,0.009,0.000374
20000,0.991,0.000,0.009,0.000374
20500,0.991,0.000,0.009,0.000374
21000,0.991,0.000,0.009,0.000374
21500,0.991,0.000,0.009,0.000374
22000,0.991,0.000,0.009,0.000374
22500,0.995,0.000,0.005,0.000187
23000,0.995,0.000,0.005,0.000187
23500,0.995,0.000,0.005,0.000187
24000,0.995,0.000,0.005,0.000187
24500,0.995,0.000,0.005,0.000187
25000,0.995,0.000,0.005,0.000187
25500,0.995,0.000,0.005,0.000187
26000,0.995,0.000,0.005,0.000187
26500,0.995,0.000,0.005,0.000187
27000,0.995,0.000,0.005,0.000187
27500,0.995,0.000,0.005,0.000187
28000,0.995,0.000,0.005,0.000187
28500,0.995,0.000,0.005,0.000187
29000,0.995,0.000,0.005,0.000187
29500,0.995,0.000,0.005,0.000187
30000,0.995,0.000,0.005,0.000187
30500,0.995,0.000,0.005,0.000187
31000,0.995,0.000,0.005,0.000187
31500,0.995,0.000,0.005,0.000187
32000,0.995,0.000,0.005,0.000187
32500,0.995,0.000,0.005,0.000187
33000,0.995,0.000,0.005,0.000187
33500,0.995,0.000,0.005,0.000187
34000,1.000,0.000,0.000,0.000000
