time,n_A+p,n_B,n_AB,avg_entropy_simp
500,0.028,0.922,0.051,0.117321
1000,0.032,0.917,0.051,0.124668
1500,0.028,0.866,0.106,0.188980
2000,0.032,0.862,0.106,0.186111
2500,0.046,0.816,0.138,0.226344
3000,0.041,0.843,0.115,0.193307
3500,0.046,0.705,0.249,0.336729
4000,0.069,0.673,0.258,0.352644
4500,0.069,0.664,0.267,0.358815
5000,0.143,0.562,0.295,0.439742
5500,0.157,0.507,0.336,0.461326
6000,0.157,0.512,0.332,0.450683
6500,0.235,0.396,0.369,0.497756
7000,0.240,0.392,0.369,0.490330
7500,0.253,0.341,0.406,0.488734
8000,0.194,0.373,0.433,0.470435
8500,0.212,0.419,0.369,0.479830
9000,0.194,0.452,0.355,0.460824
9500,0.143,0.452,0.406,0.434253
10000,0.180,0.433,0.387,0.469501
10500,0.258,0.309,0.433,0.484762
11000,0.318,0.281,0.401,0.470265
11500,0.387,0.244,0.369,0.487307
12000,0.521,0.171,0.309,0.434475
12500,0.618,0.092,0.290,0.382545
13000,0.737,0.078,0.184,0.271086
13500,0.802,0.023,0.175,0.221531
14000,0.825,0.018,0.157,0.208808
14500,0.853,0.032,0.115,0.178896
15000,0.931,0.005,0.065,0.076002
15500,0.949,0.005,0.046,0.057784
16000,0.922,0.014,0.065,0.094860
16500,0.945,0.009,0.046,0.061183
17000,0.977,0.005,0.018,0.023406
17500,0.991,0.005,0.005,0.000374
18000,0.991,0.005,0.005,0.000374
18500,0.991,0.005,0.005,0.000374
19000,0.991,0.000,0.009,0.000374
19500,0.986,0.000,0.014,0.006087
20000,0.995,0.000,0.005,0.000187
20500,0.995,0.000,0.005,0.000187
21000,0.995,0.000,0.005,0.000187
21500,0.995,0.000,0.005,0.000187
22000,0.995,0.000,0.005,0.000187
22500,0.995,0.000,0.005,0.000187
23000,0.995,0.000,0.005,0.000187
23500,0.995,0.000,0.005,0.000187
24000,0.995,0.000,0.005,0.000187
24500,0.995,0.000,0.005,0.000187
25000,0.995,0.000,0.005,0.000187
25500,0.995,0.000,0.005,0.000187
26000,0.995,0.000,0.005,0.000187
26500,0.995,0.000,0.005,0.000187
27000,0.995,0.000,0.005,0.000187
27500,0.995,0.000,0.005,0.000187
28000,0.995,0.000,0.005,0.000187
28500,0.995,0.000,0.005,0.000187
29000,0.995,0.000,0.005,0.000187
29500,0.995,0.000,0.005,0.000187
30000,0.995,0.000,0.005,0.000187
30500,0.995,0.000,0.005,0.000187
31000,0.995,0.000,0.005,0.000187
31500,0.995,0.000,0.005,0.000187
32000,0.995,0.000,0.005,0.000187
32500,0.995,0.000,0.005,0.000187
33000,0.995,0.000,0.005,0.000187
33500,0.995,0.000,0.005,0.000187
34000,0.995,0.000,0.005,0.000187
34500,0.995,0.000,0.005,0.000187
35000,0.995,0.000,0.005,0.000187
35500,0.995,0.000,0.005,0.000187
36000,1.000,0.000,0.000,0.000000
