time,n_A+p,n_B,n_AB,avg_entropy_simp
500,0.029,0.905,0.066,0.164750
1000,0.029,0.843,0.128,0.256000
1500,0.033,0.839,0.128,0.259636
2000,0.058,0.777,0.165,0.319465
2500,0.054,0.698,0.248,0.375086
3000,0.070,0.591,0.339,0.460064
3500,0.070,0.603,0.326,0.443011
4000,0.070,0.558,0.372,0.462559
4500,0.070,0.537,0.393,0.467392
5000,0.107,0.467,0.426,0.493441
5500,0.083,0.500,0.417,0.466178
6000,0.140,0.512,0.347,0.493914
6500,0.066,0.640,0.293,0.402473
7000,0.116,0.541,0.343,0.474767
7500,0.120,0.541,0.339,0.481326
8000,0.116,0.550,0.335,0.480950
8500,0.107,0.533,0.360,0.484007
9000,0.091,0.475,0.434,0.470225
9500,0.066,0.583,0.351,0.429811
10000,0.054,0.640,0.306,0.405381
10500,0.079,0.628,0.293,0.434137
11000,0.124,0.574,0.302,0.481515
11500,0.103,0.467,0.430,0.508817
12000,0.145,0.488,0.368,0.502212
12500,0.120,0.409,0.471,0.502316
13000,0.211,0.314,0.475,0.542123
13500,0.269,0.236,0.496,0.534187
14000,0.256,0.244,0.500,0.535969
14500,0.252,0.227,0.521,0.521420
15000,0.450,0.107,0.442,0.484624
15500,0.607,0.050,0.343,0.406455
16000,0.620,0.062,0.318,0.423818
16500,0.694,0.021,0.285,0.357904
17000,0.756,0.012,0.231,0.299052
17500,0.814,0.008,0.178,0.235951
18000,0.872,0.008,0.120,0.146272
18500,0.860,0.012,0.128,0.206117
19000,0.888,0.004,0.107,0.161448
19500,0.950,0.004,0.045,0.056382
20000,0.988,0.004,0.008,0.006282
20500,0.996,0.004,-0.000,0.001639
21000,0.996,0.000,0.004,0.001639
21500,0.996,0.000,0.004,0.001639
22000,1.000,0.000,0.000,0.000000
