time,n_A+p,n_B,n_AB,avg_entropy_simp
500,0.029,0.909,0.062,0.134008
1000,0.029,0.843,0.128,0.201431
1500,0.050,0.736,0.215,0.320763
2000,0.037,0.748,0.215,0.306757
2500,0.074,0.731,0.194,0.325062
3000,0.074,0.698,0.227,0.359099
3500,0.095,0.632,0.273,0.399029
4000,0.074,0.587,0.339,0.436706
4500,0.074,0.550,0.376,0.455151
5000,0.112,0.566,0.322,0.466424
5500,0.132,0.517,0.351,0.481579
6000,0.145,0.512,0.343,0.466223
6500,0.136,0.533,0.331,0.435769
7000,0.091,0.517,0.393,0.467395
7500,0.070,0.533,0.397,0.457785
8000,0.074,0.541,0.384,0.450234
8500,0.062,0.620,0.318,0.395861
9000,0.120,0.446,0.434,0.513249
9500,0.207,0.339,0.455,0.536693
10000,0.186,0.302,0.512,0.513679
10500,0.157,0.326,0.517,0.503179
11000,0.219,0.273,0.508,0.531898
11500,0.140,0.421,0.438,0.512190
12000,0.178,0.314,0.508,0.497454
12500,0.219,0.264,0.517,0.521228
13000,0.310,0.273,0.417,0.526080
13500,0.355,0.186,0.459,0.516438
14000,0.364,0.165,0.471,0.484156
14500,0.607,0.083,0.310,0.377382
15000,0.529,0.045,0.426,0.410807
15500,0.541,0.054,0.405,0.432132
16000,0.591,0.041,0.368,0.415893
16500,0.537,0.054,0.409,0.433444
17000,0.570,0.037,0.393,0.427325
17500,0.607,0.033,0.360,0.431827
18000,0.682,0.037,0.281,0.384702
18500,0.802,0.012,0.186,0.271806
19000,0.744,0.008,0.248,0.305127
19500,0.736,0.008,0.256,0.333440
20000,0.711,0.008,0.281,0.326882
20500,0.835,0.008,0.157,0.205402
21000,0.831,0.004,0.165,0.238509
21500,0.839,0.000,0.161,0.230254
22000,0.802,0.000,0.198,0.261030
22500,0.864,0.000,0.136,0.178619
23000,0.950,0.000,0.050,0.062119
23500,0.938,0.004,0.058,0.103941
24000,0.955,0.000,0.045,0.089418
24500,0.905,0.000,0.095,0.150149
25000,0.876,0.000,0.124,0.175058
25500,0.913,0.000,0.087,0.119577
26000,0.955,0.000,0.045,0.087212
26500,0.959,0.000,0.041,0.064961
27000,0.955,0.000,0.045,0.068631
27500,0.959,0.000,0.041,0.065739
28000,0.975,0.000,0.025,0.041364
28500,0.979,0.000,0.021,0.035970
29000,0.938,0.000,0.062,0.089757
29500,0.888,0.008,0.103,0.160966
30000,0.921,0.000,0.079,0.088513
30500,0.942,0.000,0.058,0.071753
31000,0.979,0.000,0.021,0.018622
31500,1.000,0.000,0.000,0.000000
