time,n_A+p,n_B,n_AB,avg_entropy_simp
500,0.028,0.914,0.058,0.127572
1000,0.031,0.878,0.092,0.179328
1500,0.046,0.853,0.101,0.211515
2000,0.055,0.795,0.150,0.275986
2500,0.092,0.716,0.193,0.329989
3000,0.116,0.587,0.297,0.433528
3500,0.086,0.694,0.220,0.366012
4000,0.080,0.694,0.226,0.369248
4500,0.107,0.654,0.239,0.368495
5000,0.080,0.673,0.248,0.363515
5500,0.098,0.664,0.239,0.372275
6000,0.162,0.630,0.208,0.396505
6500,0.125,0.645,0.229,0.398270
7000,0.095,0.630,0.275,0.405748
7500,0.107,0.648,0.245,0.384486
8000,0.086,0.691,0.223,0.339813
8500,0.083,0.746,0.171,0.289349
9000,0.058,0.746,0.196,0.279287
9500,0.061,0.722,0.217,0.307247
10000,0.122,0.624,0.254,0.408886
10500,0.073,0.667,0.260,0.353391
11000,0.119,0.639,0.242,0.390909
11500,0.135,0.587,0.278,0.410705
12000,0.119,0.599,0.281,0.391101
12500,0.153,0.517,0.330,0.449129
13000,0.235,0.446,0.318,0.490627
13500,0.275,0.327,0.398,0.511696
14000,0.391,0.214,0.394,0.492701
14500,0.410,0.251,0.339,0.499139
15000,0.367,0.275,0.358,0.496721
15500,0.376,0.214,0.410,0.484383
16000,0.330,0.315,0.355,0.515424
16500,0.349,0.235,0.416,0.528767
17000,0.437,0.187,0.376,0.475256
17500,0.495,0.162,0.343,0.465392
18000,0.440,0.205,0.355,0.499123
18500,0.440,0.235,0.324,0.508646
19000,0.404,0.239,0.358,0.509338
19500,0.385,0.287,0.327,0.523880
20000,0.462,0.220,0.318,0.486125
20500,0.550,0.159,0.291,0.433141
21000,0.648,0.061,0.291,0.359286
21500,0.602,0.095,0.303,0.391900
22000,0.593,0.147,0.260,0.420454
22500,0.581,0.119,0.300,0.414905
23000,0.648,0.116,0.235,0.378369
23500,0.615,0.095,0.291,0.403975
24000,0.685,0.064,0.251,0.351859
24500,0.606,0.125,0.269,0.400389
25000,0.713,0.076,0.211,0.335165
25500,0.728,0.083,0.190,0.305778
26000,0.740,0.064,0.196,0.293442
26500,0.731,0.058,0.211,0.289899
27000,0.749,0.058,0.193,0.283594
27500,0.740,0.037,0.223,0.309004
28000,0.731,0.067,0.202,0.306637
28500,0.817,0.031,0.153,0.202496
29000,0.853,0.018,0.128,0.177733
29500,0.859,0.009,0.131,0.165806
30000,0.893,0.006,0.101,0.133160
30500,0.875,0.034,0.092,0.141055
31000,0.844,0.018,0.138,0.189010
31500,0.893,0.015,0.092,0.150472
32000,0.884,0.015,0.101,0.141247
32500,0.914,0.009,0.076,0.114982
33000,0.945,0.006,0.049,0.063728
33500,0.963,0.009,0.028,0.044410
34000,0.985,0.000,0.015,0.016612
34500,0.972,0.000,0.028,0.035451
35000,0.979,0.003,0.018,0.031951
35500,0.991,0.000,0.009,0.009738
36000,0.997,0.000,0.003,0.003598
36500,0.985,0.000,0.015,0.028290
37000,1.000,0.000,0.000,0.000000
