time,n_A+p,n_B,n_AB,avg_entropy_simp
500,0.029,0.893,0.079,0.171695
1000,0.033,0.851,0.116,0.235330
1500,0.050,0.847,0.103,0.216959
2000,0.070,0.802,0.128,0.290518
2500,0.041,0.785,0.174,0.292230
3000,0.054,0.756,0.190,0.329890
3500,0.066,0.760,0.174,0.315906
4000,0.120,0.682,0.198,0.374972
4500,0.169,0.620,0.211,0.464436
5000,0.298,0.475,0.227,0.536897
5500,0.207,0.558,0.236,0.479104
6000,0.215,0.467,0.318,0.530283
6500,0.293,0.397,0.310,0.534135
7000,0.434,0.256,0.310,0.541701
7500,0.612,0.161,0.227,0.446895
8000,0.744,0.070,0.186,0.302586
8500,0.773,0.050,0.178,0.277486
9000,0.802,0.033,0.165,0.273331
9500,0.864,0.008,0.128,0.183497
10000,0.926,0.008,0.066,0.096416
10500,0.971,0.004,0.025,0.029658
11000,0.992,0.004,0.004,0.008941
11500,0.996,0.004,-0.000,0.003269
12000,0.992,0.004,0.004,0.009920
12500,1.000,0.000,0.000,0.000000
