time,n_A+p,n_B,n_AB,avg_entropy_simp
500,0.037,0.884,0.079,0.172415
1000,0.070,0.769,0.161,0.330713
1500,0.066,0.711,0.223,0.369195
2000,0.058,0.628,0.314,0.438839
2500,0.107,0.636,0.256,0.448288
3000,0.099,0.645,0.256,0.435509
3500,0.095,0.657,0.248,0.417162
4000,0.066,0.715,0.219,0.347505
4500,0.066,0.620,0.314,0.417793
5000,0.083,0.657,0.260,0.418966
5500,0.103,0.616,0.281,0.438461
6000,0.107,0.591,0.302,0.450207
6500,0.178,0.533,0.289,0.512725
7000,0.244,0.442,0.314,0.520853
7500,0.174,0.508,0.318,0.496799
8000,0.207,0.459,0.335,0.540470
8500,0.252,0.397,0.351,0.564054
9000,0.318,0.326,0.355,0.554322
9500,0.244,0.417,0.339,0.519168
10000,0.388,0.236,0.376,0.520114
10500,0.339,0.256,0.405,0.538522
11000,0.467,0.219,0.314,0.501136
11500,0.405,0.219,0.376,0.515056
12000,0.401,0.231,0.368,0.537820
12500,0.442,0.194,0.364,0.542854
13000,0.343,0.293,0.364,0.559362
13500,0.380,0.273,0.347,0.557694
14000,0.438,0.273,0.289,0.554570
14500,0.541,0.145,0.314,0.475545
15000,0.537,0.194,0.269,0.486575
15500,0.492,0.169,0.339,0.500763
16000,0.558,0.140,0.302,0.480968
16500,0.620,0.062,0.318,0.408186
17000,0.682,0.074,0.244,0.386061
17500,0.731,0.021,0.248,0.313809
18000,0.789,0.012,0.198,0.239877
18500,0.806,0.025,0.169,0.251665
19000,0.814,0.004,0.182,0.241373
19500,0.909,0.004,0.087,0.135671
20000,0.913,0.004,0.083,0.125542
20500,0.872,0.012,0.116,0.209554
21000,0.831,0.012,0.157,0.235567
21500,0.851,0.017,0.132,0.199574
22000,0.851,0.033,0.116,0.205032
22500,0.748,0.099,0.153,0.342399
23000,0.674,0.066,0.260,0.384274
23500,0.702,0.062,0.236,0.329104
24000,0.727,0.037,0.236,0.318391
24500,0.781,0.058,0.161,0.258975
25000,0.864,0.041,0.095,0.171741
25500,0.847,0.021,0.132,0.220682
26000,0.831,0.021,0.149,0.243755
26500,0.851,0.025,0.124,0.233300
27000,0.880,0.017,0.103,0.191272
27500,0.860,0.017,0.124,0.211364
28000,0.855,0.025,0.120,0.217427
28500,0.731,0.062,0.207,0.385294
29000,0.781,0.041,0.178,0.320359
29500,0.868,0.012,0.120,0.198895
30000,0.901,0.037,0.062,0.158478
30500,0.860,0.012,0.128,0.198716
31000,0.843,0.012,0.145,0.201083
31500,0.938,0.004,0.058,0.103897
32000,0.926,0.008,0.066,0.108781
32500,0.967,0.000,0.033,0.047926
33000,0.988,0.000,0.012,0.009407
33500,0.996,0.000,0.004,0.001674
34000,1.000,0.000,0.000,0.000000
