time,n_A+p,n_B,n_AB,avg_entropy_simp
500,0.028,0.920,0.052,0.128927
1000,0.031,0.896,0.073,0.129156
1500,0.040,0.856,0.104,0.195066
2000,0.037,0.832,0.131,0.206730
2500,0.046,0.869,0.086,0.154011
3000,0.067,0.847,0.086,0.196349
3500,0.058,0.844,0.098,0.185242
4000,0.058,0.789,0.153,0.250581
4500,0.055,0.823,0.122,0.211914
5000,0.064,0.758,0.177,0.297553
5500,0.095,0.783,0.122,0.258462
6000,0.089,0.737,0.174,0.296876
6500,0.107,0.722,0.171,0.336760
7000,0.131,0.648,0.220,0.385495
7500,0.101,0.648,0.251,0.367651
8000,0.119,0.587,0.294,0.414685
8500,0.180,0.495,0.324,0.450597
9000,0.174,0.523,0.303,0.456370
9500,0.202,0.462,0.336,0.482921
10000,0.297,0.394,0.309,0.503627
10500,0.306,0.407,0.287,0.480534
11000,0.349,0.346,0.306,0.484939
11500,0.355,0.294,0.352,0.505810
12000,0.407,0.281,0.312,0.515693
12500,0.358,0.303,0.339,0.520431
13000,0.413,0.220,0.367,0.513113
13500,0.483,0.153,0.364,0.478578
14000,0.593,0.150,0.257,0.415385
14500,0.538,0.144,0.318,0.450388
15000,0.642,0.107,0.251,0.383970
15500,0.682,0.076,0.242,0.352841
16000,0.709,0.067,0.223,0.303440
16500,0.713,0.064,0.223,0.339251
17000,0.743,0.070,0.187,0.306376
17500,0.795,0.061,0.144,0.262323
18000,0.884,0.012,0.104,0.138420
18500,0.911,0.009,0.080,0.094993
19000,0.927,0.009,0.064,0.093575
19500,0.957,0.006,0.037,0.041383
20000,0.976,0.000,0.024,0.017756
20500,0.976,0.000,0.024,0.015745
21000,0.991,0.000,0.009,0.006488
21500,0.982,0.000,0.018,0.018148
22000,0.982,0.000,0.018,0.027470
22500,0.985,0.000,0.015,0.018156
23000,0.991,0.000,0.009,0.015690
23500,0.988,0.000,0.012,0.017120
24000,0.997,0.000,0.003,0.003872
24500,0.994,0.000,0.006,0.006103
25000,0.994,0.000,0.006,0.007589
25500,0.997,0.000,0.003,0.002516
26000,1.000,0.000,0.000,0.000000
