time,n_A+p,n_B,n_AB,avg_entropy_simp
500,0.031,0.936,0.034,0.112899
1000,0.040,0.893,0.067,0.171593
1500,0.064,0.853,0.083,0.197542
2000,0.058,0.823,0.119,0.225189
2500,0.073,0.823,0.104,0.220588
3000,0.076,0.826,0.098,0.228040
3500,0.067,0.786,0.147,0.269542
4000,0.089,0.801,0.110,0.255278
4500,0.101,0.789,0.110,0.261634
5000,0.107,0.758,0.135,0.290011
5500,0.089,0.740,0.171,0.300993
6000,0.080,0.792,0.128,0.274783
6500,0.083,0.789,0.128,0.260076
7000,0.101,0.731,0.168,0.329384
7500,0.086,0.722,0.193,0.345305
8000,0.138,0.654,0.208,0.393952
8500,0.196,0.590,0.214,0.399550
9000,0.125,0.648,0.226,0.369997
9500,0.159,0.636,0.205,0.385627
10000,0.104,0.725,0.171,0.289503
10500,0.092,0.725,0.183,0.310616
11000,0.089,0.706,0.205,0.337428
11500,0.116,0.679,0.205,0.362136
12000,0.122,0.673,0.205,0.374096
12500,0.125,0.697,0.177,0.360549
13000,0.150,0.639,0.211,0.400681
13500,0.122,0.624,0.254,0.409076
14000,0.220,0.523,0.257,0.483071
14500,0.297,0.431,0.272,0.475597
15000,0.291,0.394,0.315,0.510722
15500,0.333,0.358,0.309,0.484960
16000,0.391,0.287,0.321,0.474288
16500,0.419,0.266,0.315,0.510609
17000,0.422,0.284,0.294,0.474100
17500,0.465,0.242,0.294,0.437149
18000,0.526,0.187,0.287,0.414176
18500,0.639,0.144,0.217,0.373374
19000,0.709,0.101,0.190,0.308344
19500,0.667,0.128,0.205,0.344767
20000,0.740,0.095,0.165,0.263884
20500,0.743,0.107,0.150,0.265232
21000,0.761,0.070,0.168,0.274352
21500,0.786,0.067,0.147,0.236164
22000,0.826,0.046,0.128,0.218350
22500,0.878,0.031,0.092,0.139006
23000,0.887,0.021,0.092,0.127519
23500,0.930,0.015,0.055,0.080429
24000,0.951,0.006,0.043,0.061728
24500,0.960,0.003,0.037,0.061470
25000,0.985,0.000,0.015,0.023446
25500,0.982,0.000,0.018,0.018049
26000,0.988,0.000,0.012,0.015263
26500,0.994,0.000,0.006,0.008031
27000,1.000,0.000,0.000,0.000000
