time,n_A+p,n_B,n_AB,avg_entropy_simp
500,0.037,0.855,0.107,0.212724
1000,0.050,0.901,0.050,0.142878
1500,0.041,0.860,0.099,0.190374
2000,0.062,0.798,0.140,0.308853
2500,0.041,0.769,0.190,0.281430
3000,0.079,0.810,0.112,0.255522
3500,0.058,0.814,0.128,0.239860
4000,0.041,0.793,0.165,0.268720
4500,0.099,0.711,0.190,0.387505
5000,0.103,0.715,0.182,0.375689
5500,0.095,0.748,0.157,0.354954
6000,0.074,0.736,0.190,0.373434
6500,0.091,0.736,0.174,0.342402
7000,0.041,0.806,0.153,0.259299
7500,0.083,0.789,0.128,0.266266
8000,0.045,0.756,0.198,0.308957
8500,0.070,0.740,0.190,0.319358
9000,0.140,0.686,0.174,0.384732
9500,0.128,0.665,0.207,0.379295
10000,0.149,0.624,0.227,0.443973
10500,0.198,0.450,0.351,0.533400
11000,0.116,0.587,0.298,0.464236
11500,0.091,0.682,0.227,0.401568
12000,0.091,0.616,0.293,0.427206
12500,0.136,0.636,0.227,0.440177
13000,0.124,0.579,0.298,0.465502
13500,0.153,0.653,0.194,0.428892
14000,0.149,0.570,0.281,0.487659
14500,0.099,0.579,0.322,0.443618
15000,0.112,0.686,0.202,0.359272
15500,0.132,0.645,0.223,0.410812
16000,0.116,0.707,0.178,0.345519
16500,0.066,0.736,0.198,0.354441
17000,0.112,0.694,0.194,0.385267
17500,0.112,0.653,0.236,0.441350
18000,0.116,0.603,0.281,0.452131
18500,0.157,0.612,0.231,0.458875
19000,0.145,0.603,0.252,0.447817
19500,0.227,0.430,0.343,0.544048
20000,0.298,0.421,0.281,0.546625
20500,0.417,0.277,0.306,0.540058
21000,0.508,0.223,0.269,0.465420
21500,0.417,0.298,0.285,0.552580
22000,0.446,0.227,0.326,0.538087
22500,0.620,0.128,0.252,0.439500
23000,0.698,0.091,0.211,0.360583
23500,0.570,0.157,0.273,0.462289
24000,0.715,0.066,0.219,0.364717
24500,0.694,0.116,0.190,0.407606
25000,0.740,0.054,0.207,0.324806
25500,0.826,0.025,0.149,0.211671
26000,0.917,0.012,0.070,0.085115
26500,0.938,0.000,0.062,0.063385
27000,0.963,0.000,0.037,0.049098
27500,0.983,0.000,0.017,0.018057
28000,0.996,0.000,0.004,0.001805
28500,0.996,0.000,0.004,0.001805
29000,1.000,0.000,0.000,0.000000
