time,n_A+p,n_B,n_AB,avg_entropy_simp
500,0.037,0.876,0.087,0.202498
1000,0.033,0.826,0.140,0.217613
1500,0.041,0.843,0.116,0.215739
2000,0.058,0.785,0.157,0.255472
2500,0.045,0.773,0.182,0.281362
3000,0.087,0.785,0.128,0.263367
3500,0.099,0.678,0.223,0.360733
4000,0.112,0.607,0.281,0.445548
4500,0.153,0.525,0.322,0.474015
5000,0.107,0.632,0.260,0.414100
5500,0.128,0.587,0.285,0.448167
6000,0.169,0.508,0.322,0.504911
6500,0.207,0.504,0.289,0.493265
7000,0.149,0.591,0.260,0.432343
7500,0.120,0.550,0.331,0.462783
8000,0.174,0.496,0.331,0.495826
8500,0.273,0.413,0.314,0.537021
9000,0.264,0.360,0.376,0.551687
9500,0.335,0.293,0.372,0.558087
10000,0.347,0.298,0.355,0.564289
10500,0.364,0.293,0.343,0.550520
11000,0.430,0.273,0.298,0.541745
11500,0.409,0.215,0.376,0.549519
12000,0.550,0.157,0.293,0.467748
12500,0.512,0.178,0.310,0.498534
13000,0.521,0.174,0.306,0.504516
13500,0.517,0.182,0.302,0.508546
14000,0.545,0.120,0.335,0.480935
14500,0.558,0.107,0.335,0.477528
15000,0.636,0.091,0.273,0.420758
15500,0.624,0.120,0.256,0.450738
16000,0.603,0.087,0.310,0.447190
16500,0.566,0.157,0.277,0.479284
17000,0.632,0.112,0.256,0.422363
17500,0.760,0.050,0.190,0.321430
18000,0.698,0.054,0.248,0.377029
18500,0.744,0.025,0.231,0.352054
19000,0.744,0.037,0.219,0.349642
19500,0.694,0.050,0.256,0.384336
20000,0.781,0.012,0.207,0.281783
20500,0.802,0.029,0.169,0.277839
21000,0.727,0.062,0.211,0.357730
21500,0.707,0.058,0.236,0.362073
22000,0.818,0.017,0.165,0.262107
22500,0.731,0.037,0.231,0.354968
23000,0.781,0.037,0.182,0.289668
23500,0.888,0.008,0.103,0.159599
24000,0.934,0.000,0.066,0.100952
24500,0.930,0.000,0.070,0.102683
25000,0.930,0.000,0.070,0.105370
25500,0.926,0.008,0.066,0.128873
26000,0.930,0.004,0.066,0.107614
26500,0.983,0.000,0.017,0.025892
27000,0.996,0.000,0.004,0.006392
27500,0.996,0.000,0.004,0.006392
28000,1.000,0.000,0.000,0.000000
