time,n_A+p,n_B,n_AB,avg_entropy_simp
500,0.029,0.934,0.037,0.105039
1000,0.037,0.880,0.083,0.175603
1500,0.041,0.868,0.091,0.174125
2000,0.045,0.798,0.157,0.265128
2500,0.029,0.864,0.107,0.190303
3000,0.029,0.897,0.074,0.138342
3500,0.045,0.872,0.083,0.191695
4000,0.050,0.897,0.054,0.145797
4500,0.045,0.851,0.103,0.222727
5000,0.062,0.777,0.161,0.303930
5500,0.079,0.723,0.198,0.351582
6000,0.058,0.769,0.174,0.277738
6500,0.107,0.727,0.165,0.339641
7000,0.070,0.764,0.165,0.321356
7500,0.074,0.744,0.182,0.345804
8000,0.103,0.690,0.207,0.396466
8500,0.202,0.562,0.236,0.504052
9000,0.095,0.690,0.215,0.345797
9500,0.149,0.674,0.178,0.368615
10000,0.112,0.694,0.194,0.351404
10500,0.103,0.727,0.169,0.326427
11000,0.120,0.640,0.240,0.416842
11500,0.194,0.512,0.293,0.500297
12000,0.231,0.421,0.347,0.548889
12500,0.293,0.384,0.322,0.549293
13000,0.273,0.459,0.269,0.540864
13500,0.260,0.438,0.302,0.560095
14000,0.318,0.413,0.269,0.556743
14500,0.417,0.322,0.260,0.527388
15000,0.380,0.318,0.302,0.550017
15500,0.570,0.161,0.269,0.467774
16000,0.665,0.095,0.240,0.413320
16500,0.715,0.070,0.215,0.346018
17000,0.798,0.029,0.174,0.267843
17500,0.884,0.025,0.091,0.151237
18000,0.934,0.012,0.054,0.078689
18500,0.950,0.000,0.050,0.056181
19000,0.971,0.000,0.029,0.018964
19500,0.992,0.000,0.008,0.004522
20000,0.996,0.000,0.004,0.002826
20500,1.000,0.000,0.000,0.000000
