time,n_A+p,n_B,n_AB,avg_entropy_simp
500,0.033,0.917,0.050,0.157121
1000,0.050,0.826,0.124,0.288522
1500,0.062,0.789,0.149,0.300175
2000,0.091,0.640,0.269,0.439417
2500,0.074,0.640,0.285,0.433861
3000,0.095,0.603,0.302,0.450745
3500,0.083,0.632,0.285,0.431768
4000,0.153,0.521,0.326,0.501829
4500,0.198,0.438,0.364,0.542485
5000,0.227,0.459,0.314,0.516354
5500,0.326,0.347,0.326,0.553314
6000,0.244,0.322,0.434,0.557172
6500,0.326,0.215,0.459,0.554676
7000,0.269,0.302,0.430,0.542954
7500,0.293,0.264,0.442,0.545936
8000,0.393,0.219,0.388,0.519868
8500,0.360,0.240,0.401,0.548724
9000,0.376,0.248,0.376,0.558770
9500,0.302,0.310,0.388,0.543142
10000,0.397,0.273,0.331,0.546904
10500,0.355,0.302,0.343,0.551940
11000,0.273,0.380,0.347,0.527536
11500,0.426,0.186,0.388,0.533932
12000,0.475,0.161,0.364,0.512406
12500,0.467,0.178,0.355,0.507501
13000,0.579,0.116,0.306,0.435371
13500,0.719,0.058,0.223,0.332954
14000,0.682,0.041,0.277,0.362323
14500,0.752,0.066,0.182,0.315554
15000,0.802,0.037,0.161,0.245754
15500,0.798,0.017,0.186,0.263963
16000,0.806,0.037,0.157,0.275985
16500,0.872,0.021,0.107,0.198165
17000,0.888,0.000,0.112,0.157078
17500,0.917,0.008,0.074,0.098830
18000,0.909,0.008,0.083,0.113014
18500,0.901,0.008,0.091,0.138519
19000,0.888,0.021,0.091,0.179772
19500,0.942,0.000,0.058,0.099571
20000,0.971,0.000,0.029,0.044848
20500,0.996,0.000,0.004,0.004220
21000,1.000,0.000,0.000,0.000000
