time,n_A+p,n_B,n_AB,avg_entropy_simp
500,0.028,0.912,0.060,0.131821
1000,0.028,0.866,0.106,0.187683
1500,0.051,0.770,0.180,0.285063
2000,0.078,0.673,0.249,0.364330
2500,0.111,0.631,0.258,0.396836
3000,0.124,0.571,0.304,0.410983
3500,0.129,0.604,0.267,0.404810
4000,0.152,0.516,0.332,0.441887
4500,0.212,0.498,0.290,0.460903
5000,0.235,0.410,0.355,0.474707
5500,0.263,0.382,0.355,0.481266
6000,0.295,0.267,0.438,0.456472
6500,0.332,0.258,0.410,0.475236
7000,0.300,0.313,0.387,0.486990
7500,0.300,0.249,0.452,0.463396
8000,0.332,0.272,0.396,0.481407
8500,0.341,0.221,0.438,0.478266
9000,0.369,0.263,0.369,0.487384
9500,0.396,0.212,0.392,0.469006
10000,0.438,0.171,0.392,0.454277
10500,0.442,0.157,0.401,0.460912
11000,0.512,0.115,0.373,0.422893
11500,0.470,0.088,0.442,0.424024
12000,0.465,0.161,0.373,0.473499
12500,0.581,0.129,0.290,0.408337
13000,0.410,0.138,0.452,0.454045
13500,0.507,0.092,0.401,0.419094
14000,0.558,0.101,0.341,0.424816
14500,0.562,0.046,0.392,0.380237
15000,0.594,0.074,0.332,0.388394
15500,0.687,0.037,0.276,0.326838
16000,0.774,0.037,0.189,0.237620
16500,0.774,0.037,0.189,0.264044
17000,0.770,0.037,0.194,0.260270
17500,0.765,0.028,0.207,0.285182
18000,0.816,0.018,0.166,0.221498
18500,0.848,0.018,0.134,0.174178
19000,0.806,0.018,0.175,0.236397
19500,0.760,0.028,0.212,0.276299
20000,0.783,0.046,0.171,0.259614
20500,0.673,0.092,0.235,0.361602
21000,0.590,0.088,0.323,0.407041
21500,0.613,0.046,0.341,0.372436
22000,0.590,0.060,0.350,0.391603
22500,0.608,0.060,0.332,0.395885
23000,0.585,0.092,0.323,0.419406
23500,0.659,0.032,0.309,0.329539
24000,0.751,0.023,0.226,0.266304
24500,0.811,0.009,0.180,0.228637
25000,0.765,0.060,0.175,0.283571
25500,0.802,0.028,0.171,0.214563
26000,0.876,0.000,0.124,0.128706
26500,0.912,0.005,0.083,0.091637
27000,0.889,0.014,0.097,0.153083
27500,0.903,0.009,0.088,0.102250
28000,0.811,0.023,0.166,0.201028
28500,0.843,0.009,0.147,0.181711
29000,0.862,0.009,0.129,0.173629
29500,0.788,0.018,0.194,0.243430
30000,0.811,0.009,0.180,0.242908
30500,0.857,0.009,0.134,0.186688
31000,0.912,0.005,0.083,0.115454
31500,0.945,0.000,0.055,0.060153
32000,0.959,0.000,0.041,0.059172
32500,0.977,0.000,0.023,0.026661
33000,0.968,0.000,0.032,0.047318
33500,1.000,0.000,0.000,0.000000
