time,n_A+p,n_B,n_AB,avg_entropy_simp
500,0.041,0.894,0.065,0.181148
1000,0.055,0.802,0.143,0.274272
1500,0.078,0.788,0.134,0.262266
2000,0.037,0.871,0.092,0.174618
2500,0.037,0.862,0.101,0.184928
3000,0.055,0.779,0.166,0.277895
3500,0.078,0.747,0.175,0.311294
4000,0.138,0.613,0.249,0.416405
4500,0.143,0.571,0.286,0.435731
5000,0.207,0.553,0.240,0.439098
5500,0.161,0.512,0.327,0.442391
6000,0.230,0.465,0.304,0.474102
6500,0.267,0.442,0.290,0.491739
7000,0.230,0.470,0.300,0.478012
7500,0.212,0.456,0.332,0.471418
8000,0.152,0.576,0.272,0.425621
8500,0.161,0.539,0.300,0.446262
9000,0.171,0.558,0.272,0.416639
9500,0.147,0.507,0.346,0.447076
10000,0.171,0.447,0.382,0.469452
10500,0.249,0.452,0.300,0.478949
11000,0.249,0.438,0.313,0.486867
11500,0.290,0.387,0.323,0.490556
12000,0.382,0.290,0.327,0.496764
12500,0.226,0.452,0.323,0.478622
13000,0.290,0.447,0.263,0.473963
13500,0.484,0.240,0.276,0.450050
14000,0.502,0.106,0.392,0.407794
14500,0.636,0.106,0.258,0.375882
15000,0.779,0.074,0.147,0.250295
15500,0.899,0.009,0.092,0.108914
16000,0.959,0.000,0.041,0.040935
16500,0.977,0.000,0.023,0.021780
17000,0.982,0.000,0.018,0.022792
17500,0.977,0.000,0.023,0.029463
18000,0.991,0.000,0.009,0.000374
18500,0.991,0.000,0.009,0.000374
19000,0.991,0.000,0.009,0.000374
19500,0.982,0.000,0.018,0.010468
20000,0.986,0.000,0.014,0.003636
20500,0.986,0.000,0.014,0.003636
21000,0.991,0.000,0.009,0.000374
21500,0.991,0.000,0.009,0.000374
22000,0.991,0.000,0.009,0.000374
22500,0.991,0.000,0.009,0.000374
23000,0.991,0.000,0.009,0.000374
23500,0.991,0.000,0.009,0.000374
24000,0.991,0.000,0.009,0.000374
24500,0.991,0.000,0.009,0.000374
25000,0.991,0.000,0.009,0.000374
25500,0.991,0.000,0.009,0.000374
26000,0.991,0.000,0.009,0.000374
26500,0.991,0.000,0.009,0.000374
27000,0.991,0.000,0.009,0.000374
27500,0.991,0.000,0.009,0.000374
28000,0.991,0.000,0.009,0.000374
28500,0.991,0.000,0.009,0.000374
29000,0.991,0.000,0.009,0.000374
29500,0.991,0.000,0.009,0.000374
30000,0.991,0.000,0.009,0.000374
30500,0.991,0.000,0.009,0.000374
31000,0.995,0.000,0.005,0.000187
31500,0.995,0.000,0.005,0.000187
32000,0.995,0.000,0.005,0.000187
32500,0.995,0.000,0.005,0.000187
33000,0.995,0.000,0.005,0.000187
33500,0.995,0.000,0.005,0.000187
34000,0.995,0.000,0.005,0.000187
34500,0.995,0.000,0.005,0.000187
35000,1.000,0.000,0.000,0.000000
