time,n_A+p,n_B,n_AB,avg_entropy_simp
500,0.045,0.851,0.103,0.252963
1000,0.041,0.744,0.215,0.378880
1500,0.054,0.694,0.252,0.404786
2000,0.099,0.702,0.198,0.409770
2500,0.153,0.508,0.339,0.513228
3000,0.236,0.434,0.331,0.557742
3500,0.207,0.459,0.335,0.542531
4000,0.368,0.207,0.426,0.553463
4500,0.413,0.244,0.343,0.534973
5000,0.376,0.260,0.364,0.540433
5500,0.459,0.248,0.293,0.528750
6000,0.455,0.260,0.285,0.551507
6500,0.504,0.169,0.326,0.506412
7000,0.512,0.161,0.326,0.496493
7500,0.566,0.157,0.277,0.469139
8000,0.674,0.062,0.264,0.382459
8500,0.818,0.021,0.161,0.239306
9000,0.843,0.008,0.149,0.216648
9500,0.909,0.000,0.091,0.128120
10000,0.921,0.012,0.066,0.093778
10500,0.938,0.008,0.054,0.093588
11000,0.955,0.000,0.045,0.052138
11500,0.975,0.000,0.025,0.021309
12000,0.946,0.000,0.054,0.077901
12500,0.992,0.000,0.008,0.005685
13000,0.996,0.000,0.004,0.002714
13500,1.000,0.000,0.000,0.000000
