time,n_A+p,n_B,n_AB,avg_entropy_simp
500,0.029,0.955,0.017,0.072049
1000,0.033,0.917,0.050,0.130609
1500,0.045,0.847,0.107,0.224921
2000,0.045,0.905,0.050,0.147030
2500,0.037,0.913,0.050,0.150607
3000,0.037,0.868,0.095,0.199499
3500,0.033,0.872,0.095,0.186481
4000,0.050,0.909,0.041,0.149709
4500,0.033,0.917,0.050,0.121467
5000,0.033,0.893,0.074,0.156085
5500,0.033,0.868,0.099,0.173173
6000,0.066,0.855,0.079,0.205271
6500,0.066,0.793,0.140,0.300306
7000,0.120,0.674,0.207,0.425310
7500,0.116,0.657,0.227,0.410487
8000,0.074,0.748,0.178,0.333108
8500,0.087,0.698,0.215,0.383309
9000,0.116,0.698,0.186,0.359164
9500,0.074,0.740,0.186,0.330819
10000,0.074,0.744,0.182,0.324034
10500,0.091,0.707,0.202,0.352992
11000,0.165,0.616,0.219,0.431989
11500,0.099,0.719,0.182,0.324656
12000,0.161,0.657,0.182,0.403745
12500,0.112,0.645,0.244,0.444539
13000,0.128,0.744,0.128,0.315139
13500,0.145,0.624,0.231,0.447925
14000,0.190,0.591,0.219,0.465143
14500,0.136,0.628,0.236,0.428296
15000,0.128,0.678,0.194,0.411128
15500,0.194,0.624,0.182,0.452259
16000,0.273,0.475,0.252,0.523827
16500,0.397,0.260,0.343,0.543733
17000,0.388,0.273,0.339,0.556784
17500,0.467,0.244,0.289,0.542285
18000,0.562,0.182,0.256,0.495349
18500,0.640,0.095,0.264,0.433715
19000,0.810,0.062,0.128,0.239846
19500,0.884,0.033,0.083,0.154534
20000,0.926,0.000,0.074,0.108320
20500,0.975,0.000,0.025,0.034366
21000,0.988,0.000,0.012,0.016341
21500,0.996,0.000,0.004,0.005489
22000,1.000,0.000,0.000,0.000000
