time,n_A+p,n_B,n_AB,avg_entropy_simp
500,0.029,0.934,0.037,0.086298
1000,0.033,0.872,0.095,0.204565
1500,0.062,0.868,0.070,0.185812
2000,0.058,0.798,0.145,0.260808
2500,0.058,0.748,0.194,0.324135
3000,0.128,0.707,0.165,0.376039
3500,0.128,0.686,0.186,0.421358
4000,0.219,0.504,0.277,0.539327
4500,0.124,0.616,0.260,0.460954
5000,0.095,0.599,0.306,0.432035
5500,0.248,0.426,0.326,0.544656
6000,0.202,0.496,0.302,0.526883
6500,0.260,0.393,0.347,0.542896
7000,0.335,0.306,0.360,0.562849
7500,0.252,0.455,0.293,0.525304
8000,0.285,0.459,0.256,0.531837
8500,0.310,0.322,0.368,0.561652
9000,0.314,0.351,0.335,0.551600
9500,0.244,0.430,0.326,0.528282
10000,0.240,0.446,0.314,0.546641
10500,0.240,0.421,0.339,0.545724
11000,0.347,0.376,0.277,0.542962
11500,0.360,0.355,0.285,0.525240
12000,0.355,0.318,0.326,0.555390
12500,0.322,0.364,0.314,0.521263
13000,0.339,0.331,0.331,0.558936
13500,0.413,0.306,0.281,0.562270
14000,0.624,0.120,0.256,0.441112
14500,0.723,0.062,0.215,0.324168
15000,0.628,0.070,0.302,0.401369
15500,0.711,0.095,0.194,0.368462
16000,0.711,0.103,0.186,0.387165
16500,0.752,0.050,0.198,0.332811
17000,0.864,0.017,0.120,0.180246
17500,0.839,0.017,0.145,0.236273
18000,0.909,0.012,0.079,0.112546
18500,0.921,0.004,0.074,0.098209
19000,0.921,0.008,0.070,0.099697
19500,0.950,0.000,0.050,0.056710
20000,0.955,0.004,0.041,0.049451
20500,0.983,0.000,0.017,0.013180
21000,1.000,0.000,0.000,0.000000
