time,n_A+p,n_B,n_AB,avg_entropy_simp
500,0.037,0.839,0.124,0.246147
1000,0.041,0.789,0.169,0.292449
1500,0.037,0.764,0.198,0.335280
2000,0.095,0.583,0.322,0.468838
2500,0.202,0.405,0.393,0.552238
3000,0.211,0.496,0.293,0.525595
3500,0.140,0.525,0.335,0.465541
4000,0.165,0.537,0.298,0.485591
4500,0.140,0.512,0.347,0.495113
5000,0.116,0.562,0.322,0.479806
5500,0.198,0.446,0.355,0.538772
6000,0.302,0.269,0.430,0.554019
6500,0.314,0.256,0.430,0.549879
7000,0.318,0.264,0.417,0.562223
7500,0.372,0.273,0.355,0.553660
8000,0.434,0.174,0.393,0.528368
8500,0.508,0.132,0.360,0.488768
9000,0.566,0.107,0.326,0.453889
9500,0.483,0.136,0.380,0.495201
10000,0.504,0.128,0.368,0.491743
10500,0.566,0.116,0.318,0.464924
11000,0.603,0.120,0.277,0.419566
11500,0.550,0.153,0.298,0.471025
12000,0.570,0.103,0.326,0.443686
12500,0.541,0.132,0.326,0.454430
13000,0.512,0.153,0.335,0.503242
13500,0.459,0.149,0.393,0.515747
14000,0.364,0.194,0.442,0.543392
14500,0.393,0.227,0.380,0.546308
15000,0.525,0.136,0.339,0.491202
15500,0.603,0.099,0.298,0.424429
16000,0.636,0.062,0.302,0.408951
16500,0.669,0.062,0.269,0.374189
17000,0.632,0.128,0.240,0.420333
17500,0.607,0.058,0.335,0.426491
18000,0.607,0.058,0.335,0.443074
18500,0.640,0.099,0.260,0.442862
19000,0.595,0.116,0.289,0.480086
19500,0.579,0.124,0.298,0.485248
20000,0.550,0.107,0.343,0.500100
20500,0.624,0.103,0.273,0.437721
21000,0.632,0.062,0.306,0.437794
21500,0.653,0.070,0.277,0.414972
22000,0.702,0.041,0.256,0.338557
22500,0.736,0.054,0.211,0.330638
23000,0.773,0.025,0.202,0.289940
23500,0.756,0.054,0.190,0.303548
24000,0.789,0.021,0.190,0.256262
24500,0.822,0.037,0.140,0.252251
25000,0.831,0.012,0.157,0.219042
25500,0.926,0.012,0.062,0.114233
26000,0.983,0.000,0.017,0.018342
26500,1.000,0.000,0.000,0.000000
