time,n_A+p,n_B,n_AB,avg_entropy_simp
500,0.028,0.885,0.088,0.176277
1000,0.037,0.862,0.101,0.175410
1500,0.028,0.866,0.106,0.155202
2000,0.037,0.793,0.171,0.237944
2500,0.046,0.765,0.189,0.269240
3000,0.046,0.760,0.194,0.276936
3500,0.092,0.700,0.207,0.348899
4000,0.078,0.668,0.253,0.355300
4500,0.129,0.525,0.346,0.444336
5000,0.147,0.539,0.313,0.446274
5500,0.189,0.465,0.346,0.473880
6000,0.175,0.470,0.355,0.460945
6500,0.263,0.396,0.341,0.500149
7000,0.221,0.373,0.406,0.495885
7500,0.235,0.396,0.369,0.484455
8000,0.189,0.392,0.419,0.475799
8500,0.212,0.401,0.387,0.476338
9000,0.180,0.410,0.410,0.460072
9500,0.253,0.309,0.438,0.481478
10000,0.300,0.272,0.429,0.478346
10500,0.267,0.267,0.465,0.482036
11000,0.290,0.327,0.382,0.498926
11500,0.253,0.313,0.433,0.478387
12000,0.226,0.336,0.438,0.471618
12500,0.235,0.300,0.465,0.474163
13000,0.336,0.313,0.350,0.492506
13500,0.369,0.286,0.346,0.490567
14000,0.410,0.203,0.387,0.479522
14500,0.382,0.240,0.378,0.481019
15000,0.406,0.212,0.382,0.475132
15500,0.378,0.249,0.373,0.476960
16000,0.475,0.138,0.387,0.439435
16500,0.558,0.097,0.346,0.408125
17000,0.627,0.051,0.323,0.366796
17500,0.770,0.023,0.207,0.229034
18000,0.829,0.009,0.161,0.179112
18500,0.857,0.005,0.138,0.179069
19000,0.926,0.000,0.074,0.091828
19500,0.959,0.000,0.041,0.049571
20000,0.972,0.000,0.028,0.030747
20500,0.977,0.000,0.023,0.026916
21000,0.959,0.000,0.041,0.053839
21500,0.935,0.000,0.065,0.068433
22000,0.959,0.000,0.041,0.051553
22500,0.982,0.000,0.018,0.012450
23000,0.995,0.000,0.005,0.000187
23500,0.995,0.000,0.005,0.000187
24000,0.995,0.000,0.005,0.000187
24500,0.995,0.000,0.005,0.000187
25000,0.995,0.000,0.005,0.000187
25500,0.995,0.000,0.005,0.000187
26000,0.995,0.000,0.005,0.000187
26500,0.995,0.000,0.005,0.000187
27000,0.995,0.000,0.005,0.000187
27500,1.000,0.000,0.000,0.000000
