time,n_A+p,n_B,n_AB,avg_entropy_simp
500,0.028,0.951,0.021,0.074758
1000,0.046,0.890,0.064,0.152592
1500,0.031,0.902,0.067,0.141500
2000,0.052,0.862,0.086,0.188400
2500,0.073,0.832,0.095,0.225985
3000,0.043,0.832,0.125,0.222237
3500,0.089,0.758,0.153,0.320794
4000,0.104,0.752,0.144,0.333464
4500,0.101,0.786,0.113,0.263968
5000,0.089,0.804,0.107,0.245415
5500,0.107,0.755,0.138,0.280573
6000,0.153,0.688,0.159,0.341314
6500,0.159,0.676,0.165,0.351260
7000,0.131,0.682,0.187,0.339011
7500,0.138,0.694,0.168,0.322956
8000,0.116,0.716,0.168,0.296841
8500,0.131,0.679,0.190,0.364803
9000,0.122,0.667,0.211,0.370290
9500,0.092,0.688,0.220,0.357024
10000,0.101,0.682,0.217,0.336051
10500,0.107,0.700,0.193,0.290473
11000,0.083,0.761,0.156,0.273018
11500,0.040,0.780,0.180,0.266457
12000,0.076,0.761,0.162,0.304176
12500,0.058,0.820,0.122,0.251238
13000,0.067,0.780,0.153,0.296386
13500,0.046,0.795,0.159,0.257986
14000,0.064,0.817,0.119,0.233150
14500,0.098,0.826,0.076,0.198787
15000,0.138,0.722,0.141,0.324005
15500,0.180,0.651,0.168,0.367586
16000,0.125,0.676,0.199,0.377554
16500,0.196,0.599,0.205,0.392020
17000,0.193,0.544,0.263,0.462280
17500,0.242,0.498,0.260,0.486759
18000,0.220,0.508,0.272,0.465047
18500,0.281,0.446,0.272,0.479848
19000,0.294,0.486,0.220,0.469412
19500,0.275,0.468,0.257,0.460812
20000,0.294,0.480,0.226,0.410046
20500,0.254,0.514,0.232,0.435528
21000,0.245,0.492,0.263,0.459452
21500,0.232,0.468,0.300,0.465389
22000,0.306,0.443,0.251,0.465510
22500,0.281,0.437,0.281,0.492420
23000,0.327,0.422,0.251,0.459728
23500,0.401,0.364,0.235,0.466535
24000,0.404,0.352,0.245,0.482371
24500,0.538,0.196,0.266,0.458744
25000,0.630,0.128,0.242,0.385313
25500,0.612,0.199,0.190,0.432830
26000,0.575,0.190,0.235,0.431451
26500,0.621,0.153,0.226,0.429923
27000,0.642,0.083,0.275,0.394999
27500,0.734,0.061,0.205,0.304792
28000,0.887,0.018,0.095,0.138570
28500,0.914,0.009,0.076,0.111597
29000,0.893,0.015,0.092,0.145346
29500,0.942,0.015,0.043,0.071256
30000,0.948,0.009,0.043,0.069458
30500,0.985,0.003,0.012,0.018657
31000,0.991,0.003,0.006,0.004827
31500,0.991,0.003,0.006,0.005806
32000,0.994,0.003,0.003,0.001141
32500,0.994,0.003,0.003,0.001141
33000,0.994,0.003,0.003,0.001141
33500,0.994,0.003,0.003,0.001141
34000,0.994,0.000,0.006,0.001141
34500,0.985,0.000,0.015,0.015229
35000,0.988,0.000,0.012,0.012939
35500,0.991,0.000,0.009,0.007747
36000,0.997,0.000,0.003,0.000285
36500,0.997,0.000,0.003,0.000285
37000,1.000,0.000,0.000,0.000000
