time,n_A+p,n_B,n_AB,avg_entropy_simp
500,0.028,0.948,0.024,0.089836
1000,0.028,0.930,0.043,0.106609
1500,0.031,0.908,0.061,0.152017
2000,0.070,0.862,0.067,0.202961
2500,0.055,0.862,0.083,0.199920
3000,0.058,0.810,0.131,0.258111
3500,0.128,0.746,0.125,0.268008
4000,0.174,0.706,0.119,0.265360
4500,0.183,0.645,0.171,0.324649
5000,0.180,0.676,0.144,0.331304
5500,0.193,0.648,0.159,0.380438
6000,0.254,0.581,0.165,0.387060
6500,0.272,0.590,0.138,0.332153
7000,0.306,0.535,0.159,0.374584
7500,0.336,0.529,0.135,0.310666
8000,0.336,0.517,0.147,0.364066
8500,0.379,0.431,0.190,0.390236
9000,0.346,0.474,0.180,0.350148
9500,0.376,0.505,0.119,0.328091
10000,0.379,0.468,0.153,0.360969
10500,0.358,0.446,0.196,0.354484
11000,0.294,0.508,0.199,0.380076
11500,0.260,0.581,0.159,0.341243
12000,0.303,0.526,0.171,0.341715
12500,0.327,0.523,0.150,0.413009
13000,0.330,0.529,0.141,0.323324
13500,0.297,0.532,0.171,0.321265
14000,0.370,0.511,0.119,0.319611
14500,0.401,0.443,0.156,0.351846
15000,0.398,0.437,0.165,0.345109
15500,0.453,0.376,0.171,0.393050
16000,0.443,0.376,0.180,0.416433
16500,0.407,0.407,0.187,0.389493
17000,0.391,0.413,0.196,0.412953
17500,0.477,0.330,0.193,0.410932
18000,0.517,0.266,0.217,0.417518
18500,0.443,0.364,0.193,0.390482
19000,0.514,0.269,0.217,0.355580
19500,0.627,0.235,0.138,0.300782
20000,0.700,0.165,0.135,0.280982
20500,0.740,0.162,0.098,0.250343
21000,0.743,0.159,0.098,0.242563
21500,0.768,0.147,0.086,0.218841
22000,0.758,0.141,0.101,0.253262
22500,0.688,0.159,0.153,0.301655
23000,0.697,0.183,0.119,0.278825
23500,0.713,0.162,0.125,0.287621
24000,0.673,0.171,0.156,0.293934
24500,0.651,0.239,0.110,0.292102
25000,0.737,0.183,0.080,0.240448
25500,0.777,0.135,0.089,0.233353
26000,0.777,0.110,0.113,0.253190
26500,0.804,0.092,0.104,0.219621
27000,0.826,0.116,0.058,0.160401
27500,0.884,0.067,0.049,0.137239
28000,0.862,0.061,0.076,0.174383
28500,0.902,0.015,0.083,0.131927
29000,0.972,0.000,0.028,0.036100
29500,0.988,0.000,0.012,0.016825
30000,0.997,0.000,0.003,0.000285
30500,0.997,0.000,0.003,0.000285
31000,0.997,0.000,0.003,0.000285
31500,0.997,0.000,0.003,0.000285
32000,0.997,0.000,0.003,0.000285
32500,0.997,0.000,0.003,0.000285
33000,0.997,0.000,0.003,0.000285
33500,0.997,0.000,0.003,0.000285
34000,0.997,0.000,0.003,0.000285
34500,0.997,0.000,0.003,0.000285
35000,0.997,0.000,0.003,0.000285
35500,0.997,0.000,0.003,0.000285
36000,0.997,0.000,0.003,0.000285
36500,0.997,0.000,0.003,0.000285
37000,1.000,0.000,0.000,0.000000
