time,n_A+p,n_B,n_AB,avg_entropy_simp
500,0.041,0.871,0.088,0.174294
1000,0.060,0.774,0.166,0.289989
1500,0.065,0.811,0.124,0.245837
2000,0.037,0.848,0.115,0.195354
2500,0.046,0.839,0.115,0.216990
3000,0.041,0.829,0.129,0.206632
3500,0.055,0.783,0.161,0.275701
4000,0.046,0.806,0.147,0.247683
4500,0.032,0.880,0.088,0.176842
5000,0.028,0.876,0.097,0.172599
5500,0.074,0.793,0.134,0.282913
6000,0.092,0.733,0.175,0.348112
6500,0.092,0.724,0.184,0.347343
7000,0.055,0.700,0.244,0.332818
7500,0.101,0.719,0.180,0.345383
8000,0.101,0.687,0.212,0.342792
8500,0.092,0.705,0.203,0.350148
9000,0.101,0.673,0.226,0.375137
9500,0.143,0.687,0.171,0.361147
10000,0.147,0.576,0.276,0.437004
10500,0.203,0.488,0.309,0.482546
11000,0.203,0.544,0.253,0.457737
11500,0.180,0.498,0.323,0.467335
12000,0.166,0.535,0.300,0.437648
12500,0.253,0.442,0.304,0.475373
13000,0.332,0.378,0.290,0.482426
13500,0.290,0.419,0.290,0.478244
14000,0.281,0.429,0.290,0.465233
14500,0.313,0.355,0.332,0.492685
15000,0.327,0.313,0.359,0.499821
15500,0.470,0.244,0.286,0.448130
16000,0.562,0.152,0.286,0.402416
16500,0.677,0.111,0.212,0.330050
17000,0.779,0.065,0.157,0.241958
17500,0.779,0.041,0.180,0.232212
18000,0.857,0.037,0.106,0.179158
18500,0.968,0.005,0.028,0.027503
19000,0.986,0.005,0.009,0.000561
19500,0.977,0.005,0.018,0.012732
20000,0.982,0.005,0.014,0.010082
20500,0.986,0.005,0.009,0.000561
21000,0.986,0.005,0.009,0.000561
21500,0.986,0.005,0.009,0.000561
22000,0.986,0.005,0.009,0.000561
22500,0.986,0.005,0.009,0.000561
23000,0.991,0.005,0.005,0.000374
23500,0.991,0.005,0.005,0.000374
24000,0.991,0.005,0.005,0.000374
24500,0.991,0.000,0.009,0.000374
25000,0.995,0.000,0.005,0.000187
25500,0.995,0.000,0.005,0.000187
26000,0.995,0.000,0.005,0.000187
26500,0.995,0.000,0.005,0.000187
27000,0.995,0.000,0.005,0.000187
27500,0.995,0.000,0.005,0.000187
28000,0.995,0.000,0.005,0.000187
28500,0.995,0.000,0.005,0.000187
29000,0.995,0.000,0.005,0.000187
29500,0.995,0.000,0.005,0.000187
30000,0.995,0.000,0.005,0.000187
30500,0.995,0.000,0.005,0.000187
31000,0.995,0.000,0.005,0.000187
31500,0.995,0.000,0.005,0.000187
32000,0.995,0.000,0.005,0.000187
32500,1.000,0.000,0.000,0.000000
