time,n_A+p,n_B,n_AB,avg_entropy_simp
500,0.028,0.862,0.111,0.200858
1000,0.065,0.737,0.198,0.314537
1500,0.083,0.788,0.129,0.280462
2000,0.055,0.728,0.217,0.333446
2500,0.083,0.714,0.203,0.349297
3000,0.083,0.733,0.184,0.324953
3500,0.120,0.756,0.124,0.315159
4000,0.120,0.659,0.221,0.380835
4500,0.101,0.627,0.272,0.403639
5000,0.161,0.599,0.240,0.416412
5500,0.106,0.576,0.318,0.410652
6000,0.088,0.618,0.295,0.390473
6500,0.138,0.585,0.276,0.420940
7000,0.129,0.599,0.272,0.412536
7500,0.124,0.562,0.313,0.425613
8000,0.152,0.548,0.300,0.438655
8500,0.147,0.553,0.300,0.434411
9000,0.207,0.498,0.295,0.473095
9500,0.203,0.535,0.263,0.451988
10000,0.189,0.502,0.309,0.471964
10500,0.207,0.419,0.373,0.482526
11000,0.263,0.442,0.295,0.468597
11500,0.309,0.387,0.304,0.481736
12000,0.332,0.332,0.336,0.483722
12500,0.387,0.267,0.346,0.484220
13000,0.447,0.203,0.350,0.461563
13500,0.590,0.106,0.304,0.388659
14000,0.562,0.171,0.267,0.424677
14500,0.571,0.143,0.286,0.420416
15000,0.567,0.171,0.263,0.436939
15500,0.571,0.111,0.318,0.406661
16000,0.737,0.051,0.212,0.275695
16500,0.733,0.092,0.175,0.303182
17000,0.719,0.069,0.212,0.317342
17500,0.751,0.055,0.194,0.263908
18000,0.829,0.037,0.134,0.182370
18500,0.848,0.018,0.134,0.174677
19000,0.945,0.005,0.051,0.055715
19500,0.949,0.005,0.046,0.057006
20000,0.977,0.005,0.018,0.015459
20500,0.991,0.005,0.005,0.000374
21000,0.991,0.005,0.005,0.000374
21500,0.991,0.005,0.005,0.000374
22000,0.991,0.005,0.005,0.000374
22500,0.991,0.005,0.005,0.000374
23000,0.991,0.005,0.005,0.000374
23500,0.991,0.005,0.005,0.000374
24000,0.991,0.005,0.005,0.000374
24500,0.991,0.005,0.005,0.000374
25000,0.991,0.005,0.005,0.000374
25500,0.991,0.005,0.005,0.000374
26000,0.995,0.005,-0.000,0.000187
26500,0.995,0.005,-0.000,0.000187
27000,0.995,0.000,0.005,0.000187
27500,0.995,0.000,0.005,0.000187
28000,0.995,0.000,0.005,0.000187
28500,0.995,0.000,0.005,0.000187
29000,0.995,0.000,0.005,0.000187
29500,0.995,0.000,0.005,0.000187
30000,0.995,0.000,0.005,0.000187
30500,0.995,0.000,0.005,0.000187
31000,0.995,0.000,0.005,0.000187
31500,0.995,0.000,0.005,0.000187
32000,0.995,0.000,0.005,0.000187
32500,0.995,0.000,0.005,0.000187
33000,0.995,0.000,0.005,0.000187
33500,0.995,0.000,0.005,0.000187
34000,0.995,0.000,0.005,0.000187
34500,0.995,0.000,0.005,0.000187
35000,1.000,0.000,0.000,0.000000
