time,n_A+p,n_B,n_AB,avg_entropy_simp
500,0.029,0.942,0.029,0.114003
1000,0.033,0.876,0.091,0.205387
1500,0.033,0.872,0.095,0.203573
2000,0.033,0.814,0.153,0.283714
2500,0.037,0.777,0.186,0.318667
3000,0.041,0.723,0.236,0.365944
3500,0.050,0.645,0.306,0.427953
4000,0.054,0.624,0.322,0.398468
4500,0.074,0.669,0.256,0.388903
5000,0.050,0.636,0.314,0.393425
5500,0.083,0.649,0.269,0.413162
6000,0.091,0.599,0.310,0.426283
6500,0.099,0.566,0.335,0.460523
7000,0.107,0.624,0.269,0.442890
7500,0.103,0.562,0.335,0.479699
8000,0.058,0.690,0.252,0.372369
8500,0.050,0.752,0.198,0.314752
9000,0.050,0.798,0.153,0.294817
9500,0.033,0.756,0.211,0.304336
10000,0.033,0.810,0.157,0.278212
10500,0.041,0.814,0.145,0.261457
11000,0.033,0.756,0.211,0.335905
11500,0.083,0.661,0.256,0.434209
12000,0.062,0.682,0.256,0.411847
12500,0.041,0.698,0.260,0.390859
13000,0.037,0.707,0.256,0.367105
13500,0.029,0.802,0.169,0.260406
14000,0.045,0.789,0.165,0.293454
14500,0.033,0.764,0.202,0.317716
15000,0.054,0.719,0.227,0.364530
15500,0.033,0.760,0.207,0.330368
16000,0.029,0.665,0.306,0.372367
16500,0.095,0.607,0.298,0.458562
17000,0.087,0.595,0.318,0.466669
17500,0.178,0.450,0.372,0.545147
18000,0.182,0.446,0.372,0.544594
18500,0.182,0.351,0.467,0.534160
19000,0.223,0.417,0.360,0.542293
19500,0.198,0.409,0.393,0.533839
20000,0.273,0.248,0.479,0.522868
20500,0.360,0.190,0.450,0.513813
21000,0.620,0.058,0.322,0.356848
21500,0.752,0.041,0.207,0.287858
22000,0.752,0.037,0.211,0.285081
22500,0.868,0.004,0.128,0.156271
23000,0.917,0.004,0.079,0.119416
23500,0.884,0.000,0.116,0.161575
24000,0.921,0.000,0.079,0.110564
24500,0.963,0.000,0.037,0.045336
25000,0.963,0.000,0.037,0.045598
25500,0.975,0.000,0.025,0.038728
26000,0.955,0.000,0.045,0.063328
26500,0.983,0.000,0.017,0.009390
27000,0.983,0.000,0.017,0.013515
27500,0.996,0.000,0.004,0.002714
28000,1.000,0.000,0.000,0.000000
