time,n_A+p,n_B,n_AB,avg_entropy_simp
500,0.029,0.913,0.058,0.135987
1000,0.029,0.893,0.079,0.173070
1500,0.033,0.843,0.124,0.243271
2000,0.037,0.744,0.219,0.320628
2500,0.074,0.595,0.331,0.439356
3000,0.058,0.521,0.421,0.458532
3500,0.107,0.483,0.409,0.498786
4000,0.107,0.504,0.388,0.481103
4500,0.132,0.450,0.417,0.499411
5000,0.107,0.417,0.475,0.483528
5500,0.132,0.471,0.397,0.513420
6000,0.182,0.417,0.401,0.514042
6500,0.169,0.314,0.517,0.496326
7000,0.236,0.322,0.442,0.516330
7500,0.380,0.198,0.421,0.529334
8000,0.347,0.153,0.500,0.506450
8500,0.434,0.087,0.479,0.478393
9000,0.488,0.095,0.417,0.484039
9500,0.471,0.095,0.434,0.474295
10000,0.488,0.062,0.450,0.445991
10500,0.517,0.041,0.442,0.439650
11000,0.521,0.095,0.384,0.477150
11500,0.537,0.066,0.397,0.466959
12000,0.607,0.037,0.355,0.405130
12500,0.661,0.033,0.306,0.401421
13000,0.785,0.017,0.198,0.263953
13500,0.810,0.017,0.174,0.260397
14000,0.806,0.012,0.182,0.254993
14500,0.773,0.012,0.215,0.278173
15000,0.860,0.004,0.136,0.195898
15500,0.897,0.008,0.095,0.145351
16000,0.905,0.008,0.087,0.126674
16500,0.950,0.000,0.050,0.056992
17000,0.959,0.000,0.041,0.058574
17500,0.959,0.000,0.041,0.055289
18000,0.967,0.000,0.033,0.049569
18500,0.963,0.000,0.037,0.066578
19000,0.880,0.000,0.120,0.188731
19500,0.868,0.000,0.132,0.168371
20000,0.868,0.017,0.116,0.197403
20500,0.839,0.004,0.157,0.236428
21000,0.880,0.000,0.120,0.195373
21500,0.967,0.000,0.033,0.045297
22000,0.979,0.000,0.021,0.035547
22500,0.996,0.000,0.004,0.004510
23000,1.000,0.000,0.000,0.000000
