time,n_A+p,n_B,n_AB,avg_entropy_simp
500,0.034,0.927,0.040,0.121008
1000,0.064,0.865,0.070,0.204163
1500,0.055,0.869,0.076,0.193384
2000,0.067,0.853,0.080,0.224602
2500,0.076,0.817,0.107,0.268586
3000,0.135,0.758,0.107,0.297503
3500,0.135,0.716,0.150,0.324630
4000,0.165,0.713,0.122,0.282019
4500,0.199,0.713,0.089,0.279321
5000,0.205,0.670,0.125,0.298041
5500,0.193,0.654,0.153,0.309906
6000,0.248,0.599,0.153,0.343837
6500,0.315,0.550,0.135,0.367262
7000,0.324,0.544,0.131,0.357862
7500,0.315,0.520,0.165,0.397589
8000,0.263,0.575,0.162,0.364380
8500,0.297,0.526,0.177,0.407759
9000,0.318,0.498,0.183,0.356284
9500,0.385,0.453,0.162,0.387555
10000,0.336,0.495,0.168,0.338442
10500,0.330,0.511,0.159,0.280090
11000,0.361,0.517,0.122,0.266750
11500,0.333,0.505,0.162,0.312806
12000,0.382,0.465,0.153,0.301183
12500,0.404,0.459,0.138,0.306000
13000,0.346,0.492,0.162,0.335886
13500,0.385,0.489,0.125,0.342686
14000,0.437,0.456,0.107,0.310686
14500,0.419,0.401,0.180,0.381809
15000,0.471,0.407,0.122,0.351455
15500,0.532,0.324,0.144,0.338472
16000,0.465,0.358,0.177,0.402551
16500,0.502,0.306,0.193,0.401105
17000,0.557,0.275,0.168,0.367708
17500,0.657,0.180,0.162,0.296881
18000,0.700,0.141,0.159,0.301255
18500,0.774,0.128,0.098,0.211962
19000,0.838,0.076,0.086,0.154780
19500,0.887,0.052,0.061,0.113459
20000,0.902,0.049,0.049,0.118250
20500,0.911,0.021,0.067,0.117062
21000,0.951,0.015,0.034,0.065187
21500,0.985,0.003,0.012,0.010995
22000,0.982,0.003,0.015,0.021468
22500,0.991,0.003,0.006,0.006468
23000,0.994,0.003,0.003,0.000998
23500,0.994,0.000,0.006,0.000998
24000,0.994,0.000,0.006,0.000998
24500,0.994,0.000,0.006,0.000998
25000,0.994,0.000,0.006,0.000998
25500,0.994,0.000,0.006,0.000998
26000,0.997,0.000,0.003,0.000285
26500,1.000,0.000,0.000,0.000000
