time,n_A+p,n_B,n_AB,avg_entropy_simp
500,0.028,0.951,0.021,0.076625
1000,0.028,0.856,0.116,0.199234
1500,0.040,0.786,0.174,0.275233
2000,0.043,0.810,0.147,0.259122
2500,0.061,0.783,0.156,0.261970
3000,0.080,0.703,0.217,0.330224
3500,0.107,0.612,0.281,0.394790
4000,0.128,0.566,0.306,0.432121
4500,0.141,0.526,0.333,0.458777
5000,0.217,0.401,0.382,0.499796
5500,0.177,0.440,0.382,0.492094
6000,0.159,0.413,0.428,0.456159
6500,0.159,0.505,0.336,0.465977
7000,0.135,0.498,0.367,0.454720
7500,0.165,0.480,0.355,0.458886
8000,0.229,0.364,0.407,0.498067
8500,0.297,0.312,0.391,0.522171
9000,0.336,0.239,0.425,0.501872
9500,0.367,0.245,0.388,0.487130
10000,0.453,0.211,0.336,0.486664
10500,0.376,0.193,0.431,0.479985
11000,0.379,0.211,0.410,0.471871
11500,0.440,0.193,0.367,0.488923
12000,0.434,0.153,0.413,0.478179
12500,0.440,0.147,0.413,0.455436
13000,0.492,0.156,0.352,0.450686
13500,0.474,0.141,0.385,0.447551
14000,0.529,0.128,0.343,0.410792
14500,0.563,0.098,0.339,0.400304
15000,0.587,0.101,0.312,0.355666
15500,0.612,0.116,0.272,0.412678
16000,0.511,0.150,0.339,0.457326
16500,0.538,0.104,0.358,0.431112
17000,0.581,0.104,0.315,0.422623
17500,0.618,0.110,0.272,0.399386
18000,0.691,0.073,0.235,0.321496
18500,0.670,0.046,0.284,0.366915
19000,0.749,0.040,0.211,0.296801
19500,0.725,0.037,0.239,0.276746
20000,0.716,0.086,0.199,0.304016
20500,0.765,0.028,0.208,0.240901
21000,0.771,0.043,0.187,0.254881
21500,0.752,0.040,0.208,0.283438
22000,0.761,0.031,0.208,0.248978
22500,0.771,0.024,0.205,0.239170
23000,0.810,0.009,0.180,0.210864
23500,0.869,0.003,0.128,0.152504
24000,0.905,0.003,0.092,0.096688
24500,0.924,0.003,0.073,0.075984
25000,0.905,0.006,0.089,0.123967
25500,0.881,0.000,0.119,0.162729
26000,0.890,0.012,0.098,0.160991
26500,0.872,0.003,0.125,0.177491
27000,0.942,0.000,0.058,0.075875
27500,0.966,0.000,0.034,0.036146
28000,0.954,0.000,0.046,0.058268
28500,0.960,0.000,0.040,0.052559
29000,0.976,0.000,0.024,0.033040
29500,0.982,0.000,0.018,0.017781
30000,0.994,0.000,0.006,0.005755
30500,0.997,0.000,0.003,0.000285
31000,0.997,0.000,0.003,0.000285
31500,1.000,0.000,0.000,0.000000
