time,n_A+p,n_B,n_AB,avg_entropy_simp
500,0.028,0.939,0.034,0.085568
1000,0.028,0.936,0.037,0.100896
1500,0.034,0.884,0.083,0.188940
2000,0.052,0.832,0.116,0.241470
2500,0.046,0.832,0.122,0.231514
3000,0.034,0.893,0.073,0.150315
3500,0.052,0.844,0.104,0.215014
4000,0.064,0.719,0.217,0.345228
4500,0.080,0.691,0.229,0.365092
5000,0.083,0.716,0.202,0.335004
5500,0.049,0.758,0.193,0.275442
6000,0.067,0.746,0.187,0.308403
6500,0.089,0.746,0.165,0.282222
7000,0.086,0.731,0.183,0.315679
7500,0.089,0.716,0.196,0.325336
8000,0.144,0.609,0.248,0.422446
8500,0.159,0.587,0.254,0.437128
9000,0.147,0.593,0.260,0.415237
9500,0.208,0.547,0.245,0.459615
10000,0.208,0.508,0.284,0.486542
10500,0.147,0.566,0.287,0.444176
11000,0.153,0.593,0.254,0.416209
11500,0.162,0.541,0.297,0.440085
12000,0.144,0.624,0.232,0.375682
12500,0.135,0.654,0.211,0.353565
13000,0.092,0.648,0.260,0.341621
13500,0.147,0.569,0.284,0.432216
14000,0.165,0.541,0.294,0.426882
14500,0.180,0.532,0.287,0.396946
15000,0.235,0.492,0.272,0.442684
15500,0.287,0.422,0.291,0.430229
16000,0.339,0.388,0.272,0.457349
16500,0.364,0.324,0.312,0.451802
17000,0.379,0.294,0.327,0.507566
17500,0.422,0.223,0.355,0.487482
18000,0.474,0.214,0.312,0.466332
18500,0.474,0.165,0.361,0.465042
19000,0.474,0.211,0.315,0.470485
19500,0.529,0.153,0.318,0.462797
20000,0.541,0.125,0.333,0.452099
20500,0.615,0.113,0.272,0.389884
21000,0.722,0.080,0.199,0.320856
21500,0.725,0.052,0.223,0.305332
22000,0.804,0.018,0.177,0.231352
22500,0.859,0.015,0.125,0.183971
23000,0.869,0.021,0.110,0.179034
23500,0.908,0.009,0.083,0.107267
24000,0.951,0.015,0.034,0.050893
24500,0.933,0.009,0.058,0.077199
25000,0.942,0.003,0.055,0.085957
25500,0.942,0.003,0.055,0.079404
26000,0.960,0.000,0.040,0.041722
26500,0.979,0.000,0.021,0.019729
27000,0.988,0.000,0.012,0.017097
27500,1.000,0.000,0.000,0.000000
