time,n_A+p,n_B,n_AB,avg_entropy_simp
500,0.029,0.826,0.145,0.280795
1000,0.041,0.760,0.198,0.335479
1500,0.050,0.607,0.343,0.442778
2000,0.050,0.682,0.269,0.386770
2500,0.087,0.628,0.285,0.420567
3000,0.062,0.620,0.318,0.425063
3500,0.058,0.587,0.355,0.447454
4000,0.050,0.541,0.409,0.448329
4500,0.145,0.351,0.504,0.505304
5000,0.207,0.277,0.517,0.522219
5500,0.269,0.269,0.463,0.545428
6000,0.351,0.161,0.488,0.503060
6500,0.421,0.079,0.500,0.476311
7000,0.434,0.157,0.409,0.510227
7500,0.434,0.116,0.450,0.480821
8000,0.471,0.099,0.430,0.472799
8500,0.450,0.079,0.471,0.465721
9000,0.521,0.079,0.401,0.459852
9500,0.591,0.050,0.360,0.424782
10000,0.624,0.045,0.331,0.414485
10500,0.694,0.029,0.277,0.355948
11000,0.781,0.008,0.211,0.274939
11500,0.822,0.000,0.178,0.228146
12000,0.835,0.008,0.157,0.243872
12500,0.818,0.000,0.182,0.269638
13000,0.814,0.008,0.178,0.264069
13500,0.806,0.017,0.178,0.249600
14000,0.806,0.004,0.190,0.244757
14500,0.835,0.008,0.157,0.234319
15000,0.773,0.000,0.227,0.286183
15500,0.798,0.017,0.186,0.261782
16000,0.798,0.012,0.190,0.255808
16500,0.847,0.000,0.153,0.200181
17000,0.909,0.004,0.087,0.121247
17500,0.888,0.000,0.112,0.157473
18000,0.868,0.000,0.132,0.167579
18500,0.938,0.000,0.062,0.081594
19000,0.926,0.000,0.074,0.116244
19500,0.893,0.004,0.103,0.165077
20000,0.880,0.000,0.120,0.188235
20500,0.888,0.008,0.103,0.173375
21000,0.872,0.008,0.120,0.187364
21500,0.905,0.000,0.095,0.155959
22000,0.909,0.000,0.091,0.145916
22500,0.905,0.000,0.095,0.152397
23000,0.872,0.000,0.128,0.192826
23500,0.921,0.004,0.074,0.098758
24000,0.909,0.000,0.091,0.126852
24500,0.950,0.000,0.050,0.069831
25000,0.971,0.000,0.029,0.025091
25500,0.959,0.000,0.041,0.060926
26000,0.975,0.000,0.025,0.033238
26500,0.983,0.000,0.017,0.012758
27000,0.992,0.000,0.008,0.006177
27500,0.992,0.000,0.008,0.007898
28000,0.983,0.000,0.017,0.013962
28500,0.988,0.000,0.012,0.010404
29000,0.996,0.000,0.004,0.003399
29500,0.988,0.000,0.012,0.021621
30000,0.963,0.004,0.033,0.066113
30500,0.934,0.004,0.062,0.089849
31000,0.897,0.000,0.103,0.140924
31500,0.888,0.008,0.103,0.169057
32000,0.876,0.000,0.124,0.185898
32500,0.909,0.000,0.091,0.128706
33000,0.946,0.000,0.054,0.076535
33500,0.983,0.000,0.017,0.025803
34000,0.996,0.000,0.004,0.004889
34500,1.000,0.000,0.000,0.000000
