time,n_A+p,n_B,n_AB,avg_entropy_simp
500,0.029,0.868,0.103,0.182432
1000,0.033,0.785,0.182,0.294647
1500,0.033,0.744,0.223,0.316703
2000,0.050,0.810,0.140,0.254740
2500,0.033,0.835,0.132,0.252516
3000,0.045,0.814,0.140,0.271892
3500,0.033,0.851,0.116,0.225611
4000,0.029,0.868,0.103,0.202469
4500,0.033,0.756,0.211,0.323427
5000,0.033,0.731,0.236,0.350619
5500,0.041,0.744,0.215,0.346054
6000,0.041,0.727,0.231,0.364463
6500,0.033,0.789,0.178,0.275946
7000,0.045,0.769,0.186,0.338635
7500,0.050,0.727,0.223,0.361155
8000,0.041,0.723,0.236,0.375134
8500,0.037,0.785,0.178,0.297427
9000,0.058,0.640,0.302,0.438654
9500,0.070,0.632,0.298,0.436407
10000,0.070,0.570,0.360,0.463397
10500,0.091,0.624,0.285,0.440548
11000,0.045,0.624,0.331,0.412422
11500,0.062,0.640,0.298,0.417753
12000,0.041,0.682,0.277,0.398150
12500,0.041,0.624,0.335,0.431602
13000,0.070,0.603,0.326,0.445505
13500,0.054,0.566,0.380,0.443610
14000,0.091,0.645,0.264,0.391850
14500,0.132,0.483,0.384,0.498739
15000,0.087,0.492,0.421,0.460958
15500,0.136,0.434,0.430,0.507548
16000,0.202,0.360,0.438,0.514765
16500,0.207,0.351,0.442,0.532713
17000,0.256,0.310,0.434,0.534461
17500,0.343,0.219,0.438,0.537339
18000,0.248,0.227,0.525,0.507989
18500,0.281,0.269,0.450,0.549843
19000,0.376,0.145,0.479,0.512688
19500,0.500,0.095,0.405,0.462898
20000,0.525,0.095,0.380,0.463889
20500,0.591,0.074,0.335,0.421982
21000,0.583,0.029,0.388,0.412732
21500,0.719,0.029,0.252,0.338957
22000,0.802,0.012,0.186,0.260959
22500,0.831,0.008,0.161,0.226863
23000,0.901,0.008,0.091,0.149811
23500,0.905,0.000,0.095,0.146767
24000,0.979,0.000,0.021,0.024197
24500,0.992,0.000,0.008,0.007898
25000,0.996,0.000,0.004,0.002605
25500,1.000,0.000,0.000,0.000000
