time,n_A+p,n_B,n_AB,avg_entropy_simp
500,0.029,0.921,0.050,0.124404
1000,0.029,0.851,0.120,0.227732
1500,0.029,0.802,0.169,0.293991
2000,0.033,0.764,0.202,0.324820
2500,0.054,0.640,0.306,0.403041
3000,0.033,0.554,0.413,0.437496
3500,0.091,0.591,0.318,0.423342
4000,0.099,0.570,0.331,0.467624
4500,0.099,0.558,0.343,0.458763
5000,0.050,0.566,0.384,0.440807
5500,0.045,0.587,0.368,0.435378
6000,0.103,0.550,0.347,0.475069
6500,0.054,0.517,0.430,0.459495
7000,0.091,0.562,0.347,0.479726
7500,0.083,0.483,0.434,0.483617
8000,0.095,0.562,0.343,0.472031
8500,0.099,0.459,0.442,0.497147
9000,0.182,0.380,0.438,0.523631
9500,0.153,0.355,0.492,0.509057
10000,0.248,0.293,0.459,0.528570
10500,0.289,0.227,0.483,0.529968
11000,0.236,0.215,0.550,0.487690
11500,0.198,0.227,0.574,0.495656
12000,0.302,0.223,0.475,0.540114
12500,0.269,0.240,0.492,0.510634
13000,0.380,0.186,0.434,0.519927
13500,0.388,0.157,0.455,0.513785
14000,0.376,0.136,0.488,0.493526
14500,0.380,0.194,0.426,0.535577
15000,0.471,0.099,0.430,0.489774
15500,0.541,0.103,0.355,0.450636
16000,0.521,0.062,0.417,0.437490
16500,0.570,0.058,0.372,0.412255
17000,0.550,0.054,0.397,0.427034
17500,0.624,0.095,0.281,0.420538
18000,0.636,0.050,0.314,0.394912
18500,0.640,0.029,0.331,0.404076
19000,0.674,0.008,0.318,0.333023
19500,0.731,0.000,0.269,0.291996
20000,0.748,0.012,0.240,0.278767
20500,0.802,0.008,0.190,0.206747
21000,0.798,0.008,0.194,0.256667
21500,0.802,0.008,0.190,0.250775
22000,0.764,0.000,0.236,0.275643
22500,0.893,0.000,0.107,0.163794
23000,0.930,0.000,0.070,0.095699
23500,0.950,0.000,0.050,0.071836
24000,0.992,0.000,0.008,0.005299
24500,0.996,0.000,0.004,0.002169
25000,0.996,0.000,0.004,0.002169
25500,0.996,0.000,0.004,0.002169
26000,0.996,0.000,0.004,0.002169
26500,0.988,0.000,0.012,0.013816
27000,0.975,0.000,0.025,0.024774
27500,0.983,0.000,0.017,0.013298
28000,0.988,0.000,0.012,0.011251
28500,0.996,0.000,0.004,0.002605
29000,1.000,0.000,0.000,0.000000
