time,n_A+p,n_B,n_AB,avg_entropy_simp
500,0.037,0.905,0.058,0.148703
1000,0.079,0.814,0.107,0.266992
1500,0.070,0.698,0.231,0.380963
2000,0.054,0.847,0.099,0.206324
2500,0.054,0.731,0.215,0.322713
3000,0.074,0.674,0.252,0.388241
3500,0.095,0.640,0.264,0.441161
4000,0.107,0.636,0.256,0.420514
4500,0.112,0.707,0.182,0.356986
5000,0.140,0.665,0.194,0.403711
5500,0.120,0.603,0.277,0.453867
6000,0.112,0.690,0.198,0.393467
6500,0.120,0.607,0.273,0.455665
7000,0.091,0.628,0.281,0.429383
7500,0.182,0.504,0.314,0.528956
8000,0.165,0.545,0.289,0.499288
8500,0.058,0.690,0.252,0.361731
9000,0.099,0.657,0.244,0.393578
9500,0.132,0.620,0.248,0.439635
10000,0.116,0.562,0.322,0.478468
10500,0.194,0.479,0.326,0.511791
11000,0.165,0.545,0.289,0.463720
11500,0.153,0.533,0.314,0.477580
12000,0.128,0.649,0.223,0.419594
12500,0.136,0.587,0.277,0.448582
13000,0.202,0.541,0.256,0.484633
13500,0.207,0.467,0.326,0.540435
14000,0.182,0.512,0.306,0.518873
14500,0.198,0.483,0.318,0.536212
15000,0.236,0.417,0.347,0.543462
15500,0.260,0.471,0.269,0.535412
16000,0.281,0.405,0.314,0.547773
16500,0.219,0.438,0.343,0.542090
17000,0.298,0.438,0.264,0.516007
17500,0.277,0.426,0.298,0.532731
18000,0.314,0.314,0.372,0.557489
18500,0.393,0.256,0.351,0.545216
19000,0.426,0.244,0.331,0.540857
19500,0.368,0.360,0.273,0.532900
20000,0.388,0.331,0.281,0.525062
20500,0.380,0.289,0.331,0.532645
21000,0.351,0.318,0.331,0.550908
21500,0.264,0.401,0.335,0.545517
22000,0.306,0.326,0.368,0.574877
22500,0.388,0.306,0.306,0.557584
23000,0.331,0.281,0.388,0.563013
23500,0.368,0.269,0.364,0.562047
24000,0.318,0.264,0.417,0.553247
24500,0.347,0.339,0.314,0.565108
25000,0.450,0.211,0.339,0.525104
25500,0.417,0.236,0.347,0.540948
26000,0.500,0.219,0.281,0.503792
26500,0.686,0.091,0.223,0.386553
27000,0.769,0.054,0.178,0.290622
27500,0.822,0.012,0.165,0.222883
28000,0.872,0.012,0.116,0.174645
28500,0.876,0.004,0.120,0.157444
29000,0.930,0.000,0.070,0.087688
29500,0.921,0.012,0.066,0.111243
30000,0.950,0.000,0.050,0.057631
30500,0.967,0.000,0.033,0.040409
31000,0.988,0.000,0.012,0.020747
31500,0.992,0.000,0.008,0.018193
32000,1.000,0.000,0.000,0.000000
