time,n_A+p,n_B,n_AB,avg_entropy_simp
500,0.029,0.938,0.033,0.085749
1000,0.033,0.909,0.058,0.134047
1500,0.058,0.835,0.107,0.248894
2000,0.062,0.731,0.207,0.358539
2500,0.103,0.640,0.256,0.447999
3000,0.132,0.554,0.314,0.499044
3500,0.182,0.467,0.351,0.540415
4000,0.136,0.554,0.310,0.481129
4500,0.120,0.517,0.364,0.498940
5000,0.157,0.504,0.339,0.506987
5500,0.223,0.450,0.326,0.542645
6000,0.198,0.442,0.360,0.530589
6500,0.360,0.248,0.393,0.551622
7000,0.401,0.174,0.426,0.536692
7500,0.372,0.223,0.405,0.540674
8000,0.355,0.215,0.430,0.547924
8500,0.380,0.202,0.417,0.555622
9000,0.525,0.083,0.393,0.456090
9500,0.624,0.087,0.289,0.405849
10000,0.674,0.029,0.298,0.362561
10500,0.628,0.099,0.273,0.440063
11000,0.649,0.062,0.289,0.418301
11500,0.599,0.062,0.339,0.438657
12000,0.694,0.033,0.273,0.369917
12500,0.769,0.029,0.202,0.311996
13000,0.897,0.008,0.095,0.154581
13500,0.831,0.033,0.136,0.267148
14000,0.723,0.033,0.244,0.354396
14500,0.715,0.050,0.236,0.351839
15000,0.702,0.050,0.248,0.346251
15500,0.674,0.079,0.248,0.394709
16000,0.678,0.045,0.277,0.378144
16500,0.649,0.087,0.264,0.420951
17000,0.719,0.037,0.244,0.331189
17500,0.752,0.021,0.227,0.308670
18000,0.748,0.062,0.190,0.288072
18500,0.744,0.029,0.227,0.299221
19000,0.636,0.062,0.302,0.413234
19500,0.736,0.050,0.215,0.346440
20000,0.789,0.033,0.178,0.284069
20500,0.789,0.029,0.182,0.282386
21000,0.822,0.021,0.157,0.249389
21500,0.884,0.025,0.091,0.177597
22000,0.843,0.017,0.140,0.196088
22500,0.913,0.004,0.083,0.110717
23000,0.921,0.004,0.074,0.107341
23500,0.942,0.004,0.054,0.087886
24000,0.942,0.004,0.054,0.085103
24500,0.967,0.004,0.029,0.046866
25000,0.946,0.008,0.045,0.063946
25500,0.942,0.000,0.058,0.071880
26000,0.975,0.000,0.025,0.027704
26500,0.975,0.000,0.025,0.038367
27000,0.979,0.000,0.021,0.031415
27500,0.992,0.000,0.008,0.012129
28000,1.000,0.000,0.000,0.000000
