time,n_A+p,n_B,n_AB,avg_entropy_simp
500,0.029,0.888,0.083,0.155410
1000,0.033,0.847,0.120,0.208228
1500,0.066,0.752,0.182,0.339502
2000,0.099,0.686,0.215,0.411675
2500,0.079,0.624,0.298,0.426123
3000,0.083,0.715,0.202,0.348683
3500,0.136,0.587,0.277,0.458745
4000,0.145,0.591,0.264,0.464656
4500,0.165,0.537,0.298,0.489145
5000,0.227,0.496,0.277,0.525776
5500,0.240,0.463,0.298,0.532770
6000,0.207,0.434,0.360,0.537977
6500,0.165,0.525,0.310,0.494779
7000,0.157,0.517,0.326,0.518582
7500,0.140,0.525,0.335,0.498617
8000,0.227,0.455,0.318,0.535175
8500,0.360,0.326,0.314,0.543328
9000,0.380,0.273,0.347,0.539219
9500,0.413,0.227,0.360,0.547391
10000,0.360,0.298,0.343,0.560069
10500,0.384,0.273,0.343,0.554411
11000,0.302,0.360,0.339,0.522623
11500,0.384,0.244,0.372,0.553054
12000,0.384,0.285,0.331,0.560929
12500,0.496,0.215,0.289,0.507736
13000,0.570,0.165,0.264,0.463570
13500,0.636,0.112,0.252,0.413569
14000,0.492,0.174,0.335,0.505811
14500,0.525,0.140,0.335,0.490123
15000,0.579,0.153,0.269,0.455354
15500,0.727,0.058,0.215,0.323432
16000,0.731,0.037,0.231,0.316143
16500,0.789,0.021,0.190,0.237242
17000,0.872,0.004,0.124,0.169314
17500,0.913,0.004,0.083,0.107791
18000,0.905,0.000,0.095,0.130681
18500,0.855,0.000,0.145,0.219853
19000,0.872,0.008,0.120,0.202100
19500,0.826,0.037,0.136,0.249745
20000,0.814,0.045,0.140,0.275033
20500,0.785,0.021,0.194,0.290017
21000,0.777,0.021,0.202,0.317774
21500,0.727,0.066,0.207,0.370438
22000,0.773,0.029,0.198,0.308134
22500,0.876,0.025,0.099,0.187069
23000,0.876,0.021,0.103,0.195867
23500,0.926,0.000,0.074,0.141762
24000,0.996,0.000,0.004,0.002141
24500,1.000,0.000,0.000,0.000000
