time,n_A+p,n_B,n_AB,avg_entropy_simp
500,0.029,0.917,0.054,0.139473
1000,0.037,0.810,0.153,0.281737
1500,0.087,0.769,0.145,0.311605
2000,0.045,0.781,0.174,0.291634
2500,0.050,0.740,0.211,0.326491
3000,0.066,0.702,0.231,0.375921
3500,0.033,0.711,0.256,0.358425
4000,0.033,0.740,0.227,0.329416
4500,0.045,0.740,0.215,0.330068
5000,0.079,0.653,0.269,0.435114
5500,0.066,0.595,0.339,0.443615
6000,0.074,0.550,0.376,0.475750
6500,0.095,0.541,0.364,0.485008
7000,0.062,0.628,0.310,0.410776
7500,0.074,0.694,0.231,0.386096
8000,0.062,0.612,0.326,0.438939
8500,0.107,0.545,0.347,0.489230
9000,0.070,0.479,0.450,0.453075
9500,0.045,0.674,0.281,0.400092
10000,0.029,0.686,0.285,0.385641
10500,0.041,0.690,0.269,0.352003
11000,0.033,0.769,0.198,0.304858
11500,0.041,0.773,0.186,0.304521
12000,0.037,0.773,0.190,0.286856
12500,0.037,0.682,0.281,0.367574
13000,0.058,0.682,0.260,0.376278
13500,0.062,0.744,0.194,0.289335
14000,0.054,0.711,0.236,0.335489
14500,0.054,0.698,0.248,0.354522
15000,0.037,0.715,0.248,0.361903
15500,0.050,0.640,0.310,0.426845
16000,0.037,0.678,0.285,0.385130
16500,0.041,0.690,0.269,0.368353
17000,0.054,0.628,0.318,0.393522
17500,0.066,0.545,0.388,0.458781
18000,0.107,0.504,0.388,0.467852
18500,0.153,0.426,0.421,0.536028
19000,0.174,0.273,0.554,0.479853
19500,0.182,0.351,0.467,0.517520
20000,0.264,0.277,0.459,0.523737
20500,0.215,0.293,0.492,0.532621
21000,0.364,0.207,0.430,0.542849
21500,0.421,0.136,0.442,0.510105
22000,0.339,0.165,0.496,0.510300
22500,0.331,0.240,0.430,0.550064
23000,0.289,0.207,0.504,0.511142
23500,0.322,0.157,0.521,0.499554
24000,0.364,0.182,0.455,0.537949
24500,0.417,0.157,0.426,0.527390
25000,0.455,0.145,0.401,0.515612
25500,0.537,0.095,0.368,0.460296
26000,0.628,0.041,0.331,0.376107
26500,0.740,0.017,0.244,0.274279
27000,0.798,0.004,0.198,0.211495
27500,0.864,0.000,0.136,0.154134
28000,0.880,0.008,0.112,0.150021
28500,0.959,0.004,0.037,0.042701
29000,0.905,0.004,0.091,0.139735
29500,0.905,0.004,0.091,0.155267
30000,0.917,0.004,0.079,0.127324
30500,0.847,0.008,0.145,0.232319
31000,0.884,0.000,0.116,0.151464
31500,0.876,0.000,0.124,0.169356
32000,0.893,0.000,0.107,0.126248
32500,0.905,0.000,0.095,0.137336
33000,0.926,0.008,0.066,0.101388
33500,0.938,0.012,0.050,0.071588
34000,0.950,0.004,0.045,0.080509
34500,0.988,0.004,0.008,0.011881
35000,0.983,0.000,0.017,0.020873
35500,1.000,0.000,0.000,0.000000
