time,n_A+p,n_B,n_AB,avg_entropy_simp
500,0.029,0.926,0.045,0.135915
1000,0.033,0.785,0.182,0.307015
1500,0.033,0.740,0.227,0.342837
2000,0.033,0.736,0.231,0.348846
2500,0.041,0.702,0.256,0.363184
3000,0.066,0.694,0.240,0.391336
3500,0.037,0.669,0.293,0.385438
4000,0.074,0.570,0.355,0.459678
4500,0.091,0.562,0.347,0.460665
5000,0.120,0.455,0.426,0.516122
5500,0.120,0.409,0.471,0.505014
6000,0.145,0.314,0.541,0.499402
6500,0.223,0.322,0.455,0.543103
7000,0.198,0.339,0.463,0.517631
7500,0.149,0.318,0.533,0.487148
8000,0.169,0.339,0.492,0.510321
8500,0.244,0.244,0.512,0.509825
9000,0.293,0.231,0.475,0.541746
9500,0.248,0.178,0.574,0.475545
10000,0.260,0.240,0.500,0.551548
10500,0.264,0.198,0.537,0.510904
11000,0.285,0.149,0.566,0.496712
11500,0.264,0.219,0.517,0.523378
12000,0.368,0.136,0.496,0.504699
12500,0.434,0.112,0.455,0.490599
13000,0.512,0.107,0.380,0.479646
13500,0.508,0.087,0.405,0.465732
14000,0.475,0.074,0.450,0.466009
14500,0.471,0.103,0.426,0.504636
15000,0.430,0.066,0.504,0.448392
15500,0.512,0.062,0.426,0.413299
16000,0.529,0.070,0.401,0.435851
16500,0.603,0.041,0.355,0.390768
17000,0.525,0.070,0.405,0.448821
17500,0.587,0.045,0.368,0.412206
18000,0.702,0.025,0.273,0.333815
18500,0.636,0.025,0.339,0.385029
19000,0.723,0.012,0.264,0.330589
19500,0.694,0.012,0.293,0.350888
20000,0.752,0.029,0.219,0.325792
20500,0.744,0.033,0.223,0.300644
21000,0.727,0.017,0.256,0.304385
21500,0.748,0.008,0.244,0.301541
22000,0.835,0.008,0.157,0.199821
22500,0.880,0.008,0.112,0.175860
23000,0.864,0.000,0.136,0.191388
23500,0.777,0.004,0.219,0.307189
24000,0.835,0.008,0.157,0.203501
24500,0.744,0.017,0.240,0.339019
25000,0.835,0.004,0.161,0.203948
25500,0.822,0.004,0.174,0.240397
26000,0.897,0.000,0.103,0.136581
26500,0.913,0.000,0.087,0.121984
27000,0.909,0.000,0.091,0.120866
27500,0.839,0.000,0.161,0.247136
28000,0.938,0.000,0.062,0.101397
28500,0.926,0.000,0.074,0.130901
29000,0.955,0.000,0.045,0.062579
29500,0.950,0.000,0.050,0.063494
30000,0.913,0.000,0.087,0.130018
30500,0.946,0.000,0.054,0.077294
31000,0.938,0.000,0.062,0.088083
31500,0.963,0.000,0.037,0.055375
32000,0.946,0.000,0.054,0.074489
32500,0.971,0.000,0.029,0.036001
33000,0.988,0.000,0.012,0.010934
33500,0.979,0.000,0.021,0.026096
34000,0.992,0.000,0.008,0.009058
34500,0.988,0.000,0.012,0.011987
35000,1.000,0.000,0.000,0.000000
