time,n_A+p,n_B,n_AB,avg_entropy_simp
500,0.028,0.935,0.037,0.095878
1000,0.032,0.857,0.111,0.198486
1500,0.046,0.825,0.129,0.220664
2000,0.032,0.862,0.106,0.167154
2500,0.032,0.816,0.152,0.237801
3000,0.041,0.714,0.244,0.334876
3500,0.088,0.636,0.276,0.375182
4000,0.152,0.636,0.212,0.390606
4500,0.111,0.562,0.327,0.419074
5000,0.212,0.415,0.373,0.469668
5500,0.313,0.304,0.382,0.494935
6000,0.309,0.359,0.332,0.491466
6500,0.295,0.355,0.350,0.487759
7000,0.373,0.267,0.359,0.485699
7500,0.304,0.309,0.387,0.499086
8000,0.359,0.240,0.401,0.481985
8500,0.433,0.258,0.309,0.470051
9000,0.373,0.263,0.364,0.481028
9500,0.424,0.175,0.401,0.442847
10000,0.530,0.161,0.309,0.423807
10500,0.571,0.101,0.327,0.409098
11000,0.581,0.134,0.286,0.405075
11500,0.530,0.134,0.336,0.435052
12000,0.498,0.152,0.350,0.446973
12500,0.502,0.161,0.336,0.454005
13000,0.498,0.175,0.327,0.442021
13500,0.493,0.124,0.382,0.422061
14000,0.535,0.120,0.346,0.412713
14500,0.544,0.161,0.295,0.430424
15000,0.475,0.198,0.327,0.458220
15500,0.406,0.258,0.336,0.490121
16000,0.429,0.198,0.373,0.477120
16500,0.378,0.217,0.406,0.488971
17000,0.410,0.161,0.429,0.461506
17500,0.456,0.175,0.369,0.475422
18000,0.424,0.152,0.424,0.463629
18500,0.562,0.120,0.318,0.418375
19000,0.581,0.074,0.346,0.401168
19500,0.659,0.078,0.263,0.368373
20000,0.668,0.060,0.272,0.351557
20500,0.654,0.046,0.300,0.338073
21000,0.747,0.032,0.221,0.274322
21500,0.747,0.023,0.230,0.300243
22000,0.760,0.023,0.217,0.281206
22500,0.820,0.018,0.161,0.219848
23000,0.894,0.005,0.101,0.113405
23500,0.949,0.005,0.046,0.041354
24000,0.945,0.000,0.055,0.064813
24500,0.949,0.000,0.051,0.069966
25000,0.968,0.000,0.032,0.034214
25500,0.954,0.005,0.041,0.054263
26000,0.959,0.000,0.041,0.041696
26500,0.972,0.000,0.028,0.029112
27000,0.986,0.000,0.014,0.007686
27500,0.991,0.000,0.009,0.005704
28000,0.986,0.000,0.014,0.010898
28500,0.991,0.000,0.009,0.005972
29000,0.995,0.000,0.005,0.000187
29500,0.995,0.000,0.005,0.000187
30000,0.995,0.000,0.005,0.000187
30500,1.000,0.000,0.000,0.000000
