time,n_A+p,n_B,n_AB,avg_entropy_simp
500,0.028,0.930,0.043,0.112756
1000,0.037,0.924,0.040,0.106654
1500,0.043,0.884,0.073,0.163680
2000,0.067,0.856,0.076,0.196846
2500,0.070,0.847,0.083,0.206692
3000,0.080,0.755,0.165,0.322528
3500,0.073,0.829,0.098,0.241518
4000,0.052,0.856,0.092,0.195700
4500,0.049,0.878,0.073,0.165659
5000,0.055,0.878,0.067,0.172986
5500,0.092,0.798,0.110,0.251312
6000,0.165,0.731,0.104,0.258732
6500,0.177,0.691,0.131,0.295318
7000,0.187,0.661,0.153,0.368235
7500,0.183,0.636,0.180,0.370636
8000,0.168,0.642,0.190,0.352551
8500,0.156,0.694,0.150,0.284412
9000,0.202,0.661,0.138,0.275410
9500,0.180,0.645,0.174,0.354325
10000,0.171,0.706,0.122,0.273737
10500,0.187,0.639,0.174,0.315337
11000,0.193,0.651,0.156,0.343991
11500,0.220,0.618,0.162,0.348123
12000,0.251,0.609,0.141,0.325615
12500,0.214,0.602,0.183,0.331345
13000,0.190,0.636,0.174,0.333699
13500,0.263,0.596,0.141,0.342151
14000,0.248,0.593,0.159,0.317493
14500,0.272,0.621,0.107,0.255042
15000,0.214,0.618,0.168,0.303751
15500,0.257,0.563,0.180,0.372837
16000,0.297,0.554,0.150,0.326802
16500,0.361,0.514,0.125,0.304658
17000,0.330,0.547,0.122,0.262901
17500,0.318,0.578,0.104,0.243100
18000,0.300,0.575,0.125,0.238100
18500,0.294,0.581,0.125,0.272985
19000,0.336,0.575,0.089,0.240000
19500,0.367,0.474,0.159,0.357953
20000,0.349,0.532,0.119,0.317159
20500,0.300,0.554,0.147,0.322360
21000,0.358,0.502,0.141,0.376739
21500,0.370,0.446,0.183,0.389211
22000,0.382,0.434,0.183,0.384516
22500,0.498,0.352,0.150,0.339352
23000,0.575,0.263,0.162,0.348404
23500,0.590,0.266,0.144,0.319669
24000,0.633,0.196,0.171,0.341662
24500,0.743,0.122,0.135,0.260842
25000,0.789,0.107,0.104,0.222744
25500,0.835,0.107,0.058,0.162681
26000,0.835,0.064,0.101,0.201844
26500,0.841,0.064,0.095,0.210886
27000,0.896,0.049,0.055,0.146219
27500,0.869,0.055,0.076,0.173065
28000,0.893,0.028,0.080,0.134421
28500,0.927,0.018,0.055,0.100036
29000,0.951,0.009,0.040,0.063217
29500,0.976,0.000,0.024,0.027621
30000,0.994,0.000,0.006,0.003529
30500,0.994,0.000,0.006,0.003529
31000,0.997,0.000,0.003,0.001117
31500,0.994,0.000,0.006,0.006136
32000,0.997,0.000,0.003,0.001117
32500,1.000,0.000,0.000,0.000000
