time,n_A+p,n_B,n_AB,avg_entropy_simp
500,0.028,0.933,0.040,0.101577
1000,0.070,0.792,0.138,0.262457
1500,0.046,0.817,0.138,0.218294
2000,0.055,0.792,0.153,0.244484
2500,0.058,0.774,0.168,0.266215
3000,0.083,0.765,0.153,0.273790
3500,0.098,0.743,0.159,0.310104
4000,0.113,0.734,0.153,0.333518
4500,0.174,0.651,0.174,0.402456
5000,0.162,0.541,0.297,0.471741
5500,0.208,0.550,0.242,0.419380
6000,0.165,0.584,0.251,0.426683
6500,0.174,0.544,0.281,0.450974
7000,0.174,0.569,0.257,0.457682
7500,0.171,0.529,0.300,0.481793
8000,0.239,0.529,0.232,0.475640
8500,0.226,0.431,0.343,0.514103
9000,0.318,0.401,0.281,0.484939
9500,0.321,0.450,0.229,0.448972
10000,0.300,0.388,0.312,0.475686
10500,0.370,0.300,0.330,0.488162
11000,0.480,0.217,0.303,0.453471
11500,0.437,0.251,0.312,0.479397
12000,0.523,0.196,0.281,0.427993
12500,0.630,0.131,0.239,0.347888
13000,0.630,0.131,0.239,0.363607
13500,0.639,0.104,0.257,0.352889
14000,0.691,0.089,0.220,0.323859
14500,0.740,0.080,0.180,0.284396
15000,0.777,0.052,0.171,0.262938
15500,0.869,0.018,0.113,0.172425
16000,0.942,0.000,0.058,0.057814
16500,0.920,0.000,0.080,0.099930
17000,0.939,0.009,0.052,0.094646
17500,0.914,0.018,0.067,0.129352
18000,0.920,0.009,0.070,0.100651
18500,0.939,0.012,0.049,0.066121
19000,0.945,0.000,0.055,0.078179
19500,0.945,0.000,0.055,0.075256
20000,0.966,0.015,0.018,0.057797
20500,0.969,0.003,0.028,0.047342
21000,0.960,0.009,0.031,0.071337
21500,0.988,0.000,0.012,0.017776
22000,0.994,0.000,0.006,0.006120
22500,0.991,0.000,0.009,0.011100
23000,0.994,0.000,0.006,0.006548
23500,1.000,0.000,0.000,0.000000
