time,n_A+p,n_B,n_AB,avg_entropy_simp
500,0.045,0.864,0.091,0.206366
1000,0.066,0.806,0.128,0.277105
1500,0.037,0.876,0.087,0.190224
2000,0.054,0.843,0.103,0.228493
2500,0.050,0.810,0.140,0.279362
3000,0.041,0.810,0.149,0.246630
3500,0.041,0.843,0.116,0.233311
4000,0.033,0.864,0.103,0.194989
4500,0.070,0.802,0.128,0.288268
5000,0.099,0.748,0.153,0.337299
5500,0.058,0.793,0.149,0.307866
6000,0.099,0.752,0.149,0.327349
6500,0.087,0.764,0.149,0.326053
7000,0.103,0.690,0.207,0.394311
7500,0.083,0.686,0.231,0.416685
8000,0.145,0.599,0.256,0.473785
8500,0.132,0.665,0.202,0.427127
9000,0.186,0.624,0.190,0.450140
9500,0.116,0.707,0.178,0.382036
10000,0.099,0.752,0.149,0.341891
10500,0.099,0.715,0.186,0.359768
11000,0.153,0.649,0.198,0.436623
11500,0.169,0.620,0.211,0.454810
12000,0.186,0.545,0.269,0.487547
12500,0.211,0.554,0.236,0.495574
13000,0.157,0.624,0.219,0.424777
13500,0.202,0.541,0.256,0.522794
14000,0.335,0.380,0.285,0.558546
14500,0.388,0.285,0.326,0.556099
15000,0.326,0.355,0.318,0.567641
15500,0.388,0.339,0.273,0.547285
16000,0.479,0.298,0.223,0.525607
16500,0.628,0.145,0.227,0.453999
17000,0.835,0.033,0.132,0.199216
17500,0.905,0.021,0.074,0.128036
18000,0.926,0.017,0.058,0.100592
18500,0.963,0.008,0.029,0.039496
19000,0.938,0.008,0.054,0.104850
19500,0.979,0.000,0.021,0.032901
20000,0.992,0.000,0.008,0.016156
20500,1.000,0.000,0.000,0.000000
