time,n_A+p,n_B,n_AB,avg_entropy_simp
500,0.045,0.872,0.083,0.187117
1000,0.041,0.789,0.169,0.307565
1500,0.058,0.818,0.124,0.255255
2000,0.058,0.773,0.169,0.275549
2500,0.103,0.657,0.240,0.403221
3000,0.099,0.690,0.211,0.371399
3500,0.087,0.694,0.219,0.393511
4000,0.083,0.694,0.223,0.383060
4500,0.062,0.711,0.227,0.368672
5000,0.074,0.674,0.252,0.390971
5500,0.112,0.669,0.219,0.383735
6000,0.165,0.512,0.322,0.525435
6500,0.149,0.587,0.264,0.472508
7000,0.211,0.455,0.335,0.554180
7500,0.260,0.438,0.302,0.560553
8000,0.219,0.488,0.293,0.515675
8500,0.178,0.533,0.289,0.526274
9000,0.264,0.401,0.335,0.548360
9500,0.202,0.504,0.293,0.537882
10000,0.202,0.471,0.326,0.515988
10500,0.202,0.467,0.331,0.512289
11000,0.165,0.562,0.273,0.478362
11500,0.198,0.496,0.306,0.524931
12000,0.343,0.388,0.269,0.513722
12500,0.298,0.384,0.318,0.551145
13000,0.310,0.355,0.335,0.563391
13500,0.326,0.384,0.289,0.567548
14000,0.302,0.355,0.343,0.556061
14500,0.376,0.269,0.355,0.547396
15000,0.434,0.219,0.347,0.522929
15500,0.479,0.194,0.326,0.494259
16000,0.694,0.099,0.207,0.326355
16500,0.839,0.033,0.128,0.208551
17000,0.864,0.037,0.099,0.189773
17500,0.930,0.004,0.066,0.104234
18000,0.983,0.000,0.017,0.024756
18500,0.992,0.000,0.008,0.008061
19000,0.996,0.000,0.004,0.001639
19500,0.996,0.000,0.004,0.001639
20000,0.996,0.000,0.004,0.001639
20500,0.996,0.000,0.004,0.001639
21000,0.996,0.000,0.004,0.001639
21500,1.000,0.000,0.000,0.000000
