time,n_A+p,n_B,n_AB,avg_entropy_simp
500,0.033,0.917,0.050,0.147471
1000,0.062,0.723,0.215,0.385033
1500,0.050,0.764,0.186,0.328373
2000,0.054,0.686,0.260,0.395121
2500,0.033,0.760,0.207,0.315895
3000,0.087,0.674,0.240,0.411914
3500,0.161,0.558,0.281,0.483133
4000,0.178,0.455,0.368,0.545021
4500,0.202,0.455,0.343,0.537862
5000,0.252,0.438,0.310,0.512386
5500,0.202,0.450,0.347,0.540305
6000,0.314,0.314,0.372,0.557819
6500,0.376,0.310,0.314,0.553743
7000,0.335,0.289,0.376,0.564714
7500,0.475,0.211,0.314,0.518984
8000,0.488,0.165,0.347,0.506282
8500,0.595,0.157,0.248,0.449350
9000,0.570,0.178,0.252,0.479513
9500,0.628,0.074,0.298,0.387540
10000,0.748,0.021,0.231,0.308698
10500,0.831,0.037,0.132,0.226579
11000,0.831,0.037,0.132,0.199447
11500,0.868,0.012,0.120,0.146189
12000,0.905,0.008,0.087,0.113962
12500,0.909,0.008,0.083,0.129657
13000,0.942,0.000,0.058,0.086744
13500,0.942,0.004,0.054,0.099481
14000,0.967,0.000,0.033,0.056290
14500,0.979,0.000,0.021,0.030823
15000,0.996,0.000,0.004,0.009441
15500,1.000,0.000,0.000,0.000000
