time,n_A+p,n_B,n_AB,avg_entropy_simp
500,0.029,0.959,0.012,0.057793
1000,0.029,0.893,0.079,0.163955
1500,0.029,0.806,0.165,0.291882
2000,0.050,0.756,0.194,0.317806
2500,0.066,0.744,0.190,0.309526
3000,0.033,0.781,0.186,0.286260
3500,0.058,0.793,0.149,0.294154
4000,0.045,0.736,0.219,0.342210
4500,0.091,0.649,0.260,0.430737
5000,0.099,0.616,0.285,0.444230
5500,0.178,0.512,0.310,0.525056
6000,0.169,0.488,0.343,0.514709
6500,0.269,0.380,0.351,0.568820
7000,0.256,0.417,0.326,0.551151
7500,0.207,0.376,0.417,0.529891
8000,0.281,0.322,0.397,0.553229
8500,0.248,0.339,0.413,0.554264
9000,0.219,0.409,0.372,0.541480
9500,0.285,0.360,0.355,0.555669
10000,0.236,0.351,0.413,0.531691
10500,0.302,0.285,0.413,0.556505
11000,0.318,0.256,0.426,0.554073
11500,0.331,0.215,0.455,0.549775
12000,0.492,0.145,0.364,0.499818
12500,0.492,0.107,0.401,0.492378
13000,0.438,0.194,0.368,0.530824
13500,0.529,0.103,0.368,0.487194
14000,0.483,0.136,0.380,0.508566
14500,0.529,0.153,0.318,0.494857
15000,0.661,0.083,0.256,0.373817
15500,0.727,0.021,0.252,0.333648
16000,0.847,0.029,0.124,0.209206
16500,0.872,0.017,0.112,0.163956
17000,0.888,0.021,0.091,0.117488
17500,0.884,0.004,0.112,0.146203
18000,0.917,0.008,0.074,0.124396
18500,0.934,0.004,0.062,0.092149
19000,0.946,0.008,0.045,0.060113
19500,0.950,0.000,0.050,0.064400
20000,0.959,0.000,0.041,0.057387
20500,0.967,0.000,0.033,0.027650
21000,0.983,0.000,0.017,0.020543
21500,0.959,0.000,0.041,0.068224
22000,0.963,0.004,0.033,0.055889
22500,0.926,0.000,0.074,0.124588
23000,0.901,0.004,0.095,0.143560
23500,0.909,0.004,0.087,0.131131
24000,0.913,0.012,0.074,0.115169
24500,0.930,0.008,0.062,0.105384
25000,0.950,0.004,0.045,0.060100
25500,0.992,0.000,0.008,0.011038
26000,0.992,0.000,0.008,0.011038
26500,0.996,0.000,0.004,0.003035
27000,0.996,0.000,0.004,0.003035
27500,1.000,0.000,0.000,0.000000
