time,n_A+p,n_B,n_AB,avg_entropy_simp
500,0.029,0.921,0.050,0.113089
1000,0.033,0.864,0.103,0.198242
1500,0.041,0.860,0.099,0.190742
2000,0.050,0.847,0.103,0.231809
2500,0.054,0.814,0.132,0.256470
3000,0.062,0.814,0.124,0.258114
3500,0.058,0.835,0.107,0.231096
4000,0.058,0.826,0.116,0.245433
4500,0.041,0.860,0.099,0.223919
5000,0.074,0.748,0.178,0.353935
5500,0.079,0.806,0.116,0.289737
6000,0.103,0.711,0.186,0.364291
6500,0.182,0.529,0.289,0.499928
7000,0.198,0.545,0.256,0.488565
7500,0.202,0.521,0.277,0.514112
8000,0.293,0.483,0.223,0.543632
8500,0.161,0.579,0.260,0.483423
9000,0.178,0.508,0.314,0.503918
9500,0.227,0.455,0.318,0.543781
10000,0.223,0.529,0.248,0.506548
10500,0.174,0.479,0.347,0.522812
11000,0.215,0.550,0.236,0.503845
11500,0.285,0.463,0.252,0.533494
12000,0.244,0.463,0.293,0.534028
12500,0.347,0.388,0.264,0.538131
13000,0.231,0.409,0.360,0.548974
13500,0.360,0.314,0.326,0.524324
14000,0.426,0.293,0.281,0.541770
14500,0.455,0.223,0.322,0.520911
15000,0.483,0.194,0.322,0.500160
15500,0.603,0.140,0.256,0.455671
16000,0.665,0.095,0.240,0.395881
16500,0.781,0.054,0.165,0.278998
17000,0.802,0.050,0.149,0.275005
17500,0.798,0.033,0.169,0.276313
18000,0.798,0.029,0.174,0.270226
18500,0.893,0.008,0.099,0.152562
19000,0.934,0.000,0.066,0.087819
19500,0.938,0.000,0.062,0.097572
20000,0.950,0.004,0.045,0.065900
20500,0.975,0.000,0.025,0.026798
21000,0.996,0.000,0.004,0.002768
21500,0.996,0.000,0.004,0.002768
22000,1.000,0.000,0.000,0.000000
