time,n_A+p,n_B,n_AB,avg_entropy_simp
500,0.028,0.894,0.078,0.166957
1000,0.028,0.871,0.101,0.186843
1500,0.037,0.853,0.111,0.200349
2000,0.032,0.811,0.157,0.245123
2500,0.041,0.806,0.152,0.247887
3000,0.051,0.705,0.244,0.333308
3500,0.046,0.654,0.300,0.338433
4000,0.180,0.456,0.364,0.465473
4500,0.244,0.327,0.429,0.475645
5000,0.295,0.309,0.396,0.484892
5500,0.276,0.276,0.447,0.485400
6000,0.323,0.212,0.465,0.470965
6500,0.336,0.217,0.447,0.463519
7000,0.341,0.253,0.406,0.468482
7500,0.313,0.161,0.525,0.435256
8000,0.387,0.152,0.461,0.456431
8500,0.465,0.120,0.415,0.434604
9000,0.465,0.124,0.410,0.451022
9500,0.548,0.101,0.350,0.415638
10000,0.631,0.051,0.318,0.354348
10500,0.645,0.051,0.304,0.337674
11000,0.668,0.046,0.286,0.301131
11500,0.733,0.023,0.244,0.261222
12000,0.806,0.023,0.171,0.201773
12500,0.802,0.023,0.175,0.191824
13000,0.765,0.028,0.207,0.237196
13500,0.788,0.018,0.194,0.239278
14000,0.816,0.014,0.171,0.203797
14500,0.820,0.023,0.157,0.206501
15000,0.889,0.009,0.101,0.110571
15500,0.866,0.009,0.124,0.158167
16000,0.788,0.009,0.203,0.267795
16500,0.853,0.005,0.143,0.170361
17000,0.912,0.009,0.078,0.110164
17500,0.959,0.005,0.037,0.035761
18000,0.959,0.005,0.037,0.028425
18500,0.977,0.005,0.018,0.011717
19000,0.972,0.005,0.023,0.026976
19500,0.977,0.005,0.018,0.016459
20000,0.982,0.005,0.014,0.006130
20500,0.977,0.005,0.018,0.011540
21000,0.940,0.005,0.055,0.062923
21500,0.945,0.005,0.051,0.056749
22000,0.935,0.014,0.051,0.063691
22500,0.949,0.005,0.046,0.039322
23000,0.945,0.005,0.051,0.042676
23500,0.945,0.005,0.051,0.045773
24000,0.940,0.014,0.046,0.053550
24500,0.908,0.014,0.078,0.102902
25000,0.848,0.018,0.134,0.181574
25500,0.885,0.005,0.111,0.122326
26000,0.876,0.005,0.120,0.125235
26500,0.908,0.000,0.092,0.079617
27000,0.922,0.000,0.078,0.106515
27500,0.968,0.000,0.032,0.023556
28000,0.982,0.000,0.018,0.007130
28500,0.991,0.000,0.009,0.000374
29000,0.991,0.000,0.009,0.000374
29500,0.991,0.000,0.009,0.000374
30000,0.991,0.000,0.009,0.000374
30500,0.991,0.000,0.009,0.000374
31000,0.991,0.000,0.009,0.000374
31500,0.991,0.000,0.009,0.000374
32000,0.991,0.000,0.009,0.000374
32500,0.995,0.000,0.005,0.000187
33000,0.995,0.000,0.005,0.000187
33500,0.995,0.000,0.005,0.000187
34000,1.000,0.000,0.000,0.000000
