time,n_A+p,n_B,n_AB,avg_entropy_simp
500,0.029,0.897,0.074,0.133922
1000,0.066,0.806,0.128,0.272209
1500,0.083,0.723,0.194,0.355131
2000,0.132,0.669,0.198,0.398843
2500,0.116,0.640,0.244,0.435443
3000,0.107,0.587,0.306,0.477842
3500,0.120,0.645,0.236,0.432936
4000,0.174,0.479,0.347,0.533946
4500,0.178,0.574,0.248,0.504387
5000,0.116,0.657,0.227,0.423380
5500,0.202,0.562,0.236,0.487163
6000,0.169,0.517,0.314,0.511045
6500,0.103,0.632,0.264,0.431704
7000,0.103,0.595,0.302,0.468592
7500,0.116,0.620,0.264,0.448758
8000,0.079,0.678,0.244,0.393219
8500,0.103,0.607,0.289,0.463527
9000,0.136,0.570,0.293,0.487194
9500,0.132,0.599,0.269,0.467858
10000,0.099,0.616,0.285,0.429095
10500,0.165,0.574,0.260,0.485417
11000,0.178,0.500,0.322,0.507153
11500,0.264,0.446,0.289,0.523074
12000,0.277,0.401,0.322,0.527030
12500,0.302,0.355,0.343,0.547202
13000,0.343,0.347,0.310,0.560134
13500,0.343,0.376,0.281,0.564780
14000,0.289,0.360,0.351,0.562107
14500,0.264,0.401,0.335,0.546757
15000,0.269,0.364,0.368,0.566099
15500,0.339,0.273,0.388,0.545104
16000,0.368,0.273,0.360,0.520953
16500,0.401,0.277,0.322,0.560793
17000,0.508,0.207,0.285,0.497428
17500,0.533,0.174,0.293,0.505693
18000,0.537,0.182,0.281,0.507271
18500,0.628,0.107,0.264,0.443542
19000,0.607,0.120,0.273,0.455398
19500,0.640,0.079,0.281,0.415114
20000,0.636,0.136,0.227,0.431090
20500,0.595,0.124,0.281,0.463273
21000,0.665,0.079,0.256,0.403049
21500,0.723,0.054,0.223,0.338883
22000,0.744,0.062,0.194,0.331363
22500,0.814,0.033,0.153,0.233718
23000,0.888,0.012,0.099,0.119027
23500,0.955,0.000,0.045,0.056976
24000,0.955,0.000,0.045,0.055454
24500,0.983,0.000,0.017,0.022496
25000,0.992,0.000,0.008,0.008935
25500,0.992,0.000,0.008,0.009807
26000,0.996,0.000,0.004,0.007025
26500,1.000,0.000,0.000,0.000000
