time,n_A+p,n_B,n_AB,avg_entropy_simp
500,0.037,0.843,0.120,0.232755
1000,0.041,0.860,0.099,0.229318
1500,0.041,0.785,0.174,0.298533
2000,0.062,0.678,0.260,0.394075
2500,0.140,0.550,0.310,0.496222
3000,0.231,0.426,0.343,0.557852
3500,0.236,0.409,0.355,0.559407
4000,0.273,0.335,0.393,0.549172
4500,0.231,0.471,0.298,0.532640
5000,0.186,0.479,0.335,0.494576
5500,0.236,0.335,0.430,0.538070
6000,0.331,0.339,0.331,0.578564
6500,0.322,0.277,0.401,0.568942
7000,0.347,0.322,0.331,0.550181
7500,0.326,0.347,0.326,0.549442
8000,0.269,0.343,0.388,0.561467
8500,0.351,0.277,0.372,0.568943
9000,0.409,0.269,0.322,0.546430
9500,0.417,0.194,0.388,0.541388
10000,0.496,0.091,0.413,0.476885
10500,0.492,0.128,0.380,0.510963
11000,0.640,0.066,0.293,0.404286
11500,0.740,0.029,0.231,0.315174
12000,0.773,0.050,0.178,0.263325
12500,0.789,0.041,0.169,0.260522
13000,0.851,0.017,0.132,0.185246
13500,0.959,0.004,0.037,0.039574
14000,0.967,0.004,0.029,0.032213
14500,0.979,0.000,0.021,0.023424
15000,0.963,0.000,0.037,0.060648
15500,0.946,0.000,0.054,0.079094
16000,0.983,0.000,0.017,0.013721
16500,0.983,0.000,0.017,0.025809
17000,0.996,0.000,0.004,0.001868
17500,0.996,0.000,0.004,0.001868
18000,0.996,0.000,0.004,0.001868
18500,1.000,0.000,0.000,0.000000
