time,n_A+p,n_B,n_AB,avg_entropy_simp
500,0.037,0.905,0.058,0.163393
1000,0.062,0.814,0.124,0.295277
1500,0.041,0.798,0.161,0.263234
2000,0.041,0.814,0.145,0.260345
2500,0.087,0.777,0.136,0.318524
3000,0.058,0.802,0.140,0.290889
3500,0.070,0.798,0.132,0.275557
4000,0.058,0.814,0.128,0.260227
4500,0.045,0.831,0.124,0.244029
5000,0.033,0.831,0.136,0.257950
5500,0.066,0.698,0.236,0.385813
6000,0.136,0.541,0.322,0.494677
6500,0.116,0.653,0.231,0.391054
7000,0.153,0.599,0.248,0.454005
7500,0.174,0.570,0.256,0.487637
8000,0.256,0.545,0.198,0.483821
8500,0.256,0.521,0.223,0.487045
9000,0.186,0.500,0.314,0.507809
9500,0.186,0.492,0.322,0.511760
10000,0.194,0.500,0.306,0.518525
10500,0.376,0.347,0.277,0.535859
11000,0.306,0.314,0.380,0.553010
11500,0.388,0.256,0.355,0.547723
12000,0.508,0.223,0.269,0.510911
12500,0.421,0.207,0.372,0.543360
13000,0.483,0.194,0.322,0.515354
13500,0.607,0.161,0.231,0.421120
14000,0.616,0.116,0.269,0.417742
14500,0.595,0.095,0.310,0.430769
15000,0.500,0.124,0.376,0.504297
15500,0.603,0.107,0.289,0.441571
16000,0.748,0.045,0.207,0.294336
16500,0.785,0.037,0.178,0.279689
17000,0.831,0.037,0.132,0.236218
17500,0.789,0.045,0.165,0.266967
18000,0.843,0.045,0.112,0.203518
18500,0.950,0.004,0.045,0.065000
19000,0.975,0.004,0.021,0.013645
19500,0.975,0.000,0.025,0.018527
20000,0.992,0.000,0.008,0.004327
20500,0.996,0.000,0.004,0.001639
21000,0.983,0.000,0.017,0.018217
21500,0.983,0.000,0.017,0.019847
22000,0.988,0.000,0.012,0.015973
22500,0.996,0.000,0.004,0.005162
23000,1.000,0.000,0.000,0.000000
