time,n_A+p,n_B,n_AB,avg_entropy_simp
500,0.045,0.872,0.083,0.211101
1000,0.058,0.777,0.165,0.323743
1500,0.120,0.665,0.215,0.432254
2000,0.145,0.583,0.273,0.481330
2500,0.236,0.463,0.302,0.550783
3000,0.178,0.504,0.318,0.523253
3500,0.190,0.525,0.285,0.506450
4000,0.161,0.574,0.264,0.492648
4500,0.107,0.541,0.351,0.482003
5000,0.186,0.500,0.314,0.505900
5500,0.194,0.463,0.343,0.534932
6000,0.240,0.442,0.318,0.556728
6500,0.281,0.380,0.339,0.555186
7000,0.256,0.376,0.368,0.561421
7500,0.273,0.397,0.331,0.541604
8000,0.360,0.351,0.289,0.558517
8500,0.393,0.223,0.384,0.557228
9000,0.508,0.194,0.298,0.525120
9500,0.450,0.215,0.335,0.543871
10000,0.306,0.310,0.384,0.553005
10500,0.355,0.285,0.360,0.551472
11000,0.360,0.273,0.368,0.557332
11500,0.417,0.306,0.277,0.538332
12000,0.421,0.240,0.339,0.527245
12500,0.500,0.165,0.335,0.506021
13000,0.624,0.099,0.277,0.422006
13500,0.707,0.074,0.219,0.362610
14000,0.731,0.066,0.202,0.358932
14500,0.748,0.045,0.207,0.321138
15000,0.723,0.041,0.236,0.328670
15500,0.826,0.012,0.161,0.235604
16000,0.926,0.008,0.066,0.072860
16500,0.950,0.000,0.050,0.072279
17000,0.983,0.000,0.017,0.014396
17500,0.992,0.000,0.008,0.004241
18000,1.000,0.000,0.000,0.000000
