time,n_A+p,n_B,n_AB,avg_entropy_simp
500,0.029,0.864,0.107,0.204811
1000,0.058,0.736,0.207,0.355362
1500,0.136,0.636,0.227,0.439451
2000,0.099,0.616,0.285,0.444380
2500,0.161,0.455,0.384,0.510940
3000,0.153,0.517,0.331,0.484276
3500,0.178,0.483,0.339,0.508328
4000,0.190,0.488,0.322,0.521173
4500,0.355,0.285,0.360,0.562953
5000,0.355,0.223,0.421,0.533887
5500,0.413,0.178,0.409,0.535972
6000,0.550,0.095,0.355,0.461327
6500,0.595,0.054,0.351,0.417130
7000,0.624,0.062,0.314,0.401966
7500,0.636,0.037,0.326,0.414852
8000,0.599,0.099,0.302,0.443059
8500,0.665,0.062,0.273,0.405640
9000,0.661,0.033,0.306,0.396270
9500,0.752,0.025,0.223,0.336426
10000,0.781,0.037,0.182,0.293074
10500,0.798,0.021,0.182,0.258706
11000,0.773,0.017,0.211,0.277387
11500,0.822,0.025,0.153,0.228924
12000,0.876,0.017,0.107,0.157702
12500,0.851,0.025,0.124,0.192062
13000,0.847,0.012,0.140,0.188338
13500,0.888,0.017,0.095,0.137804
14000,0.884,0.029,0.087,0.160568
14500,0.926,0.004,0.070,0.102788
15000,0.975,0.000,0.025,0.021257
15500,0.983,0.000,0.017,0.022141
16000,0.963,0.000,0.037,0.059087
16500,0.975,0.000,0.025,0.030043
17000,0.926,0.000,0.074,0.112735
17500,0.955,0.000,0.045,0.078512
18000,0.967,0.000,0.033,0.044136
18500,0.996,0.000,0.004,0.002768
19000,0.996,0.000,0.004,0.002768
19500,0.996,0.000,0.004,0.002768
20000,1.000,0.000,0.000,0.000000
