time,n_A+p,n_B,n_AB,avg_entropy_simp
500,0.029,0.888,0.083,0.189232
1000,0.033,0.769,0.198,0.303668
1500,0.062,0.570,0.368,0.463627
2000,0.079,0.479,0.442,0.475691
2500,0.120,0.421,0.459,0.498813
3000,0.227,0.322,0.450,0.539324
3500,0.240,0.227,0.533,0.507783
4000,0.236,0.252,0.512,0.499020
4500,0.285,0.240,0.475,0.544740
5000,0.252,0.264,0.483,0.537895
5500,0.211,0.260,0.529,0.509763
6000,0.240,0.273,0.488,0.507553
6500,0.240,0.236,0.525,0.519998
7000,0.277,0.211,0.512,0.517325
7500,0.401,0.145,0.455,0.512102
8000,0.438,0.169,0.393,0.525908
8500,0.310,0.207,0.483,0.543471
9000,0.293,0.124,0.583,0.455702
9500,0.310,0.165,0.525,0.507698
10000,0.347,0.169,0.483,0.506285
10500,0.380,0.145,0.475,0.495156
11000,0.310,0.107,0.583,0.473363
11500,0.393,0.149,0.459,0.519291
12000,0.492,0.095,0.413,0.485938
12500,0.624,0.066,0.310,0.409342
13000,0.653,0.029,0.318,0.412536
13500,0.607,0.045,0.347,0.423226
14000,0.533,0.045,0.421,0.445731
14500,0.587,0.041,0.372,0.426418
15000,0.682,0.021,0.298,0.345122
15500,0.632,0.033,0.335,0.385145
16000,0.628,0.033,0.339,0.408516
16500,0.752,0.012,0.236,0.307087
17000,0.715,0.029,0.256,0.349819
17500,0.764,0.029,0.207,0.296592
18000,0.769,0.004,0.227,0.260655
18500,0.835,0.000,0.165,0.235948
19000,0.831,0.008,0.161,0.239318
19500,0.868,0.008,0.124,0.178498
20000,0.909,0.000,0.091,0.120956
20500,0.884,0.000,0.116,0.159898
21000,0.930,0.000,0.070,0.098759
21500,0.934,0.000,0.066,0.094917
22000,0.963,0.000,0.037,0.046890
22500,0.946,0.000,0.054,0.079565
23000,0.959,0.000,0.041,0.048467
23500,0.967,0.000,0.033,0.050391
24000,0.959,0.000,0.041,0.068065
24500,0.942,0.000,0.058,0.099620
25000,0.909,0.000,0.091,0.156207
25500,0.942,0.004,0.054,0.090559
26000,0.979,0.000,0.021,0.027670
26500,0.971,0.000,0.029,0.047435
27000,0.975,0.000,0.025,0.050506
27500,0.983,0.000,0.017,0.033667
28000,0.996,0.000,0.004,0.006839
28500,1.000,0.000,0.000,0.000000
