time,n_A+p,n_B,n_AB,avg_entropy_simp
500,0.029,0.909,0.062,0.148243
1000,0.029,0.946,0.025,0.072813
1500,0.029,0.872,0.099,0.181399
2000,0.045,0.789,0.165,0.276269
2500,0.050,0.760,0.190,0.313292
3000,0.050,0.702,0.248,0.371367
3500,0.062,0.694,0.244,0.390808
4000,0.054,0.686,0.260,0.408331
4500,0.050,0.657,0.293,0.405697
5000,0.058,0.508,0.434,0.459934
5500,0.112,0.529,0.360,0.476008
6000,0.070,0.496,0.434,0.446016
6500,0.087,0.471,0.442,0.474111
7000,0.124,0.467,0.409,0.493467
7500,0.120,0.471,0.409,0.479624
8000,0.165,0.426,0.409,0.519763
8500,0.194,0.318,0.488,0.527966
9000,0.128,0.393,0.479,0.497065
9500,0.132,0.463,0.405,0.486652
10000,0.161,0.417,0.421,0.512252
10500,0.194,0.405,0.401,0.522294
11000,0.219,0.372,0.409,0.533667
11500,0.231,0.302,0.467,0.530965
12000,0.223,0.306,0.471,0.525612
12500,0.240,0.244,0.517,0.528537
13000,0.231,0.298,0.471,0.543146
13500,0.202,0.343,0.455,0.524138
14000,0.227,0.269,0.504,0.513136
14500,0.293,0.252,0.455,0.532899
15000,0.343,0.194,0.463,0.518254
15500,0.281,0.198,0.521,0.508753
16000,0.335,0.174,0.492,0.525907
16500,0.302,0.198,0.500,0.526667
17000,0.269,0.277,0.455,0.534651
17500,0.256,0.277,0.467,0.534594
18000,0.277,0.236,0.488,0.515771
18500,0.335,0.248,0.417,0.528716
19000,0.244,0.331,0.426,0.556826
19500,0.260,0.302,0.438,0.557430
20000,0.219,0.273,0.508,0.512050
20500,0.207,0.322,0.471,0.535975
21000,0.215,0.347,0.438,0.532243
21500,0.194,0.364,0.442,0.544485
22000,0.182,0.384,0.434,0.512853
22500,0.174,0.347,0.479,0.504692
23000,0.194,0.393,0.413,0.520805
23500,0.194,0.368,0.438,0.527119
24000,0.190,0.331,0.479,0.532011
24500,0.236,0.264,0.500,0.501661
25000,0.393,0.202,0.405,0.504049
25500,0.355,0.186,0.459,0.515890
26000,0.364,0.165,0.471,0.494503
26500,0.326,0.215,0.459,0.517609
27000,0.331,0.178,0.492,0.497696
27500,0.397,0.153,0.450,0.504312
28000,0.500,0.107,0.393,0.486148
28500,0.496,0.124,0.380,0.496958
29000,0.583,0.058,0.360,0.418857
29500,0.636,0.029,0.335,0.367637
30000,0.793,0.021,0.186,0.249211
30500,0.872,0.004,0.124,0.183038
31000,0.888,0.008,0.103,0.157411
31500,0.826,0.000,0.174,0.261640
32000,0.798,0.008,0.194,0.270735
32500,0.876,0.004,0.120,0.176237
33000,0.888,0.000,0.112,0.165292
33500,0.959,0.000,0.041,0.062608
34000,0.979,0.000,0.021,0.038225
34500,0.992,0.000,0.008,0.013085
35000,0.996,0.000,0.004,0.005082
35500,1.000,0.000,0.000,0.000000
