time,n_A+p,n_B,n_AB,avg_entropy_simp
500,0.028,0.853,0.120,0.215772
1000,0.032,0.843,0.124,0.212572
1500,0.028,0.862,0.111,0.181811
2000,0.051,0.811,0.138,0.243977
2500,0.060,0.779,0.161,0.265431
3000,0.041,0.733,0.226,0.297106
3500,0.055,0.691,0.253,0.354827
4000,0.055,0.696,0.249,0.348723
4500,0.124,0.650,0.226,0.401033
5000,0.101,0.613,0.286,0.398157
5500,0.115,0.627,0.258,0.384199
6000,0.092,0.590,0.318,0.400020
6500,0.157,0.525,0.318,0.447009
7000,0.189,0.461,0.350,0.470098
7500,0.309,0.313,0.378,0.484189
8000,0.429,0.276,0.295,0.458936
8500,0.544,0.207,0.249,0.408570
9000,0.406,0.226,0.369,0.469999
9500,0.396,0.221,0.382,0.457976
10000,0.502,0.161,0.336,0.456028
10500,0.576,0.157,0.267,0.392651
11000,0.548,0.129,0.323,0.408279
11500,0.677,0.088,0.235,0.329673
12000,0.650,0.124,0.226,0.351893
12500,0.622,0.060,0.318,0.375326
13000,0.705,0.051,0.244,0.318827
13500,0.691,0.074,0.235,0.332781
14000,0.687,0.041,0.272,0.320808
14500,0.733,0.046,0.221,0.290730
15000,0.788,0.018,0.194,0.239012
15500,0.885,0.009,0.106,0.120457
16000,0.839,0.005,0.157,0.186265
16500,0.876,0.014,0.111,0.164211
17000,0.926,0.005,0.069,0.090872
17500,0.945,0.005,0.051,0.069321
18000,0.935,0.009,0.055,0.073849
18500,0.917,0.009,0.074,0.111119
19000,0.931,0.005,0.065,0.078307
19500,0.954,0.014,0.032,0.042816
20000,0.968,0.000,0.032,0.025300
20500,0.982,0.000,0.018,0.004743
21000,0.982,0.000,0.018,0.004743
21500,0.986,0.000,0.014,0.001482
22000,0.986,0.000,0.014,0.006087
22500,0.991,0.000,0.009,0.000374
23000,0.991,0.000,0.009,0.000374
23500,0.995,0.000,0.005,0.000187
24000,0.995,0.000,0.005,0.000187
24500,0.995,0.000,0.005,0.000187
25000,0.995,0.000,0.005,0.000187
25500,0.995,0.000,0.005,0.000187
26000,0.995,0.000,0.005,0.000187
26500,0.995,0.000,0.005,0.000187
27000,0.995,0.000,0.005,0.000187
27500,0.995,0.000,0.005,0.000187
28000,0.995,0.000,0.005,0.000187
28500,0.995,0.000,0.005,0.000187
29000,0.995,0.000,0.005,0.000187
29500,0.995,0.000,0.005,0.000187
30000,1.000,0.000,0.000,0.000000
