time,n_A+p,n_B,n_AB,avg_entropy_simp
500,0.037,0.913,0.050,0.135689
1000,0.041,0.897,0.062,0.158758
1500,0.037,0.926,0.037,0.124452
2000,0.054,0.876,0.070,0.187271
2500,0.050,0.855,0.095,0.233474
3000,0.045,0.872,0.083,0.199401
3500,0.054,0.860,0.087,0.232925
4000,0.041,0.930,0.029,0.109747
4500,0.045,0.872,0.083,0.212693
5000,0.033,0.893,0.074,0.163893
5500,0.029,0.876,0.095,0.211406
6000,0.070,0.847,0.083,0.278028
6500,0.050,0.826,0.124,0.257266
7000,0.124,0.748,0.128,0.341730
7500,0.120,0.653,0.227,0.405473
8000,0.107,0.702,0.190,0.396329
8500,0.157,0.665,0.178,0.401922
9000,0.145,0.661,0.194,0.380417
9500,0.149,0.653,0.198,0.402178
10000,0.248,0.541,0.211,0.487481
10500,0.264,0.471,0.264,0.517546
11000,0.223,0.566,0.211,0.490871
11500,0.227,0.587,0.186,0.480809
12000,0.256,0.500,0.244,0.538759
12500,0.281,0.467,0.252,0.536891
13000,0.310,0.430,0.260,0.514235
13500,0.488,0.293,0.219,0.524341
14000,0.475,0.256,0.269,0.509322
14500,0.488,0.215,0.298,0.517410
15000,0.640,0.124,0.236,0.419392
15500,0.723,0.103,0.174,0.352221
16000,0.851,0.025,0.124,0.172048
16500,0.930,0.004,0.066,0.074561
17000,0.926,0.000,0.074,0.087006
17500,0.983,0.000,0.017,0.016749
18000,0.992,0.000,0.008,0.007685
18500,0.971,0.004,0.025,0.049555
19000,0.979,0.000,0.021,0.032240
19500,1.000,0.000,0.000,0.000000
