time,n_A+p,n_B,n_AB,avg_entropy_simp
500,0.045,0.884,0.070,0.191954
1000,0.029,0.876,0.095,0.197153
1500,0.058,0.760,0.182,0.350080
2000,0.058,0.719,0.223,0.364606
2500,0.083,0.690,0.227,0.402184
3000,0.066,0.719,0.215,0.386666
3500,0.079,0.690,0.231,0.395526
4000,0.095,0.653,0.252,0.420537
4500,0.120,0.579,0.302,0.487418
5000,0.099,0.657,0.244,0.397615
5500,0.120,0.562,0.318,0.477993
6000,0.194,0.442,0.364,0.537849
6500,0.198,0.421,0.380,0.527083
7000,0.211,0.397,0.393,0.531496
7500,0.289,0.298,0.413,0.556982
8000,0.322,0.244,0.434,0.555691
8500,0.355,0.310,0.335,0.548965
9000,0.273,0.302,0.426,0.546285
9500,0.202,0.335,0.463,0.524562
10000,0.380,0.269,0.351,0.553081
10500,0.372,0.207,0.421,0.529233
11000,0.397,0.215,0.388,0.545102
11500,0.492,0.190,0.318,0.524714
12000,0.438,0.227,0.335,0.519232
12500,0.326,0.293,0.380,0.545648
13000,0.339,0.248,0.413,0.547238
13500,0.355,0.219,0.426,0.556719
14000,0.310,0.322,0.368,0.565834
14500,0.322,0.269,0.409,0.555892
15000,0.351,0.260,0.388,0.552570
15500,0.376,0.269,0.355,0.553585
16000,0.269,0.384,0.347,0.530100
16500,0.293,0.322,0.384,0.550448
17000,0.236,0.376,0.388,0.546994
17500,0.256,0.343,0.401,0.553157
18000,0.372,0.298,0.331,0.554905
18500,0.376,0.248,0.376,0.527441
19000,0.260,0.380,0.360,0.552921
19500,0.244,0.430,0.326,0.537490
20000,0.231,0.401,0.368,0.556760
20500,0.302,0.314,0.384,0.569666
21000,0.405,0.252,0.343,0.548294
21500,0.483,0.157,0.360,0.522346
22000,0.479,0.161,0.360,0.522710
22500,0.550,0.153,0.298,0.485454
23000,0.558,0.161,0.281,0.491690
23500,0.479,0.174,0.347,0.515270
24000,0.483,0.198,0.318,0.531781
24500,0.442,0.190,0.368,0.539171
25000,0.661,0.062,0.277,0.385549
25500,0.628,0.112,0.260,0.443370
26000,0.657,0.054,0.289,0.386418
26500,0.723,0.070,0.207,0.328994
27000,0.669,0.050,0.281,0.397692
27500,0.756,0.050,0.194,0.290022
28000,0.785,0.012,0.202,0.293926
28500,0.843,0.012,0.145,0.227912
29000,0.901,0.004,0.095,0.153938
29500,0.905,0.012,0.083,0.151222
30000,0.917,0.000,0.083,0.120415
30500,0.946,0.000,0.054,0.083180
31000,0.963,0.000,0.037,0.054949
31500,0.975,0.000,0.025,0.038147
32000,0.913,0.004,0.083,0.155744
32500,0.913,0.012,0.074,0.154979
33000,0.959,0.000,0.041,0.071601
33500,0.975,0.000,0.025,0.045439
34000,1.000,0.000,0.000,0.000000
