time,n_A+p,n_B,n_AB,avg_entropy_simp
500,0.029,0.884,0.087,0.200376
1000,0.029,0.897,0.074,0.148471
1500,0.058,0.785,0.157,0.313391
2000,0.070,0.744,0.186,0.365142
2500,0.079,0.793,0.128,0.301807
3000,0.050,0.802,0.149,0.282132
3500,0.050,0.781,0.169,0.309751
4000,0.066,0.752,0.182,0.332378
4500,0.099,0.661,0.240,0.424986
5000,0.161,0.595,0.244,0.465355
5500,0.145,0.558,0.298,0.471940
6000,0.269,0.438,0.293,0.524509
6500,0.198,0.504,0.298,0.504630
7000,0.244,0.455,0.302,0.532677
7500,0.227,0.421,0.351,0.537068
8000,0.285,0.479,0.236,0.543505
8500,0.260,0.409,0.331,0.563458
9000,0.223,0.384,0.393,0.537379
9500,0.388,0.314,0.298,0.557694
10000,0.364,0.302,0.335,0.551457
10500,0.380,0.240,0.380,0.549793
11000,0.401,0.269,0.331,0.514484
11500,0.525,0.182,0.293,0.475872
12000,0.574,0.190,0.236,0.461037
12500,0.620,0.116,0.264,0.447604
13000,0.616,0.112,0.273,0.442769
13500,0.760,0.041,0.198,0.287344
14000,0.789,0.033,0.178,0.254121
14500,0.669,0.066,0.264,0.370953
15000,0.628,0.074,0.298,0.404454
15500,0.607,0.136,0.256,0.446785
16000,0.678,0.091,0.231,0.385256
16500,0.715,0.066,0.219,0.357540
17000,0.736,0.062,0.202,0.346442
17500,0.744,0.037,0.219,0.313528
18000,0.789,0.017,0.194,0.237406
18500,0.880,0.004,0.116,0.109609
19000,0.942,0.000,0.058,0.050196
19500,0.971,0.008,0.021,0.028725
20000,0.983,0.000,0.017,0.013824
20500,0.996,0.000,0.004,0.003397
21000,0.996,0.000,0.004,0.003397
21500,1.000,0.000,0.000,0.000000
