time,n_A+p,n_B,n_AB,avg_entropy_simp
500,0.029,0.872,0.099,0.195613
1000,0.058,0.814,0.128,0.278435
1500,0.083,0.694,0.223,0.393738
2000,0.145,0.533,0.322,0.502443
2500,0.103,0.479,0.417,0.477979
3000,0.153,0.475,0.372,0.529119
3500,0.182,0.479,0.339,0.508340
4000,0.227,0.430,0.343,0.555512
4500,0.335,0.298,0.368,0.551624
5000,0.335,0.285,0.380,0.560440
5500,0.450,0.165,0.384,0.490780
6000,0.360,0.244,0.397,0.539062
6500,0.355,0.252,0.393,0.523837
7000,0.471,0.136,0.393,0.471966
7500,0.517,0.132,0.351,0.444179
8000,0.463,0.211,0.326,0.508215
8500,0.504,0.169,0.326,0.523652
9000,0.488,0.136,0.376,0.523246
9500,0.537,0.103,0.360,0.459342
10000,0.645,0.083,0.273,0.415414
10500,0.554,0.083,0.364,0.470465
11000,0.669,0.041,0.289,0.372350
11500,0.723,0.058,0.219,0.315961
12000,0.694,0.062,0.244,0.360458
12500,0.727,0.041,0.231,0.325763
13000,0.773,0.054,0.174,0.311307
13500,0.756,0.050,0.194,0.303749
14000,0.748,0.037,0.215,0.316125
14500,0.756,0.045,0.198,0.328393
15000,0.752,0.033,0.215,0.314508
15500,0.806,0.025,0.169,0.271239
16000,0.822,0.033,0.145,0.253191
16500,0.897,0.004,0.099,0.145829
17000,0.967,0.000,0.033,0.044749
17500,0.992,0.000,0.008,0.006011
18000,0.996,0.000,0.004,0.002792
18500,1.000,0.000,0.000,0.000000
