time,n_A+p,n_B,n_AB,avg_entropy_simp
500,0.029,0.893,0.079,0.172649
1000,0.037,0.872,0.091,0.176186
1500,0.029,0.855,0.116,0.193829
2000,0.037,0.781,0.182,0.276967
2500,0.103,0.669,0.227,0.416676
3000,0.161,0.612,0.227,0.473159
3500,0.149,0.558,0.293,0.477240
4000,0.157,0.525,0.318,0.495746
4500,0.169,0.533,0.298,0.500369
5000,0.223,0.438,0.339,0.559540
5500,0.202,0.471,0.326,0.526737
6000,0.178,0.417,0.405,0.518845
6500,0.186,0.446,0.368,0.526575
7000,0.240,0.401,0.360,0.538486
7500,0.240,0.417,0.343,0.542748
8000,0.376,0.182,0.442,0.516260
8500,0.331,0.289,0.380,0.553006
9000,0.322,0.298,0.380,0.555874
9500,0.339,0.273,0.388,0.537892
10000,0.409,0.207,0.384,0.544810
10500,0.409,0.240,0.351,0.543974
11000,0.380,0.256,0.364,0.552181
11500,0.409,0.244,0.347,0.536907
12000,0.405,0.236,0.360,0.540469
12500,0.322,0.293,0.384,0.543529
13000,0.343,0.273,0.384,0.542615
13500,0.351,0.347,0.302,0.544751
14000,0.293,0.368,0.339,0.558352
14500,0.360,0.293,0.347,0.549699
15000,0.302,0.281,0.417,0.544934
15500,0.455,0.231,0.314,0.512787
16000,0.450,0.207,0.343,0.544701
16500,0.421,0.182,0.397,0.536255
17000,0.430,0.211,0.360,0.542320
17500,0.380,0.202,0.417,0.555212
18000,0.455,0.211,0.335,0.517727
18500,0.496,0.149,0.355,0.503044
19000,0.587,0.099,0.314,0.470253
19500,0.554,0.178,0.269,0.506365
20000,0.570,0.095,0.335,0.466053
20500,0.661,0.079,0.260,0.420329
21000,0.785,0.045,0.169,0.276190
21500,0.810,0.029,0.161,0.253728
22000,0.860,0.033,0.107,0.188831
22500,0.888,0.004,0.107,0.142779
23000,0.901,0.000,0.099,0.140849
23500,0.963,0.000,0.037,0.050127
24000,0.988,0.000,0.012,0.008088
24500,0.996,0.000,0.004,0.001674
25000,0.996,0.000,0.004,0.001674
25500,1.000,0.000,0.000,0.000000
