time,n_A+p,n_B,n_AB,avg_entropy_simp
500,0.037,0.917,0.045,0.131460
1000,0.045,0.860,0.095,0.214706
1500,0.045,0.814,0.140,0.266866
2000,0.070,0.810,0.120,0.272766
2500,0.058,0.736,0.207,0.334708
3000,0.070,0.756,0.174,0.337310
3500,0.041,0.764,0.194,0.302069
4000,0.054,0.789,0.157,0.267153
4500,0.066,0.781,0.153,0.281073
5000,0.095,0.723,0.182,0.362635
5500,0.079,0.740,0.182,0.338813
6000,0.132,0.599,0.269,0.467654
6500,0.124,0.591,0.285,0.474900
7000,0.099,0.562,0.339,0.460614
7500,0.165,0.533,0.302,0.489276
8000,0.244,0.537,0.219,0.500604
8500,0.310,0.388,0.302,0.563181
9000,0.318,0.393,0.289,0.560877
9500,0.351,0.335,0.314,0.556281
10000,0.421,0.223,0.355,0.533790
10500,0.541,0.240,0.219,0.482661
11000,0.554,0.153,0.293,0.468977
11500,0.616,0.140,0.244,0.423602
12000,0.698,0.099,0.202,0.362950
12500,0.835,0.033,0.132,0.174449
13000,0.855,0.017,0.128,0.164216
13500,0.942,0.008,0.050,0.066218
14000,0.950,0.004,0.045,0.068040
14500,0.988,0.000,0.012,0.012379
15000,0.979,0.000,0.021,0.023017
15500,0.992,0.000,0.008,0.005887
16000,0.996,0.000,0.004,0.004213
16500,1.000,0.000,0.000,0.000000
