time,n_A+p,n_B,n_AB,avg_entropy_simp
500,0.041,0.905,0.054,0.185821
1000,0.045,0.855,0.099,0.249876
1500,0.037,0.769,0.194,0.346332
2000,0.054,0.798,0.149,0.307617
2500,0.045,0.822,0.132,0.289803
3000,0.050,0.793,0.157,0.324596
3500,0.050,0.715,0.236,0.367594
4000,0.050,0.711,0.240,0.374861
4500,0.041,0.831,0.128,0.239606
5000,0.058,0.711,0.231,0.379993
5500,0.045,0.719,0.236,0.361208
6000,0.045,0.740,0.215,0.345011
6500,0.066,0.731,0.202,0.363770
7000,0.066,0.756,0.178,0.347843
7500,0.070,0.624,0.306,0.455469
8000,0.058,0.645,0.298,0.447256
8500,0.087,0.645,0.269,0.449009
9000,0.045,0.694,0.260,0.393138
9500,0.041,0.694,0.264,0.379366
10000,0.050,0.719,0.231,0.359684
10500,0.041,0.752,0.207,0.330513
11000,0.099,0.612,0.289,0.460865
11500,0.120,0.545,0.335,0.468485
12000,0.165,0.446,0.388,0.525780
12500,0.116,0.517,0.368,0.496800
13000,0.095,0.512,0.393,0.492138
13500,0.091,0.587,0.322,0.466615
14000,0.083,0.612,0.306,0.456297
14500,0.074,0.702,0.223,0.370821
15000,0.128,0.574,0.298,0.470203
15500,0.103,0.628,0.269,0.441541
16000,0.103,0.566,0.331,0.488511
16500,0.116,0.570,0.314,0.455951
17000,0.186,0.450,0.364,0.543690
17500,0.293,0.264,0.442,0.543715
18000,0.248,0.347,0.405,0.563990
18500,0.285,0.269,0.446,0.542927
19000,0.401,0.223,0.376,0.538815
19500,0.446,0.207,0.347,0.527497
20000,0.517,0.083,0.401,0.456357
20500,0.740,0.054,0.207,0.287614
21000,0.826,0.029,0.145,0.200591
21500,0.913,0.008,0.079,0.092286
22000,0.971,0.004,0.025,0.023565
22500,0.996,0.000,0.004,0.001674
23000,0.996,0.000,0.004,0.001674
23500,0.996,0.000,0.004,0.001674
24000,1.000,0.000,0.000,0.000000
