time,n_A+p,n_B,n_AB,avg_entropy_simp
500,0.033,0.826,0.140,0.277153
1000,0.037,0.661,0.302,0.416525
1500,0.054,0.657,0.289,0.419664
2000,0.107,0.579,0.314,0.476452
2500,0.079,0.558,0.364,0.483022
3000,0.128,0.380,0.492,0.513231
3500,0.145,0.322,0.533,0.466563
4000,0.174,0.347,0.479,0.524603
4500,0.269,0.273,0.459,0.538232
5000,0.306,0.174,0.521,0.495001
5500,0.417,0.120,0.463,0.504943
6000,0.483,0.132,0.384,0.490352
6500,0.529,0.087,0.384,0.449668
7000,0.583,0.083,0.335,0.423127
7500,0.649,0.045,0.306,0.381498
8000,0.711,0.029,0.260,0.327294
8500,0.764,0.033,0.202,0.275136
9000,0.802,0.008,0.190,0.243654
9500,0.806,0.008,0.186,0.253415
10000,0.810,0.012,0.178,0.246012
10500,0.847,0.012,0.140,0.196742
11000,0.847,0.004,0.149,0.189222
11500,0.913,0.000,0.087,0.095857
12000,0.876,0.004,0.120,0.177377
12500,0.909,0.000,0.091,0.128848
13000,0.901,0.000,0.099,0.125506
13500,0.905,0.000,0.095,0.116655
14000,0.913,0.000,0.087,0.105701
14500,0.934,0.000,0.066,0.079523
15000,0.917,0.000,0.083,0.119907
15500,0.938,0.000,0.062,0.092828
16000,0.971,0.000,0.029,0.033268
16500,0.942,0.000,0.058,0.066012
17000,0.930,0.000,0.070,0.092969
17500,0.934,0.000,0.066,0.099100
18000,0.959,0.000,0.041,0.066890
18500,0.996,0.000,0.004,0.002418
19000,0.996,0.000,0.004,0.002418
19500,0.996,0.000,0.004,0.002418
20000,1.000,0.000,0.000,0.000000
