time,n_A+p,n_B,n_AB,avg_entropy_simp
500,0.029,0.860,0.112,0.220067
1000,0.066,0.727,0.207,0.393343
1500,0.079,0.653,0.269,0.419449
2000,0.083,0.529,0.388,0.465221
2500,0.083,0.529,0.388,0.482653
3000,0.091,0.405,0.504,0.486556
3500,0.095,0.500,0.405,0.502364
4000,0.112,0.401,0.488,0.514027
4500,0.145,0.438,0.417,0.509374
5000,0.116,0.401,0.483,0.504902
5500,0.095,0.463,0.442,0.493351
6000,0.145,0.331,0.525,0.500542
6500,0.145,0.401,0.455,0.515457
7000,0.157,0.417,0.426,0.517637
7500,0.202,0.335,0.463,0.527283
8000,0.202,0.244,0.554,0.497939
8500,0.264,0.186,0.550,0.490198
9000,0.310,0.211,0.479,0.521385
9500,0.376,0.124,0.500,0.486399
10000,0.384,0.103,0.512,0.481256
10500,0.446,0.045,0.508,0.437127
11000,0.517,0.079,0.405,0.459257
11500,0.558,0.041,0.401,0.441448
12000,0.566,0.050,0.384,0.407111
12500,0.591,0.041,0.368,0.406978
13000,0.521,0.074,0.405,0.473256
13500,0.574,0.050,0.376,0.429123
14000,0.632,0.012,0.355,0.384387
14500,0.686,0.008,0.306,0.320345
15000,0.727,0.017,0.256,0.315646
15500,0.694,0.033,0.273,0.351100
16000,0.657,0.033,0.310,0.391299
16500,0.674,0.025,0.302,0.394713
17000,0.748,0.029,0.223,0.306024
17500,0.769,0.008,0.223,0.288029
18000,0.860,0.000,0.140,0.192088
18500,0.851,0.000,0.149,0.208094
19000,0.872,0.000,0.128,0.193069
19500,0.880,0.000,0.120,0.174359
20000,0.855,0.000,0.145,0.219193
20500,0.855,0.000,0.145,0.221171
21000,0.913,0.000,0.087,0.125302
21500,0.955,0.000,0.045,0.055884
22000,0.959,0.000,0.041,0.055253
22500,0.950,0.000,0.050,0.070301
23000,0.950,0.000,0.050,0.084027
23500,0.963,0.000,0.037,0.056860
24000,0.971,0.000,0.029,0.037904
24500,0.996,0.000,0.004,0.002141
25000,0.992,0.000,0.008,0.012768
25500,1.000,0.000,0.000,0.000000
