time,n_A+p,n_B,n_AB,avg_entropy_simp
500,0.033,0.917,0.050,0.125823
1000,0.066,0.810,0.124,0.250531
1500,0.095,0.727,0.178,0.374606
2000,0.087,0.678,0.236,0.392093
2500,0.066,0.723,0.211,0.320139
3000,0.070,0.798,0.132,0.247960
3500,0.120,0.686,0.194,0.378062
4000,0.103,0.698,0.198,0.353812
4500,0.079,0.752,0.169,0.325313
5000,0.079,0.669,0.252,0.390093
5500,0.087,0.723,0.190,0.315121
6000,0.091,0.740,0.169,0.331479
6500,0.079,0.773,0.149,0.305348
7000,0.041,0.748,0.211,0.322399
7500,0.041,0.781,0.178,0.283946
8000,0.103,0.723,0.174,0.343171
8500,0.050,0.727,0.223,0.321818
9000,0.070,0.723,0.207,0.321780
9500,0.045,0.711,0.244,0.357063
10000,0.091,0.690,0.219,0.391435
10500,0.124,0.669,0.207,0.423811
11000,0.074,0.682,0.244,0.379722
11500,0.037,0.764,0.198,0.291807
12000,0.074,0.665,0.260,0.406174
12500,0.062,0.702,0.236,0.365799
13000,0.140,0.554,0.306,0.487731
13500,0.174,0.533,0.293,0.498382
14000,0.236,0.455,0.310,0.538602
14500,0.244,0.459,0.298,0.540030
15000,0.227,0.442,0.331,0.538108
15500,0.190,0.459,0.351,0.530737
16000,0.153,0.492,0.355,0.507291
16500,0.186,0.504,0.310,0.488042
17000,0.165,0.496,0.339,0.513401
17500,0.165,0.587,0.248,0.470414
18000,0.223,0.529,0.248,0.496935
18500,0.298,0.421,0.281,0.540726
19000,0.285,0.339,0.376,0.562567
19500,0.252,0.368,0.380,0.542127
20000,0.322,0.364,0.314,0.558534
20500,0.467,0.198,0.335,0.513074
21000,0.471,0.207,0.322,0.542208
21500,0.545,0.145,0.310,0.504853
22000,0.579,0.161,0.260,0.488412
22500,0.624,0.107,0.269,0.449062
23000,0.686,0.066,0.248,0.381279
23500,0.806,0.017,0.178,0.248322
24000,0.818,0.012,0.169,0.264323
24500,0.860,0.021,0.120,0.184078
25000,0.942,0.000,0.058,0.074619
25500,0.934,0.000,0.066,0.083226
26000,0.942,0.000,0.058,0.079204
26500,0.975,0.000,0.025,0.038341
27000,0.988,0.004,0.008,0.016149
27500,0.996,0.000,0.004,0.002792
28000,0.996,0.000,0.004,0.002792
28500,0.996,0.000,0.004,0.002792
29000,0.996,0.000,0.004,0.002792
29500,0.996,0.000,0.004,0.002792
30000,1.000,0.000,0.000,0.000000
