time,n_A+p,n_B,n_AB,avg_entropy_simp
500,0.062,0.860,0.079,0.212519
1000,0.050,0.793,0.157,0.258998
1500,0.062,0.814,0.124,0.266993
2000,0.033,0.839,0.128,0.207920
2500,0.058,0.822,0.120,0.243970
3000,0.041,0.855,0.103,0.196753
3500,0.099,0.744,0.157,0.322760
4000,0.066,0.694,0.240,0.375077
4500,0.091,0.682,0.227,0.381179
5000,0.099,0.698,0.202,0.381280
5500,0.124,0.636,0.240,0.436775
6000,0.161,0.603,0.236,0.470822
6500,0.124,0.632,0.244,0.404317
7000,0.169,0.624,0.207,0.439270
7500,0.128,0.649,0.223,0.426380
8000,0.132,0.620,0.248,0.460424
8500,0.145,0.661,0.194,0.409347
9000,0.157,0.636,0.207,0.424274
9500,0.095,0.744,0.161,0.315904
10000,0.070,0.711,0.219,0.362644
10500,0.128,0.657,0.215,0.431194
11000,0.132,0.694,0.174,0.379279
11500,0.087,0.748,0.165,0.354021
12000,0.140,0.653,0.207,0.420129
12500,0.165,0.607,0.227,0.449471
13000,0.145,0.620,0.236,0.421534
13500,0.149,0.678,0.174,0.386800
14000,0.132,0.624,0.244,0.430698
14500,0.136,0.574,0.289,0.470537
15000,0.178,0.587,0.236,0.466883
15500,0.178,0.566,0.256,0.455713
16000,0.107,0.661,0.231,0.389520
16500,0.161,0.603,0.236,0.470568
17000,0.211,0.558,0.231,0.488009
17500,0.244,0.521,0.236,0.498982
18000,0.368,0.343,0.289,0.536160
18500,0.368,0.364,0.269,0.538230
19000,0.384,0.281,0.335,0.534871
19500,0.455,0.252,0.293,0.523495
20000,0.529,0.198,0.273,0.499765
20500,0.517,0.112,0.372,0.483075
21000,0.711,0.103,0.186,0.346962
21500,0.893,0.008,0.099,0.131182
22000,0.917,0.004,0.079,0.104710
22500,0.934,0.000,0.066,0.089156
23000,0.992,0.000,0.008,0.010250
23500,1.000,0.000,0.000,0.000000
