time,n_A+p,n_B,n_AB,avg_entropy_simp
500,0.028,0.957,0.015,0.070003
1000,0.028,0.920,0.052,0.120443
1500,0.028,0.911,0.061,0.135227
2000,0.040,0.862,0.098,0.184078
2500,0.052,0.835,0.113,0.216388
3000,0.046,0.777,0.177,0.290363
3500,0.052,0.810,0.138,0.252478
4000,0.046,0.826,0.128,0.228966
4500,0.040,0.865,0.095,0.179010
5000,0.040,0.859,0.101,0.180127
5500,0.034,0.878,0.089,0.172336
6000,0.040,0.850,0.110,0.193583
6500,0.040,0.801,0.159,0.253399
7000,0.052,0.801,0.147,0.260165
7500,0.049,0.835,0.116,0.228444
8000,0.070,0.749,0.180,0.329884
8500,0.058,0.749,0.193,0.304758
9000,0.058,0.706,0.235,0.346216
9500,0.083,0.731,0.187,0.322639
10000,0.089,0.664,0.248,0.374331
10500,0.095,0.682,0.223,0.352159
11000,0.083,0.703,0.214,0.344369
11500,0.122,0.639,0.239,0.421958
12000,0.107,0.651,0.242,0.370664
12500,0.150,0.596,0.254,0.433169
13000,0.260,0.465,0.275,0.480502
13500,0.269,0.376,0.355,0.498511
14000,0.278,0.410,0.312,0.465406
14500,0.401,0.294,0.306,0.450392
15000,0.434,0.235,0.330,0.467196
15500,0.416,0.275,0.309,0.466314
16000,0.431,0.232,0.336,0.469078
16500,0.459,0.229,0.312,0.478835
17000,0.462,0.199,0.339,0.478247
17500,0.462,0.199,0.339,0.508629
18000,0.498,0.141,0.361,0.470276
18500,0.538,0.162,0.300,0.466656
19000,0.575,0.162,0.263,0.450698
19500,0.535,0.141,0.324,0.454577
20000,0.630,0.095,0.275,0.386402
20500,0.700,0.058,0.242,0.326646
21000,0.755,0.080,0.165,0.270114
21500,0.771,0.061,0.168,0.267161
22000,0.813,0.055,0.131,0.234209
22500,0.789,0.076,0.135,0.267514
23000,0.746,0.083,0.171,0.297826
23500,0.691,0.107,0.202,0.322651
24000,0.755,0.064,0.180,0.289715
24500,0.765,0.055,0.180,0.304523
25000,0.810,0.034,0.156,0.236524
25500,0.862,0.021,0.116,0.176117
26000,0.920,0.000,0.080,0.089458
26500,0.884,0.012,0.104,0.135805
27000,0.911,0.006,0.083,0.105135
27500,0.951,0.000,0.049,0.060816
28000,0.966,0.000,0.034,0.037748
28500,0.979,0.000,0.021,0.030885
29000,0.982,0.000,0.018,0.022108
29500,0.991,0.000,0.009,0.007073
30000,0.997,0.000,0.003,0.000285
30500,0.997,0.000,0.003,0.000285
31000,0.997,0.000,0.003,0.000285
31500,0.997,0.000,0.003,0.000285
32000,1.000,0.000,0.000,0.000000
