time,n_A+p,n_B,n_AB,avg_entropy_simp
500,0.041,0.868,0.091,0.223320
1000,0.045,0.826,0.128,0.242681
1500,0.070,0.707,0.223,0.372340
2000,0.103,0.711,0.186,0.387211
2500,0.058,0.731,0.211,0.350871
3000,0.070,0.707,0.223,0.397480
3500,0.070,0.756,0.174,0.335558
4000,0.087,0.661,0.252,0.416819
4500,0.128,0.607,0.264,0.449931
5000,0.186,0.521,0.293,0.515164
5500,0.128,0.558,0.314,0.461306
6000,0.132,0.550,0.318,0.490055
6500,0.215,0.483,0.302,0.538471
7000,0.252,0.364,0.384,0.543800
7500,0.256,0.343,0.401,0.549608
8000,0.335,0.310,0.355,0.548615
8500,0.409,0.211,0.380,0.537139
9000,0.413,0.223,0.364,0.531704
9500,0.442,0.182,0.376,0.523612
10000,0.496,0.215,0.289,0.504478
10500,0.446,0.231,0.322,0.520922
11000,0.413,0.223,0.364,0.548347
11500,0.417,0.223,0.360,0.545141
12000,0.368,0.236,0.397,0.560271
12500,0.343,0.264,0.393,0.558890
13000,0.450,0.211,0.339,0.511464
13500,0.438,0.178,0.384,0.521526
14000,0.504,0.223,0.273,0.512666
14500,0.554,0.083,0.364,0.444089
15000,0.533,0.174,0.293,0.475655
15500,0.496,0.223,0.281,0.517767
16000,0.488,0.153,0.360,0.506458
16500,0.463,0.207,0.331,0.518718
17000,0.277,0.293,0.430,0.550213
17500,0.426,0.223,0.351,0.531410
18000,0.397,0.240,0.364,0.551957
18500,0.376,0.231,0.393,0.547309
19000,0.401,0.202,0.397,0.526323
19500,0.483,0.157,0.360,0.496109
20000,0.459,0.169,0.372,0.528927
20500,0.492,0.227,0.281,0.500415
21000,0.508,0.174,0.318,0.507383
21500,0.492,0.165,0.343,0.512034
22000,0.413,0.277,0.310,0.549820
22500,0.426,0.236,0.339,0.552668
23000,0.368,0.264,0.368,0.543558
23500,0.492,0.178,0.331,0.514916
24000,0.446,0.215,0.339,0.542105
24500,0.574,0.149,0.277,0.460817
25000,0.541,0.136,0.322,0.480426
25500,0.550,0.186,0.264,0.487477
26000,0.665,0.099,0.236,0.388635
26500,0.698,0.103,0.198,0.348385
27000,0.711,0.037,0.252,0.344298
27500,0.789,0.050,0.161,0.264955
28000,0.839,0.004,0.157,0.209441
28500,0.926,0.004,0.070,0.087116
29000,0.946,0.000,0.054,0.078867
29500,0.983,0.000,0.017,0.019114
30000,0.983,0.000,0.017,0.012993
30500,0.983,0.000,0.017,0.023520
31000,0.996,0.000,0.004,0.002169
31500,1.000,0.000,0.000,0.000000
