time,n_A+p,n_B,n_AB,avg_entropy_simp
500,0.054,0.839,0.107,0.266049
1000,0.050,0.781,0.169,0.320106
1500,0.062,0.694,0.244,0.403169
2000,0.157,0.661,0.182,0.453607
2500,0.140,0.558,0.302,0.493718
3000,0.190,0.545,0.264,0.485352
3500,0.124,0.574,0.302,0.457600
4000,0.140,0.574,0.285,0.488705
4500,0.211,0.517,0.273,0.502614
5000,0.169,0.525,0.306,0.510316
5500,0.136,0.579,0.285,0.462224
6000,0.124,0.636,0.240,0.418316
6500,0.124,0.632,0.244,0.428315
7000,0.066,0.702,0.231,0.347464
7500,0.058,0.690,0.252,0.393019
8000,0.153,0.566,0.281,0.491494
8500,0.186,0.566,0.248,0.493193
9000,0.190,0.583,0.227,0.469708
9500,0.140,0.579,0.281,0.471571
10000,0.231,0.471,0.298,0.548613
10500,0.178,0.616,0.207,0.420419
11000,0.157,0.525,0.318,0.475788
11500,0.202,0.442,0.355,0.537328
12000,0.174,0.508,0.318,0.511185
12500,0.248,0.426,0.326,0.539390
13000,0.190,0.537,0.273,0.505848
13500,0.186,0.529,0.285,0.512472
14000,0.293,0.397,0.310,0.550907
14500,0.194,0.512,0.293,0.506983
15000,0.202,0.405,0.393,0.534754
15500,0.326,0.450,0.223,0.526748
16000,0.314,0.397,0.289,0.525212
16500,0.450,0.298,0.252,0.501120
17000,0.517,0.202,0.281,0.500191
17500,0.595,0.169,0.236,0.446120
18000,0.640,0.079,0.281,0.365381
18500,0.781,0.029,0.190,0.270658
19000,0.810,0.021,0.169,0.261273
19500,0.839,0.017,0.145,0.219210
20000,0.884,0.004,0.112,0.168187
20500,0.909,0.025,0.066,0.126361
21000,0.876,0.008,0.116,0.180474
21500,0.917,0.021,0.062,0.124844
22000,0.888,0.017,0.095,0.156195
22500,0.971,0.004,0.025,0.033007
23000,0.988,0.000,0.012,0.009850
23500,0.983,0.000,0.017,0.020975
24000,0.992,0.000,0.008,0.006395
24500,0.996,0.000,0.004,0.007260
25000,0.996,0.000,0.004,0.008269
25500,1.000,0.000,0.000,0.000000
