time,n_A+p,n_B,n_AB,avg_entropy_simp
500,0.045,0.864,0.091,0.238353
1000,0.037,0.802,0.161,0.295795
1500,0.083,0.719,0.198,0.377055
2000,0.178,0.541,0.281,0.513845
2500,0.248,0.459,0.293,0.534703
3000,0.248,0.426,0.326,0.541420
3500,0.227,0.467,0.306,0.517417
4000,0.273,0.405,0.322,0.559541
4500,0.244,0.483,0.273,0.547697
5000,0.277,0.388,0.335,0.545349
5500,0.426,0.240,0.335,0.509947
6000,0.426,0.281,0.293,0.554984
6500,0.417,0.273,0.310,0.534178
7000,0.471,0.211,0.318,0.507720
7500,0.492,0.198,0.310,0.509903
8000,0.467,0.236,0.298,0.534412
8500,0.351,0.360,0.289,0.548269
9000,0.318,0.364,0.318,0.563327
9500,0.223,0.446,0.331,0.528455
10000,0.318,0.364,0.318,0.548655
10500,0.393,0.285,0.322,0.563016
11000,0.525,0.145,0.331,0.486715
11500,0.682,0.091,0.227,0.389137
12000,0.707,0.050,0.244,0.378974
12500,0.793,0.070,0.136,0.293686
13000,0.884,0.008,0.107,0.156165
13500,0.950,0.000,0.050,0.069067
14000,0.934,0.000,0.066,0.099420
14500,0.963,0.000,0.037,0.054366
15000,0.963,0.000,0.037,0.047916
15500,0.930,0.025,0.045,0.103219
16000,0.950,0.004,0.045,0.068456
16500,0.983,0.000,0.017,0.029907
17000,0.988,0.000,0.012,0.016527
17500,0.992,0.000,0.008,0.009348
18000,0.992,0.000,0.008,0.012422
18500,0.975,0.000,0.025,0.041794
19000,0.983,0.000,0.017,0.029232
19500,0.996,0.000,0.004,0.005108
20000,1.000,0.000,0.000,0.000000
