time,n_A+p,n_B,n_AB,avg_entropy_simp
500,0.029,0.930,0.041,0.103591
1000,0.029,0.926,0.045,0.097679
1500,0.037,0.868,0.095,0.177052
2000,0.058,0.855,0.087,0.184405
2500,0.050,0.826,0.124,0.263374
3000,0.045,0.773,0.182,0.317198
3500,0.066,0.785,0.149,0.290474
4000,0.091,0.657,0.252,0.391311
4500,0.099,0.636,0.264,0.404071
5000,0.149,0.607,0.244,0.475979
5500,0.099,0.694,0.207,0.370919
6000,0.145,0.661,0.194,0.420431
6500,0.136,0.591,0.273,0.470685
7000,0.161,0.488,0.351,0.508010
7500,0.227,0.488,0.285,0.511084
8000,0.231,0.397,0.372,0.550469
8500,0.260,0.364,0.376,0.555461
9000,0.380,0.355,0.264,0.531304
9500,0.277,0.380,0.343,0.533648
10000,0.289,0.298,0.413,0.562741
10500,0.417,0.252,0.331,0.549245
11000,0.421,0.260,0.318,0.569481
11500,0.579,0.153,0.269,0.459713
12000,0.653,0.099,0.248,0.401201
12500,0.649,0.099,0.252,0.411096
13000,0.669,0.074,0.256,0.394073
13500,0.632,0.112,0.256,0.424137
14000,0.702,0.062,0.236,0.346229
14500,0.723,0.079,0.198,0.360065
15000,0.756,0.033,0.211,0.320419
15500,0.835,0.017,0.149,0.233766
16000,0.818,0.037,0.145,0.232884
16500,0.752,0.041,0.207,0.323154
17000,0.731,0.091,0.178,0.350037
17500,0.719,0.079,0.202,0.359794
18000,0.744,0.058,0.198,0.326290
18500,0.810,0.041,0.149,0.281416
19000,0.781,0.029,0.190,0.302069
19500,0.826,0.029,0.145,0.239792
20000,0.901,0.008,0.091,0.144836
20500,0.831,0.021,0.149,0.253956
21000,0.876,0.000,0.124,0.185263
21500,0.946,0.004,0.050,0.102452
22000,0.955,0.000,0.045,0.073963
22500,0.963,0.000,0.037,0.040284
23000,0.967,0.000,0.033,0.044920
23500,0.992,0.000,0.008,0.012001
24000,1.000,0.000,0.000,0.000000
