time,n_A+p,n_B,n_AB,avg_entropy_simp
500,0.031,0.960,0.009,0.059618
1000,0.040,0.899,0.061,0.154771
1500,0.046,0.844,0.110,0.192375
2000,0.049,0.826,0.125,0.226300
2500,0.061,0.746,0.193,0.302894
3000,0.101,0.755,0.144,0.322267
3500,0.159,0.673,0.168,0.372760
4000,0.116,0.599,0.284,0.443633
4500,0.144,0.590,0.266,0.426310
5000,0.162,0.538,0.300,0.441959
5500,0.183,0.514,0.303,0.432412
6000,0.245,0.495,0.260,0.490466
6500,0.248,0.523,0.229,0.421314
7000,0.199,0.526,0.275,0.432151
7500,0.180,0.572,0.248,0.384012
8000,0.183,0.627,0.190,0.325911
8500,0.174,0.651,0.174,0.336135
9000,0.162,0.618,0.220,0.382576
9500,0.171,0.639,0.190,0.371633
10000,0.162,0.563,0.275,0.394831
10500,0.229,0.520,0.251,0.443991
11000,0.269,0.440,0.291,0.494514
11500,0.300,0.419,0.281,0.430791
12000,0.318,0.361,0.321,0.445830
12500,0.315,0.422,0.263,0.404549
13000,0.330,0.419,0.251,0.406395
13500,0.333,0.416,0.251,0.396374
14000,0.339,0.459,0.202,0.351816
14500,0.330,0.410,0.260,0.397559
15000,0.404,0.315,0.281,0.468734
15500,0.486,0.272,0.242,0.427174
16000,0.517,0.229,0.254,0.433975
16500,0.529,0.199,0.272,0.427719
17000,0.587,0.168,0.245,0.373373
17500,0.621,0.128,0.251,0.342327
18000,0.670,0.107,0.223,0.342330
18500,0.752,0.073,0.174,0.268598
19000,0.798,0.049,0.153,0.219456
19500,0.765,0.070,0.165,0.274070
20000,0.737,0.083,0.180,0.300584
20500,0.847,0.049,0.104,0.191270
21000,0.872,0.015,0.113,0.155738
21500,0.933,0.006,0.061,0.099333
22000,0.911,0.021,0.067,0.141382
22500,0.930,0.000,0.070,0.098441
23000,0.865,0.012,0.122,0.186608
23500,0.865,0.006,0.128,0.182009
24000,0.914,0.012,0.073,0.131258
24500,0.920,0.003,0.076,0.134104
25000,0.942,0.012,0.046,0.093000
25500,0.936,0.012,0.052,0.097503
26000,0.927,0.006,0.067,0.112290
26500,0.878,0.018,0.104,0.171061
27000,0.899,0.012,0.089,0.125825
27500,0.969,0.003,0.028,0.044162
28000,0.991,0.000,0.009,0.009446
28500,0.994,0.000,0.006,0.006229
29000,0.994,0.000,0.006,0.006229
29500,0.994,0.000,0.006,0.006229
30000,0.985,0.000,0.015,0.028941
30500,0.991,0.000,0.009,0.019977
31000,0.985,0.000,0.015,0.032170
31500,1.000,0.000,0.000,0.000000
