time,n_A+p,n_B,n_AB,avg_entropy_simp
500,0.031,0.936,0.034,0.092799
1000,0.037,0.899,0.064,0.139995
1500,0.040,0.893,0.067,0.152072
2000,0.055,0.847,0.098,0.204885
2500,0.058,0.768,0.174,0.303401
3000,0.080,0.688,0.232,0.357252
3500,0.070,0.642,0.287,0.383577
4000,0.070,0.664,0.266,0.363151
4500,0.101,0.651,0.248,0.391781
5000,0.092,0.593,0.315,0.399856
5500,0.144,0.609,0.248,0.413458
6000,0.110,0.664,0.226,0.360051
6500,0.098,0.670,0.232,0.377871
7000,0.116,0.606,0.278,0.425577
7500,0.110,0.590,0.300,0.439978
8000,0.098,0.572,0.330,0.423156
8500,0.180,0.508,0.312,0.453609
9000,0.214,0.437,0.349,0.486216
9500,0.260,0.370,0.370,0.514810
10000,0.355,0.275,0.370,0.502384
10500,0.398,0.254,0.349,0.502060
11000,0.428,0.239,0.333,0.505074
11500,0.398,0.232,0.370,0.487309
12000,0.416,0.269,0.315,0.462320
12500,0.385,0.275,0.339,0.501414
13000,0.474,0.165,0.361,0.474706
13500,0.446,0.180,0.373,0.480132
14000,0.483,0.193,0.324,0.476590
14500,0.480,0.153,0.367,0.478397
15000,0.566,0.122,0.312,0.411814
15500,0.538,0.150,0.312,0.427126
16000,0.563,0.131,0.306,0.431015
16500,0.609,0.104,0.287,0.405266
17000,0.624,0.092,0.284,0.397972
17500,0.661,0.067,0.272,0.360113
18000,0.749,0.049,0.202,0.300639
18500,0.780,0.043,0.177,0.266834
19000,0.774,0.037,0.190,0.280671
19500,0.801,0.018,0.180,0.253485
20000,0.801,0.021,0.177,0.260377
20500,0.792,0.034,0.174,0.260139
21000,0.752,0.052,0.196,0.293141
21500,0.768,0.058,0.174,0.311288
22000,0.706,0.046,0.248,0.342708
22500,0.768,0.049,0.183,0.296163
23000,0.847,0.034,0.119,0.220785
23500,0.853,0.009,0.138,0.193299
24000,0.920,0.006,0.073,0.108220
24500,0.945,0.000,0.055,0.078526
25000,0.927,0.012,0.061,0.081226
25500,0.917,0.024,0.058,0.095822
26000,0.924,0.024,0.052,0.089467
26500,0.936,0.012,0.052,0.088243
27000,0.957,0.006,0.037,0.048926
27500,0.972,0.000,0.028,0.031704
28000,0.979,0.000,0.021,0.023418
28500,0.972,0.000,0.028,0.028148
29000,0.982,0.003,0.015,0.018017
29500,0.994,0.000,0.006,0.006638
30000,0.997,0.000,0.003,0.002138
30500,0.997,0.000,0.003,0.002138
31000,0.997,0.000,0.003,0.002138
31500,0.997,0.000,0.003,0.002138
32000,1.000,0.000,0.000,0.000000
