time,n_A+p,n_B,n_AB,avg_entropy_simp
500,0.028,0.912,0.060,0.132596
1000,0.028,0.866,0.106,0.192546
1500,0.046,0.788,0.166,0.279827
2000,0.101,0.733,0.166,0.312428
2500,0.046,0.747,0.207,0.303040
3000,0.069,0.774,0.157,0.278266
3500,0.046,0.760,0.194,0.284662
4000,0.074,0.770,0.157,0.272076
4500,0.055,0.793,0.152,0.262013
5000,0.092,0.737,0.171,0.324901
5500,0.134,0.631,0.235,0.397607
6000,0.157,0.567,0.276,0.421955
6500,0.124,0.558,0.318,0.404562
7000,0.230,0.535,0.235,0.426765
7500,0.157,0.488,0.355,0.444737
8000,0.175,0.470,0.355,0.466444
8500,0.161,0.488,0.350,0.445834
9000,0.175,0.498,0.327,0.447183
9500,0.221,0.359,0.419,0.472490
10000,0.276,0.267,0.456,0.486944
10500,0.290,0.281,0.429,0.490672
11000,0.350,0.267,0.382,0.477355
11500,0.498,0.184,0.318,0.458375
12000,0.475,0.175,0.350,0.455478
12500,0.631,0.083,0.286,0.364986
13000,0.714,0.088,0.198,0.308095
13500,0.747,0.074,0.180,0.258651
14000,0.677,0.106,0.217,0.349205
14500,0.627,0.078,0.295,0.358266
15000,0.857,0.028,0.115,0.158443
15500,0.912,0.023,0.065,0.096308
16000,0.945,0.014,0.041,0.045656
16500,0.940,0.014,0.046,0.042314
17000,0.977,0.014,0.009,0.006412
17500,0.982,0.014,0.005,0.001856
18000,0.982,0.009,0.009,0.001856
18500,0.982,0.009,0.009,0.001856
19000,0.982,0.009,0.009,0.001856
19500,0.982,0.009,0.009,0.001856
20000,0.986,0.009,0.005,0.000561
20500,0.986,0.009,0.005,0.000561
21000,0.986,0.009,0.005,0.000561
21500,0.986,0.009,0.005,0.000561
22000,0.986,0.009,0.005,0.000561
22500,0.986,0.009,0.005,0.000561
23000,0.986,0.009,0.005,0.000561
23500,0.982,0.009,0.009,0.010606
24000,0.982,0.009,0.009,0.002433
24500,0.982,0.009,0.009,0.002433
25000,0.982,0.009,0.009,0.002433
25500,0.986,0.009,0.005,0.002246
26000,0.972,0.009,0.018,0.027195
26500,0.959,0.009,0.032,0.029842
27000,0.972,0.009,0.018,0.017002
27500,0.972,0.009,0.018,0.022195
28000,0.977,0.005,0.018,0.024128
28500,0.972,0.005,0.023,0.025067
29000,0.977,0.005,0.018,0.023287
29500,0.982,0.005,0.014,0.006706
30000,0.991,0.005,0.005,0.000374
30500,0.991,0.005,0.005,0.000374
31000,0.991,0.000,0.009,0.000374
31500,0.991,0.000,0.009,0.000374
32000,0.991,0.000,0.009,0.000374
32500,0.991,0.000,0.009,0.000374
33000,0.995,0.000,0.005,0.000187
33500,0.995,0.000,0.005,0.000187
34000,0.995,0.000,0.005,0.000187
34500,0.995,0.000,0.005,0.000187
35000,0.995,0.000,0.005,0.000187
35500,0.995,0.000,0.005,0.000187
36000,0.995,0.000,0.005,0.000187
36500,1.000,0.000,0.000,0.000000
