time,n_A+p,n_B,n_AB,avg_entropy_simp
500,0.041,0.901,0.058,0.154209
1000,0.041,0.880,0.079,0.160565
1500,0.033,0.897,0.070,0.141845
2000,0.050,0.843,0.107,0.224710
2500,0.083,0.773,0.145,0.327831
3000,0.083,0.793,0.124,0.285147
3500,0.062,0.744,0.194,0.328958
4000,0.103,0.653,0.244,0.449292
4500,0.095,0.748,0.157,0.337140
5000,0.099,0.711,0.190,0.351296
5500,0.136,0.612,0.252,0.462343
6000,0.215,0.483,0.302,0.525577
6500,0.260,0.380,0.360,0.561477
7000,0.306,0.364,0.331,0.563673
7500,0.488,0.215,0.298,0.514203
8000,0.351,0.310,0.339,0.554654
8500,0.360,0.360,0.281,0.538313
9000,0.459,0.306,0.236,0.539196
9500,0.669,0.140,0.190,0.411269
10000,0.731,0.050,0.219,0.335871
10500,0.860,0.041,0.099,0.180565
11000,0.884,0.021,0.095,0.191538
11500,0.938,0.004,0.058,0.103404
12000,0.988,0.004,0.008,0.018673
12500,0.996,0.000,0.004,0.002097
13000,1.000,0.000,0.000,0.000000
