time,n_A+p,n_B,n_AB,avg_entropy_simp
500,0.037,0.917,0.046,0.098644
1000,0.051,0.862,0.088,0.168319
1500,0.028,0.908,0.065,0.119895
2000,0.028,0.862,0.111,0.157446
2500,0.037,0.876,0.088,0.144442
3000,0.032,0.834,0.134,0.188784
3500,0.046,0.806,0.147,0.235544
4000,0.046,0.774,0.180,0.261430
4500,0.032,0.825,0.143,0.203781
5000,0.055,0.774,0.171,0.269274
5500,0.060,0.765,0.175,0.273968
6000,0.046,0.783,0.171,0.261746
6500,0.060,0.742,0.198,0.287616
7000,0.092,0.613,0.295,0.384535
7500,0.152,0.622,0.226,0.371756
8000,0.092,0.585,0.323,0.385407
8500,0.180,0.516,0.304,0.442174
9000,0.235,0.438,0.327,0.463299
9500,0.212,0.461,0.327,0.459435
10000,0.212,0.433,0.355,0.465535
10500,0.189,0.429,0.382,0.452005
11000,0.226,0.479,0.295,0.458527
11500,0.152,0.438,0.410,0.462501
12000,0.336,0.355,0.309,0.487694
12500,0.332,0.244,0.424,0.479313
13000,0.456,0.180,0.364,0.457638
13500,0.581,0.106,0.313,0.400016
14000,0.737,0.065,0.198,0.261528
14500,0.719,0.051,0.230,0.300380
15000,0.843,0.028,0.129,0.162259
15500,0.862,0.014,0.124,0.162186
16000,0.931,0.014,0.055,0.075282
16500,0.972,0.005,0.023,0.014524
17000,0.963,0.000,0.037,0.023109
17500,0.968,0.000,0.032,0.025678
18000,0.977,0.000,0.023,0.007424
18500,0.982,0.000,0.018,0.001856
19000,0.982,0.000,0.018,0.001856
19500,0.982,0.000,0.018,0.001856
20000,0.986,0.000,0.014,0.001669
20500,0.986,0.000,0.014,0.001669
21000,0.986,0.000,0.014,0.001669
21500,0.986,0.000,0.014,0.001669
22000,0.991,0.000,0.009,0.000374
22500,0.986,0.000,0.014,0.010231
23000,0.991,0.000,0.009,0.000374
23500,0.991,0.000,0.009,0.000374
24000,0.991,0.000,0.009,0.000374
24500,0.991,0.000,0.009,0.000374
25000,0.991,0.000,0.009,0.000374
25500,0.991,0.000,0.009,0.000374
26000,0.991,0.000,0.009,0.000374
26500,0.991,0.000,0.009,0.000374
27000,0.995,0.000,0.005,0.000187
27500,0.995,0.000,0.005,0.000187
28000,0.995,0.000,0.005,0.000187
28500,0.995,0.000,0.005,0.000187
29000,0.995,0.000,0.005,0.000187
29500,0.995,0.000,0.005,0.000187
30000,0.995,0.000,0.005,0.000187
30500,0.995,0.000,0.005,0.000187
31000,0.995,0.000,0.005,0.000187
31500,0.995,0.000,0.005,0.000187
32000,0.995,0.000,0.005,0.000187
32500,0.995,0.000,0.005,0.000187
33000,0.995,0.000,0.005,0.000187
33500,0.995,0.000,0.005,0.000187
34000,1.000,0.000,0.000,0.000000
