time,n_A+p,n_B,n_AB,avg_entropy_simp
500,0.028,0.889,0.083,0.162870
1000,0.046,0.793,0.161,0.258956
1500,0.051,0.710,0.240,0.340200
2000,0.074,0.742,0.184,0.317266
2500,0.078,0.622,0.300,0.401266
3000,0.055,0.691,0.253,0.345461
3500,0.037,0.747,0.217,0.291559
4000,0.055,0.696,0.249,0.364185
4500,0.060,0.733,0.207,0.342442
5000,0.078,0.645,0.276,0.394100
5500,0.120,0.608,0.272,0.428617
6000,0.147,0.553,0.300,0.436613
6500,0.101,0.618,0.281,0.387395
7000,0.106,0.631,0.263,0.379453
7500,0.101,0.654,0.244,0.365585
8000,0.120,0.618,0.263,0.400579
8500,0.138,0.493,0.369,0.448275
9000,0.101,0.521,0.378,0.421399
9500,0.101,0.493,0.406,0.436967
10000,0.207,0.447,0.346,0.467927
10500,0.244,0.373,0.382,0.479478
11000,0.350,0.272,0.378,0.483104
11500,0.419,0.194,0.387,0.460578
12000,0.438,0.166,0.396,0.453569
12500,0.512,0.134,0.355,0.422997
13000,0.724,0.046,0.230,0.286259
13500,0.779,0.023,0.198,0.240883
14000,0.871,0.014,0.115,0.150035
14500,0.889,0.009,0.101,0.138003
15000,0.908,0.005,0.088,0.119244
15500,0.931,0.005,0.065,0.077090
16000,0.945,0.005,0.051,0.063970
16500,0.963,0.009,0.028,0.027542
17000,0.954,0.005,0.041,0.046767
17500,0.954,0.005,0.041,0.044002
18000,0.977,0.005,0.018,0.019091
18500,0.963,0.005,0.032,0.041210
19000,0.982,0.005,0.014,0.018190
19500,0.986,0.005,0.009,0.008875
20000,0.991,0.005,0.005,0.000374
20500,0.991,0.005,0.005,0.000374
21000,0.991,0.005,0.005,0.000374
21500,0.991,0.005,0.005,0.000374
22000,0.991,0.005,0.005,0.000374
22500,0.995,0.005,-0.000,0.000187
23000,0.995,0.005,-0.000,0.000187
23500,0.995,0.005,-0.000,0.000187
24000,0.995,0.000,0.005,0.000187
24500,0.995,0.000,0.005,0.000187
25000,0.995,0.000,0.005,0.000187
25500,0.995,0.000,0.005,0.000187
26000,0.995,0.000,0.005,0.000187
26500,0.995,0.000,0.005,0.000187
27000,1.000,0.000,0.000,0.000000
