time,n_A+p,n_B,n_AB,avg_entropy_simp
500,0.046,0.917,0.037,0.131002
1000,0.031,0.838,0.131,0.224190
1500,0.037,0.884,0.080,0.170661
2000,0.052,0.823,0.125,0.255624
2500,0.070,0.780,0.150,0.282782
3000,0.070,0.804,0.125,0.275266
3500,0.083,0.768,0.150,0.318693
4000,0.101,0.633,0.266,0.421805
4500,0.141,0.587,0.272,0.470129
5000,0.147,0.544,0.309,0.473115
5500,0.150,0.550,0.300,0.465269
6000,0.205,0.456,0.339,0.477463
6500,0.266,0.453,0.281,0.457188
7000,0.235,0.505,0.260,0.466941
7500,0.220,0.480,0.300,0.478728
8000,0.291,0.343,0.367,0.520675
8500,0.339,0.321,0.339,0.515002
9000,0.333,0.349,0.318,0.519909
9500,0.382,0.291,0.327,0.506571
10000,0.440,0.217,0.343,0.483885
10500,0.483,0.187,0.330,0.433364
11000,0.480,0.180,0.339,0.464572
11500,0.511,0.147,0.343,0.435931
12000,0.492,0.199,0.309,0.471070
12500,0.514,0.199,0.287,0.461983
13000,0.575,0.153,0.272,0.426127
13500,0.596,0.144,0.260,0.425626
14000,0.648,0.083,0.269,0.388627
14500,0.713,0.052,0.235,0.322087
15000,0.685,0.089,0.226,0.336310
15500,0.664,0.098,0.239,0.375813
16000,0.703,0.110,0.187,0.314720
16500,0.746,0.070,0.183,0.281364
17000,0.807,0.046,0.147,0.222615
17500,0.826,0.034,0.141,0.199402
18000,0.865,0.028,0.107,0.154804
18500,0.881,0.018,0.101,0.133311
19000,0.896,0.018,0.086,0.137928
19500,0.908,0.003,0.089,0.120482
20000,0.914,0.003,0.083,0.106773
20500,0.945,0.000,0.055,0.073830
21000,0.976,0.000,0.024,0.022884
21500,0.988,0.000,0.012,0.006796
22000,0.988,0.000,0.012,0.006796
22500,0.988,0.000,0.012,0.006796
23000,0.991,0.000,0.009,0.004385
23500,0.997,0.000,0.003,0.000570
24000,0.997,0.000,0.003,0.000570
24500,0.997,0.000,0.003,0.000570
25000,0.997,0.000,0.003,0.000570
25500,1.000,0.000,0.000,0.000000
