time,n_A+p,n_B,n_AB,avg_entropy_simp
500,0.028,0.927,0.046,0.117862
1000,0.037,0.920,0.043,0.128368
1500,0.040,0.875,0.086,0.162548
2000,0.052,0.859,0.089,0.204203
2500,0.040,0.865,0.095,0.197142
3000,0.049,0.835,0.116,0.204619
3500,0.052,0.804,0.144,0.257901
4000,0.092,0.746,0.162,0.317516
4500,0.122,0.719,0.159,0.319786
5000,0.086,0.691,0.223,0.312739
5500,0.116,0.709,0.174,0.294318
6000,0.116,0.676,0.208,0.303626
6500,0.113,0.703,0.183,0.326978
7000,0.107,0.719,0.174,0.336720
7500,0.086,0.670,0.245,0.371499
8000,0.055,0.731,0.214,0.334274
8500,0.070,0.795,0.135,0.293467
9000,0.080,0.761,0.159,0.316927
9500,0.083,0.774,0.144,0.270653
10000,0.089,0.682,0.229,0.360397
10500,0.116,0.670,0.214,0.371987
11000,0.183,0.578,0.239,0.451376
11500,0.144,0.618,0.239,0.417839
12000,0.190,0.544,0.266,0.468677
12500,0.254,0.489,0.257,0.478909
13000,0.217,0.459,0.324,0.496369
13500,0.208,0.483,0.309,0.483039
14000,0.205,0.517,0.278,0.484205
14500,0.254,0.462,0.284,0.503411
15000,0.217,0.520,0.263,0.475391
15500,0.235,0.453,0.312,0.479325
16000,0.223,0.480,0.297,0.477280
16500,0.269,0.446,0.284,0.486580
17000,0.330,0.385,0.284,0.497897
17500,0.315,0.373,0.312,0.501089
18000,0.300,0.382,0.318,0.490287
18500,0.309,0.364,0.327,0.497533
19000,0.355,0.388,0.257,0.495354
19500,0.318,0.355,0.327,0.492859
20000,0.394,0.306,0.300,0.483035
20500,0.358,0.333,0.309,0.443403
21000,0.376,0.300,0.324,0.452948
21500,0.388,0.327,0.284,0.493793
22000,0.495,0.254,0.251,0.460975
22500,0.508,0.251,0.242,0.448000
23000,0.560,0.159,0.281,0.414739
23500,0.596,0.144,0.260,0.359431
24000,0.639,0.131,0.229,0.322644
24500,0.682,0.122,0.196,0.322375
25000,0.703,0.076,0.220,0.325891
25500,0.734,0.080,0.187,0.285632
26000,0.755,0.058,0.187,0.282896
26500,0.771,0.086,0.144,0.260839
27000,0.810,0.064,0.125,0.211424
27500,0.801,0.055,0.144,0.207915
28000,0.838,0.043,0.119,0.186373
28500,0.869,0.021,0.110,0.150977
29000,0.908,0.009,0.083,0.102083
29500,0.936,0.003,0.061,0.066863
30000,0.936,0.006,0.058,0.075372
30500,0.979,0.003,0.018,0.020382
31000,0.979,0.000,0.021,0.021033
31500,0.991,0.000,0.009,0.004415
32000,0.997,0.000,0.003,0.001248
32500,1.000,0.000,0.000,0.000000
