time,n_A+p,n_B,n_AB,avg_entropy_simp
500,0.028,0.951,0.021,0.091351
1000,0.034,0.902,0.064,0.149890
1500,0.034,0.875,0.092,0.179818
2000,0.055,0.820,0.125,0.235163
2500,0.086,0.728,0.187,0.329127
3000,0.101,0.664,0.235,0.381957
3500,0.101,0.636,0.263,0.397160
4000,0.147,0.520,0.333,0.450791
4500,0.220,0.434,0.346,0.508622
5000,0.187,0.446,0.367,0.462664
5500,0.239,0.394,0.367,0.517230
6000,0.248,0.367,0.385,0.523407
6500,0.239,0.407,0.355,0.497009
7000,0.333,0.266,0.401,0.520271
7500,0.404,0.223,0.373,0.500259
8000,0.413,0.223,0.364,0.480426
8500,0.554,0.131,0.315,0.411036
9000,0.560,0.119,0.321,0.434031
9500,0.560,0.128,0.312,0.437624
10000,0.618,0.122,0.260,0.412123
10500,0.630,0.073,0.297,0.349598
11000,0.685,0.086,0.229,0.321927
11500,0.703,0.055,0.242,0.312203
12000,0.746,0.046,0.208,0.253471
12500,0.728,0.034,0.239,0.278170
13000,0.685,0.058,0.257,0.328805
13500,0.731,0.046,0.223,0.300589
14000,0.801,0.037,0.162,0.233641
14500,0.765,0.028,0.208,0.265329
15000,0.740,0.034,0.226,0.314148
15500,0.697,0.046,0.257,0.328010
16000,0.694,0.031,0.275,0.327178
16500,0.777,0.028,0.196,0.263561
17000,0.829,0.018,0.153,0.189515
17500,0.865,0.003,0.131,0.149891
18000,0.865,0.012,0.122,0.167620
18500,0.798,0.015,0.187,0.224790
19000,0.826,0.021,0.153,0.187602
19500,0.820,0.018,0.162,0.196289
20000,0.820,0.006,0.174,0.199807
20500,0.847,0.018,0.135,0.182748
21000,0.878,0.018,0.104,0.144561
21500,0.896,0.003,0.101,0.119470
22000,0.896,0.003,0.101,0.129777
22500,0.917,0.006,0.076,0.098196
23000,0.933,0.006,0.061,0.088901
23500,0.872,0.024,0.104,0.176093
24000,0.856,0.043,0.101,0.175227
24500,0.829,0.024,0.147,0.187705
25000,0.859,0.043,0.098,0.164868
25500,0.896,0.024,0.080,0.132028
26000,0.905,0.028,0.067,0.114299
26500,0.911,0.018,0.070,0.128804
27000,0.927,0.012,0.061,0.085062
27500,0.911,0.003,0.086,0.123495
28000,0.884,0.012,0.104,0.152674
28500,0.939,0.003,0.058,0.064455
29000,0.930,0.000,0.070,0.091370
29500,0.927,0.000,0.073,0.090350
30000,0.927,0.000,0.073,0.128308
30500,0.884,0.009,0.107,0.177192
31000,0.936,0.000,0.064,0.090482
31500,0.969,0.000,0.031,0.030397
32000,0.988,0.000,0.012,0.008330
32500,0.994,0.000,0.006,0.003502
33000,1.000,0.000,0.000,0.000000
