time,n_A+p,n_B,n_AB,avg_entropy_simp
500,0.028,0.959,0.014,0.050197
1000,0.028,0.912,0.060,0.133488
1500,0.028,0.899,0.074,0.124884
2000,0.028,0.889,0.083,0.134501
2500,0.028,0.853,0.120,0.189875
3000,0.041,0.783,0.175,0.265600
3500,0.055,0.673,0.272,0.335272
4000,0.065,0.705,0.230,0.296683
4500,0.147,0.581,0.272,0.409307
5000,0.088,0.604,0.309,0.378498
5500,0.101,0.548,0.350,0.420105
6000,0.147,0.461,0.392,0.446398
6500,0.152,0.488,0.359,0.474382
7000,0.166,0.406,0.429,0.465545
7500,0.194,0.295,0.512,0.450082
8000,0.263,0.253,0.484,0.467887
8500,0.240,0.286,0.475,0.483293
9000,0.217,0.304,0.479,0.478960
9500,0.166,0.323,0.512,0.444553
10000,0.152,0.406,0.442,0.456840
10500,0.198,0.382,0.419,0.473044
11000,0.244,0.332,0.424,0.482871
11500,0.240,0.290,0.470,0.474309
12000,0.350,0.184,0.465,0.436680
12500,0.438,0.138,0.424,0.447707
13000,0.470,0.152,0.378,0.451856
13500,0.493,0.134,0.373,0.429004
14000,0.539,0.111,0.350,0.423129
14500,0.594,0.074,0.332,0.380186
15000,0.594,0.065,0.341,0.379621
15500,0.631,0.041,0.327,0.335667
16000,0.783,0.014,0.203,0.225043
16500,0.765,0.018,0.217,0.250906
17000,0.751,0.032,0.217,0.283832
17500,0.714,0.018,0.267,0.319329
18000,0.829,0.005,0.166,0.183448
18500,0.903,0.009,0.088,0.107716
19000,0.926,0.009,0.065,0.079204
19500,0.931,0.000,0.069,0.068359
20000,0.945,0.000,0.055,0.073645
20500,0.968,0.000,0.032,0.037243
21000,0.977,0.000,0.023,0.014398
21500,0.977,0.000,0.023,0.016222
22000,0.982,0.000,0.018,0.019529
22500,0.991,0.000,0.009,0.000374
23000,0.991,0.000,0.009,0.000374
23500,0.991,0.000,0.009,0.000374
24000,0.991,0.000,0.009,0.000374
24500,0.995,0.000,0.005,0.000187
25000,0.995,0.000,0.005,0.000187
25500,1.000,0.000,0.000,0.000000
