time,n_A+p,n_B,n_AB,avg_entropy_simp
500,0.032,0.912,0.055,0.124581
1000,0.055,0.820,0.124,0.245370
1500,0.032,0.770,0.198,0.271126
2000,0.065,0.770,0.166,0.276058
2500,0.074,0.714,0.212,0.327218
3000,0.065,0.742,0.194,0.276284
3500,0.078,0.696,0.226,0.346548
4000,0.065,0.636,0.300,0.357349
4500,0.088,0.581,0.332,0.400057
5000,0.069,0.641,0.290,0.365541
5500,0.088,0.590,0.323,0.399144
6000,0.124,0.594,0.281,0.411701
6500,0.217,0.387,0.396,0.472869
7000,0.258,0.387,0.355,0.475221
7500,0.309,0.396,0.295,0.483893
8000,0.295,0.327,0.378,0.481359
8500,0.235,0.327,0.438,0.471718
9000,0.442,0.221,0.336,0.467610
9500,0.429,0.171,0.401,0.457733
10000,0.521,0.129,0.350,0.423862
10500,0.585,0.124,0.290,0.379901
11000,0.539,0.111,0.350,0.402134
11500,0.608,0.088,0.304,0.380738
12000,0.594,0.092,0.313,0.382852
12500,0.654,0.065,0.281,0.346921
13000,0.714,0.028,0.258,0.288141
13500,0.747,0.014,0.240,0.264155
14000,0.825,0.032,0.143,0.201135
14500,0.871,0.009,0.120,0.143710
15000,0.839,0.014,0.147,0.189755
15500,0.829,0.009,0.161,0.214633
16000,0.848,0.018,0.134,0.195805
16500,0.889,0.009,0.101,0.132669
17000,0.940,0.000,0.060,0.057254
17500,0.922,0.000,0.078,0.095464
18000,0.912,0.005,0.083,0.121752
18500,0.972,0.000,0.028,0.029352
19000,0.982,0.000,0.018,0.016562
19500,0.954,0.000,0.046,0.059824
20000,0.986,0.000,0.014,0.004804
20500,0.982,0.000,0.018,0.010793
21000,0.991,0.000,0.009,0.000374
21500,0.991,0.000,0.009,0.000374
22000,0.995,0.000,0.005,0.000187
22500,0.995,0.000,0.005,0.000187
23000,0.995,0.000,0.005,0.000187
23500,0.995,0.000,0.005,0.000187
24000,0.995,0.000,0.005,0.000187
24500,0.995,0.000,0.005,0.000187
25000,1.000,0.000,0.000,0.000000
