time,n_A+p,n_B,n_AB,avg_entropy_simp
500,0.028,0.945,0.028,0.079222
1000,0.037,0.848,0.115,0.200690
1500,0.028,0.820,0.152,0.222697
2000,0.028,0.737,0.235,0.305347
2500,0.051,0.687,0.263,0.366477
3000,0.041,0.765,0.194,0.287539
3500,0.037,0.760,0.203,0.268032
4000,0.046,0.751,0.203,0.282268
4500,0.088,0.645,0.267,0.374668
5000,0.069,0.696,0.235,0.349172
5500,0.060,0.677,0.263,0.351965
6000,0.078,0.645,0.276,0.359957
6500,0.041,0.673,0.286,0.341079
7000,0.078,0.668,0.253,0.345001
7500,0.055,0.747,0.198,0.277834
8000,0.037,0.820,0.143,0.214015
8500,0.046,0.664,0.290,0.361093
9000,0.092,0.618,0.290,0.384029
9500,0.111,0.512,0.378,0.449310
10000,0.097,0.548,0.355,0.418897
10500,0.111,0.488,0.401,0.446965
11000,0.175,0.396,0.429,0.459018
11500,0.217,0.286,0.498,0.469273
12000,0.286,0.244,0.470,0.477261
12500,0.304,0.184,0.512,0.443762
13000,0.419,0.189,0.392,0.466496
13500,0.461,0.124,0.415,0.441290
14000,0.525,0.097,0.378,0.412792
14500,0.590,0.078,0.332,0.401145
15000,0.548,0.092,0.359,0.410731
15500,0.631,0.074,0.295,0.361772
16000,0.677,0.060,0.263,0.324850
16500,0.627,0.078,0.295,0.381548
17000,0.682,0.055,0.263,0.332040
17500,0.636,0.074,0.290,0.351874
18000,0.645,0.060,0.295,0.340981
18500,0.733,0.037,0.230,0.292315
19000,0.747,0.037,0.217,0.281973
19500,0.783,0.018,0.198,0.220347
20000,0.848,0.018,0.134,0.160291
20500,0.862,0.009,0.129,0.125395
21000,0.912,0.009,0.078,0.075064
21500,0.931,0.009,0.060,0.062124
22000,0.940,0.005,0.055,0.052286
22500,0.963,0.005,0.032,0.024956
23000,0.972,0.005,0.023,0.015019
23500,0.977,0.005,0.018,0.009983
24000,0.977,0.005,0.018,0.021069
24500,0.982,0.005,0.014,0.007382
25000,0.982,0.005,0.014,0.011227
25500,0.977,0.005,0.018,0.019930
26000,0.991,0.005,0.005,0.001482
26500,0.991,0.005,0.005,0.001482
27000,0.995,0.005,-0.000,0.000187
27500,0.995,0.005,-0.000,0.000187
28000,0.995,0.005,-0.000,0.000187
28500,0.995,0.005,-0.000,0.000187
29000,0.995,0.005,-0.000,0.000187
29500,0.995,0.005,-0.000,0.000187
30000,0.995,0.005,-0.000,0.000187
30500,0.995,0.005,-0.000,0.000187
31000,0.995,0.005,-0.000,0.000187
31500,0.991,0.005,0.005,0.010231
32000,0.995,0.005,-0.000,0.000187
32500,0.995,0.005,-0.000,0.000187
33000,0.995,0.005,-0.000,0.000187
33500,0.995,0.005,-0.000,0.000187
34000,0.995,0.000,0.005,0.000187
34500,0.995,0.000,0.005,0.000187
35000,1.000,0.000,0.000,0.000000
