time,n_A+p,n_B,n_AB,avg_entropy_simp
500,0.028,0.862,0.111,0.188701
1000,0.028,0.816,0.157,0.244338
1500,0.032,0.816,0.152,0.219198
2000,0.032,0.747,0.221,0.285060
2500,0.046,0.737,0.217,0.289774
3000,0.078,0.682,0.240,0.347810
3500,0.074,0.604,0.323,0.392267
4000,0.083,0.654,0.263,0.346216
4500,0.083,0.558,0.359,0.405544
5000,0.078,0.558,0.364,0.402217
5500,0.074,0.512,0.415,0.421331
6000,0.166,0.456,0.378,0.470382
6500,0.194,0.456,0.350,0.442784
7000,0.138,0.396,0.465,0.436735
7500,0.175,0.488,0.336,0.452891
8000,0.134,0.452,0.415,0.445583
8500,0.129,0.530,0.341,0.434707
9000,0.147,0.493,0.359,0.449344
9500,0.175,0.447,0.378,0.464983
10000,0.175,0.378,0.447,0.468365
10500,0.226,0.350,0.424,0.484056
11000,0.290,0.313,0.396,0.487038
11500,0.295,0.221,0.484,0.469103
12000,0.341,0.203,0.456,0.468953
12500,0.415,0.152,0.433,0.449141
13000,0.470,0.124,0.406,0.431189
13500,0.442,0.143,0.415,0.451356
14000,0.452,0.157,0.392,0.455823
14500,0.387,0.124,0.488,0.434422
15000,0.410,0.147,0.442,0.454929
15500,0.479,0.134,0.387,0.443155
16000,0.581,0.069,0.350,0.373827
16500,0.521,0.106,0.373,0.419613
17000,0.636,0.069,0.295,0.361727
17500,0.687,0.074,0.240,0.326669
18000,0.724,0.055,0.221,0.296037
18500,0.783,0.028,0.189,0.263260
19000,0.820,0.032,0.147,0.227128
19500,0.834,0.028,0.138,0.204614
20000,0.880,0.014,0.106,0.136313
20500,0.839,0.014,0.147,0.185163
21000,0.871,0.005,0.124,0.141431
21500,0.922,0.000,0.078,0.087471
22000,0.959,0.000,0.041,0.054383
22500,0.968,0.000,0.032,0.038515
23000,0.977,0.000,0.023,0.027978
23500,0.986,0.000,0.014,0.006114
24000,0.991,0.000,0.009,0.002058
24500,0.991,0.000,0.009,0.002058
25000,0.991,0.000,0.009,0.002058
25500,0.991,0.000,0.009,0.002058
26000,0.995,0.000,0.005,0.000187
26500,0.995,0.000,0.005,0.000187
27000,0.995,0.000,0.005,0.000187
27500,0.995,0.000,0.005,0.000187
28000,0.995,0.000,0.005,0.000187
28500,0.995,0.000,0.005,0.000187
29000,0.995,0.000,0.005,0.000187
29500,0.995,0.000,0.005,0.000187
30000,0.995,0.000,0.005,0.000187
30500,0.995,0.000,0.005,0.000187
31000,0.995,0.000,0.005,0.000187
31500,0.995,0.000,0.005,0.000187
32000,0.995,0.000,0.005,0.000187
32500,0.995,0.000,0.005,0.000187
33000,1.000,0.000,0.000,0.000000
