time,n_A+p,n_B,n_AB,avg_entropy_simp
500,0.031,0.924,0.046,0.115100
1000,0.028,0.905,0.067,0.120022
1500,0.028,0.914,0.058,0.111954
2000,0.034,0.905,0.061,0.126194
2500,0.058,0.878,0.064,0.166042
3000,0.037,0.872,0.092,0.183869
3500,0.076,0.804,0.119,0.256479
4000,0.049,0.823,0.128,0.242944
4500,0.058,0.838,0.104,0.218813
5000,0.055,0.798,0.147,0.258621
5500,0.070,0.743,0.187,0.339947
6000,0.067,0.722,0.211,0.320299
6500,0.116,0.688,0.196,0.360587
7000,0.113,0.664,0.223,0.401891
7500,0.095,0.679,0.226,0.354047
8000,0.110,0.645,0.245,0.394347
8500,0.092,0.667,0.242,0.392648
9000,0.138,0.621,0.242,0.414090
9500,0.119,0.624,0.257,0.381754
10000,0.147,0.612,0.242,0.377461
10500,0.208,0.514,0.278,0.438183
11000,0.226,0.471,0.303,0.457365
11500,0.242,0.388,0.370,0.491842
12000,0.339,0.330,0.330,0.495960
12500,0.352,0.327,0.321,0.488764
13000,0.431,0.232,0.336,0.476587
13500,0.477,0.214,0.309,0.450951
14000,0.477,0.180,0.343,0.443262
14500,0.419,0.223,0.358,0.478567
15000,0.474,0.190,0.336,0.462153
15500,0.462,0.211,0.327,0.470166
16000,0.474,0.235,0.291,0.479826
16500,0.489,0.214,0.297,0.470426
17000,0.465,0.180,0.355,0.471383
17500,0.483,0.199,0.318,0.465187
18000,0.508,0.235,0.257,0.416074
18500,0.511,0.190,0.300,0.403316
19000,0.596,0.168,0.235,0.359664
19500,0.661,0.113,0.226,0.348991
20000,0.694,0.076,0.229,0.306521
20500,0.725,0.052,0.223,0.302744
21000,0.722,0.067,0.211,0.320687
21500,0.709,0.064,0.226,0.336314
22000,0.807,0.055,0.138,0.225101
22500,0.884,0.021,0.095,0.119600
23000,0.884,0.012,0.104,0.138738
23500,0.869,0.018,0.113,0.154578
24000,0.878,0.015,0.107,0.141447
24500,0.905,0.009,0.086,0.117820
25000,0.945,0.006,0.049,0.072883
25500,0.963,0.009,0.028,0.036434
26000,0.966,0.006,0.028,0.047460
26500,0.951,0.000,0.049,0.056632
27000,0.957,0.000,0.043,0.048914
27500,0.963,0.006,0.031,0.043266
28000,0.951,0.000,0.049,0.060804
28500,0.957,0.000,0.043,0.057948
29000,0.979,0.000,0.021,0.031530
29500,0.988,0.000,0.012,0.013897
30000,0.985,0.000,0.015,0.017568
30500,0.994,0.000,0.006,0.002115
31000,0.997,0.000,0.003,0.000285
31500,0.997,0.000,0.003,0.000285
32000,0.997,0.000,0.003,0.000285
32500,0.997,0.000,0.003,0.000285
33000,0.997,0.000,0.003,0.000285
33500,0.997,0.000,0.003,0.000285
34000,0.997,0.000,0.003,0.000285
34500,0.997,0.000,0.003,0.000285
35000,0.997,0.000,0.003,0.000285
35500,1.000,0.000,0.000,0.000000
