time,n_A+p,n_B,n_AB,avg_entropy_simp
500,0.037,0.913,0.050,0.136235
1000,0.029,0.913,0.058,0.117130
1500,0.054,0.814,0.132,0.281077
2000,0.058,0.806,0.136,0.263153
2500,0.058,0.810,0.132,0.269840
3000,0.070,0.769,0.161,0.297013
3500,0.066,0.839,0.095,0.208986
4000,0.066,0.806,0.128,0.270002
4500,0.058,0.760,0.182,0.316048
5000,0.058,0.802,0.140,0.285383
5500,0.045,0.764,0.190,0.304684
6000,0.066,0.731,0.202,0.344789
6500,0.070,0.814,0.116,0.251689
7000,0.103,0.723,0.174,0.356760
7500,0.062,0.781,0.157,0.286690
8000,0.041,0.814,0.145,0.232856
8500,0.045,0.826,0.128,0.231099
9000,0.033,0.864,0.103,0.182062
9500,0.062,0.793,0.145,0.276150
10000,0.095,0.711,0.194,0.365865
10500,0.103,0.603,0.293,0.451011
11000,0.165,0.537,0.298,0.487200
11500,0.132,0.640,0.227,0.425483
12000,0.079,0.628,0.293,0.426779
12500,0.145,0.595,0.260,0.470668
13000,0.132,0.579,0.289,0.488976
13500,0.120,0.550,0.331,0.479511
14000,0.157,0.620,0.223,0.456486
14500,0.116,0.649,0.236,0.412576
15000,0.169,0.579,0.252,0.448175
15500,0.153,0.620,0.227,0.440031
16000,0.074,0.678,0.248,0.411190
16500,0.099,0.777,0.124,0.290274
17000,0.112,0.653,0.236,0.425664
17500,0.190,0.533,0.277,0.501951
18000,0.165,0.554,0.281,0.475282
18500,0.219,0.417,0.364,0.536965
19000,0.277,0.438,0.285,0.536380
19500,0.306,0.318,0.376,0.543699
20000,0.372,0.285,0.343,0.538340
20500,0.343,0.326,0.331,0.562705
21000,0.322,0.360,0.318,0.539243
21500,0.351,0.331,0.318,0.548215
22000,0.331,0.343,0.326,0.538831
22500,0.322,0.360,0.318,0.537907
23000,0.360,0.318,0.322,0.542230
23500,0.442,0.207,0.351,0.526576
24000,0.529,0.174,0.298,0.513225
24500,0.562,0.087,0.351,0.456735
25000,0.525,0.149,0.326,0.486763
25500,0.570,0.161,0.269,0.498988
26000,0.649,0.128,0.223,0.438857
26500,0.818,0.021,0.161,0.269953
27000,0.876,0.025,0.099,0.172483
27500,0.872,0.025,0.103,0.174192
28000,0.876,0.041,0.083,0.178026
28500,0.909,0.021,0.070,0.125477
29000,0.913,0.000,0.087,0.126761
29500,0.983,0.004,0.012,0.011026
30000,0.992,0.000,0.008,0.004190
30500,0.996,0.000,0.004,0.002169
31000,1.000,0.000,0.000,0.000000
