time,n_A+p,n_B,n_AB,avg_entropy_simp
500,0.029,0.880,0.091,0.188626
1000,0.041,0.864,0.095,0.205628
1500,0.070,0.818,0.112,0.256136
2000,0.087,0.736,0.178,0.357816
2500,0.074,0.760,0.165,0.319042
3000,0.070,0.777,0.153,0.285426
3500,0.083,0.653,0.264,0.416651
4000,0.095,0.723,0.182,0.350570
4500,0.124,0.756,0.120,0.333784
5000,0.074,0.781,0.145,0.306202
5500,0.095,0.711,0.194,0.398670
6000,0.174,0.595,0.231,0.467153
6500,0.174,0.517,0.310,0.527279
7000,0.136,0.661,0.202,0.413329
7500,0.145,0.645,0.211,0.433819
8000,0.091,0.632,0.277,0.401568
8500,0.079,0.760,0.161,0.276948
9000,0.083,0.802,0.116,0.256104
9500,0.045,0.773,0.182,0.320288
10000,0.116,0.694,0.190,0.392888
10500,0.136,0.653,0.211,0.445026
11000,0.140,0.591,0.269,0.454919
11500,0.145,0.587,0.269,0.480704
12000,0.165,0.554,0.281,0.481330
12500,0.198,0.521,0.281,0.497269
13000,0.211,0.521,0.269,0.503310
13500,0.178,0.545,0.277,0.509926
14000,0.186,0.599,0.215,0.485220
14500,0.227,0.525,0.248,0.503204
15000,0.260,0.475,0.264,0.546081
15500,0.306,0.347,0.347,0.551825
16000,0.413,0.298,0.289,0.548045
16500,0.533,0.227,0.240,0.476239
17000,0.517,0.145,0.339,0.495110
17500,0.653,0.124,0.223,0.403415
18000,0.636,0.107,0.256,0.453503
18500,0.698,0.050,0.252,0.350812
19000,0.752,0.058,0.190,0.334496
19500,0.785,0.058,0.157,0.274659
20000,0.897,0.021,0.083,0.139557
20500,0.926,0.012,0.062,0.103230
21000,0.979,0.000,0.021,0.025830
21500,0.979,0.000,0.021,0.029827
22000,0.975,0.008,0.017,0.042554
22500,0.975,0.000,0.025,0.042186
23000,0.996,0.000,0.004,0.002418
23500,0.996,0.000,0.004,0.002418
24000,0.996,0.000,0.004,0.002418
24500,1.000,0.000,0.000,0.000000
