time,n_A+p,n_B,n_AB,avg_entropy_simp
500,0.037,0.903,0.060,0.147699
1000,0.060,0.871,0.069,0.178203
1500,0.041,0.829,0.129,0.218786
2000,0.060,0.737,0.203,0.321231
2500,0.074,0.751,0.175,0.317060
3000,0.083,0.650,0.267,0.391242
3500,0.083,0.705,0.212,0.337302
4000,0.083,0.783,0.134,0.278734
4500,0.078,0.733,0.189,0.304960
5000,0.051,0.733,0.217,0.294172
5500,0.078,0.728,0.194,0.334482
6000,0.088,0.682,0.230,0.355876
6500,0.074,0.687,0.240,0.337536
7000,0.088,0.654,0.258,0.371263
7500,0.134,0.636,0.230,0.397151
8000,0.111,0.645,0.244,0.373211
8500,0.138,0.613,0.249,0.418484
9000,0.088,0.594,0.318,0.393986
9500,0.166,0.525,0.309,0.457347
10000,0.253,0.429,0.318,0.488916
10500,0.364,0.332,0.304,0.492658
11000,0.392,0.240,0.369,0.476516
11500,0.332,0.290,0.378,0.488026
12000,0.364,0.253,0.382,0.484668
12500,0.346,0.249,0.406,0.477796
13000,0.442,0.217,0.341,0.468684
13500,0.548,0.147,0.304,0.417590
14000,0.590,0.143,0.267,0.385365
14500,0.751,0.069,0.180,0.269540
15000,0.756,0.055,0.189,0.246312
15500,0.834,0.032,0.134,0.201466
16000,0.820,0.018,0.161,0.203028
16500,0.866,0.009,0.124,0.139548
17000,0.912,0.009,0.078,0.093529
17500,0.935,0.009,0.055,0.062346
18000,0.968,0.000,0.032,0.025507
18500,0.982,0.000,0.018,0.019645
19000,0.991,0.000,0.009,0.000374
19500,0.991,0.000,0.009,0.000374
20000,0.991,0.000,0.009,0.000374
20500,0.995,0.000,0.005,0.000187
21000,0.995,0.000,0.005,0.000187
21500,0.995,0.000,0.005,0.000187
22000,0.995,0.000,0.005,0.000187
22500,0.995,0.000,0.005,0.000187
23000,0.995,0.000,0.005,0.000187
23500,0.995,0.000,0.005,0.000187
24000,0.995,0.000,0.005,0.000187
24500,0.995,0.000,0.005,0.000187
25000,0.995,0.000,0.005,0.000187
25500,0.995,0.000,0.005,0.000187
26000,0.995,0.000,0.005,0.000187
26500,1.000,0.000,0.000,0.000000
