time,n_A+p,n_B,n_AB,avg_entropy_simp
500,0.028,0.917,0.055,0.143357
1000,0.049,0.847,0.104,0.219886
1500,0.064,0.801,0.135,0.268081
2000,0.067,0.789,0.144,0.293190
2500,0.064,0.823,0.113,0.230308
3000,0.052,0.789,0.159,0.294253
3500,0.098,0.761,0.141,0.299514
4000,0.086,0.783,0.131,0.251907
4500,0.107,0.768,0.125,0.294221
5000,0.095,0.771,0.135,0.279337
5500,0.064,0.755,0.180,0.301391
6000,0.104,0.761,0.135,0.303469
6500,0.073,0.761,0.165,0.292874
7000,0.083,0.728,0.190,0.329550
7500,0.116,0.654,0.229,0.377556
8000,0.116,0.618,0.266,0.406465
8500,0.147,0.602,0.251,0.395069
9000,0.125,0.670,0.205,0.378201
9500,0.073,0.734,0.193,0.340102
10000,0.107,0.709,0.183,0.365856
10500,0.104,0.679,0.217,0.386943
11000,0.113,0.642,0.245,0.419076
11500,0.153,0.584,0.263,0.452366
12000,0.135,0.535,0.330,0.463118
12500,0.131,0.627,0.242,0.414035
13000,0.119,0.642,0.239,0.393173
13500,0.150,0.587,0.263,0.456717
14000,0.156,0.606,0.239,0.418887
14500,0.177,0.578,0.245,0.418129
15000,0.150,0.587,0.263,0.412854
15500,0.159,0.624,0.217,0.393888
16000,0.199,0.590,0.211,0.401553
16500,0.214,0.578,0.208,0.402334
17000,0.235,0.526,0.239,0.463325
17500,0.242,0.468,0.291,0.480249
18000,0.254,0.471,0.275,0.476930
18500,0.327,0.379,0.294,0.501042
19000,0.333,0.324,0.343,0.502874
19500,0.373,0.297,0.330,0.493142
20000,0.321,0.336,0.343,0.499736
20500,0.358,0.321,0.321,0.508136
21000,0.382,0.251,0.367,0.467426
21500,0.388,0.297,0.315,0.472285
22000,0.505,0.211,0.284,0.444167
22500,0.486,0.229,0.284,0.479298
23000,0.434,0.251,0.315,0.481383
23500,0.468,0.229,0.303,0.475099
24000,0.566,0.141,0.294,0.419334
24500,0.667,0.107,0.226,0.370371
25000,0.657,0.092,0.251,0.365844
25500,0.743,0.083,0.174,0.285134
26000,0.798,0.040,0.162,0.235922
26500,0.875,0.012,0.113,0.155796
27000,0.899,0.012,0.089,0.122364
27500,0.954,0.000,0.046,0.045146
28000,0.979,0.000,0.021,0.018185
28500,0.985,0.000,0.015,0.016834
29000,0.997,0.000,0.003,0.002431
29500,0.979,0.000,0.021,0.036522
30000,1.000,0.000,0.000,0.000000
