time,n_A+p,n_B,n_AB,avg_entropy_simp
500,0.028,0.960,0.012,0.059317
1000,0.034,0.917,0.049,0.123054
1500,0.034,0.887,0.080,0.180364
2000,0.049,0.850,0.101,0.195942
2500,0.046,0.859,0.095,0.195917
3000,0.040,0.884,0.076,0.164044
3500,0.031,0.884,0.086,0.150937
4000,0.043,0.881,0.076,0.178533
4500,0.037,0.838,0.125,0.220130
5000,0.061,0.798,0.141,0.276661
5500,0.076,0.746,0.177,0.329650
6000,0.067,0.700,0.232,0.343776
6500,0.080,0.713,0.208,0.333138
7000,0.040,0.746,0.214,0.293444
7500,0.046,0.774,0.180,0.265271
8000,0.049,0.746,0.205,0.302607
8500,0.144,0.639,0.217,0.363751
9000,0.116,0.633,0.251,0.370200
9500,0.196,0.547,0.257,0.419345
10000,0.205,0.508,0.287,0.471596
10500,0.193,0.453,0.355,0.486702
11000,0.235,0.434,0.330,0.509544
11500,0.254,0.437,0.309,0.475645
12000,0.294,0.355,0.352,0.496084
12500,0.300,0.370,0.330,0.509100
13000,0.318,0.364,0.318,0.520706
13500,0.355,0.315,0.330,0.485759
14000,0.346,0.287,0.367,0.494995
14500,0.376,0.272,0.352,0.486367
15000,0.336,0.358,0.306,0.468758
15500,0.358,0.336,0.306,0.478087
16000,0.376,0.303,0.321,0.505284
16500,0.468,0.269,0.263,0.478936
17000,0.416,0.303,0.281,0.502976
17500,0.382,0.257,0.361,0.512152
18000,0.459,0.208,0.333,0.482635
18500,0.505,0.205,0.291,0.406362
19000,0.480,0.226,0.294,0.433079
19500,0.529,0.156,0.315,0.425455
20000,0.560,0.147,0.294,0.429399
20500,0.563,0.138,0.300,0.444309
21000,0.615,0.122,0.263,0.371228
21500,0.667,0.095,0.239,0.346545
22000,0.700,0.058,0.242,0.319479
22500,0.700,0.076,0.223,0.334205
23000,0.648,0.080,0.272,0.393386
23500,0.624,0.107,0.269,0.405340
24000,0.575,0.125,0.300,0.447332
24500,0.639,0.076,0.284,0.394843
25000,0.691,0.080,0.229,0.358494
25500,0.755,0.037,0.208,0.294335
26000,0.810,0.046,0.144,0.232418
26500,0.844,0.031,0.125,0.182960
27000,0.859,0.015,0.125,0.188587
27500,0.914,0.018,0.067,0.124301
28000,0.933,0.006,0.061,0.079831
28500,0.939,0.000,0.061,0.064989
29000,0.988,0.000,0.012,0.009220
29500,0.991,0.000,0.009,0.006107
30000,0.972,0.000,0.028,0.042829
30500,0.985,0.003,0.012,0.026500
31000,0.988,0.000,0.012,0.021255
31500,0.997,0.000,0.003,0.001283
32000,1.000,0.000,0.000,0.000000
