time,n_A+p,n_B,n_AB,avg_entropy_simp
500,0.037,0.909,0.054,0.143949
1000,0.029,0.868,0.103,0.212630
1500,0.037,0.798,0.165,0.304472
2000,0.045,0.657,0.298,0.413803
2500,0.050,0.562,0.388,0.434786
3000,0.062,0.603,0.335,0.449577
3500,0.087,0.550,0.364,0.479096
4000,0.058,0.550,0.393,0.449221
4500,0.083,0.599,0.318,0.436628
5000,0.079,0.550,0.372,0.469795
5500,0.124,0.500,0.376,0.511808
6000,0.103,0.463,0.434,0.500865
6500,0.095,0.492,0.413,0.500304
7000,0.074,0.450,0.475,0.475479
7500,0.149,0.483,0.368,0.505019
8000,0.140,0.421,0.438,0.501100
8500,0.244,0.326,0.430,0.539411
9000,0.273,0.244,0.483,0.514229
9500,0.227,0.306,0.467,0.520559
10000,0.351,0.182,0.467,0.538249
10500,0.347,0.178,0.475,0.522496
11000,0.417,0.128,0.455,0.503067
11500,0.517,0.145,0.339,0.496243
12000,0.583,0.091,0.326,0.431501
12500,0.653,0.054,0.293,0.378324
13000,0.744,0.029,0.227,0.290872
13500,0.785,0.004,0.211,0.252694
14000,0.764,0.021,0.215,0.292902
14500,0.736,0.004,0.260,0.323220
15000,0.806,0.004,0.190,0.262061
15500,0.851,0.000,0.149,0.217034
16000,0.868,0.017,0.116,0.191804
16500,0.876,0.021,0.103,0.179336
17000,0.847,0.008,0.145,0.240426
17500,0.917,0.000,0.083,0.109897
18000,0.946,0.000,0.054,0.072258
18500,0.930,0.000,0.070,0.107022
19000,0.946,0.000,0.054,0.075375
19500,0.988,0.000,0.012,0.011622
20000,1.000,0.000,0.000,0.000000
