time,n_A+p,n_B,n_AB,avg_entropy_simp
500,0.041,0.868,0.091,0.203391
1000,0.050,0.802,0.149,0.295415
1500,0.074,0.736,0.190,0.332264
2000,0.112,0.649,0.240,0.450948
2500,0.145,0.591,0.264,0.489419
3000,0.136,0.612,0.252,0.478531
3500,0.124,0.554,0.322,0.472924
4000,0.132,0.591,0.277,0.474545
4500,0.116,0.550,0.335,0.489198
5000,0.149,0.533,0.318,0.479352
5500,0.244,0.426,0.331,0.540379
6000,0.277,0.463,0.260,0.535944
6500,0.231,0.426,0.343,0.548459
7000,0.223,0.376,0.401,0.526534
7500,0.273,0.331,0.397,0.551949
8000,0.252,0.430,0.318,0.542786
8500,0.285,0.326,0.388,0.562986
9000,0.393,0.277,0.331,0.570738
9500,0.360,0.281,0.360,0.550053
10000,0.405,0.260,0.335,0.537046
10500,0.479,0.169,0.351,0.523321
11000,0.537,0.157,0.306,0.480085
11500,0.570,0.161,0.269,0.460885
12000,0.517,0.149,0.335,0.482361
12500,0.653,0.050,0.298,0.394547
13000,0.756,0.041,0.202,0.300020
13500,0.860,0.000,0.140,0.187520
14000,0.913,0.004,0.083,0.107285
14500,0.926,0.008,0.066,0.089639
15000,0.926,0.017,0.058,0.099828
15500,0.967,0.008,0.025,0.023933
16000,0.950,0.004,0.045,0.054984
16500,0.905,0.008,0.087,0.160399
17000,0.909,0.008,0.083,0.143970
17500,0.926,0.000,0.074,0.109583
18000,0.946,0.000,0.054,0.079020
18500,0.934,0.017,0.050,0.133722
19000,0.934,0.004,0.062,0.106305
19500,0.979,0.004,0.017,0.030782
20000,0.983,0.000,0.017,0.033421
20500,1.000,0.000,0.000,0.000000
