time,n_A+p,n_B,n_AB,avg_entropy_simp
500,0.028,0.942,0.031,0.093219
1000,0.040,0.902,0.058,0.137042
1500,0.034,0.872,0.095,0.170714
2000,0.037,0.844,0.119,0.216595
2500,0.034,0.865,0.101,0.184813
3000,0.058,0.807,0.135,0.248796
3500,0.049,0.847,0.104,0.192221
4000,0.046,0.801,0.153,0.236342
4500,0.086,0.765,0.150,0.291216
5000,0.089,0.743,0.168,0.297194
5500,0.104,0.716,0.180,0.334795
6000,0.113,0.734,0.153,0.312854
6500,0.092,0.740,0.168,0.297784
7000,0.089,0.752,0.159,0.281592
7500,0.089,0.703,0.208,0.353276
8000,0.095,0.737,0.168,0.279963
8500,0.193,0.566,0.242,0.429017
9000,0.223,0.511,0.266,0.482890
9500,0.248,0.547,0.205,0.439233
10000,0.232,0.492,0.275,0.456137
10500,0.239,0.541,0.220,0.447086
11000,0.242,0.477,0.281,0.487717
11500,0.297,0.401,0.303,0.508119
12000,0.404,0.343,0.254,0.490531
12500,0.373,0.346,0.281,0.528349
13000,0.404,0.318,0.278,0.504499
13500,0.508,0.211,0.281,0.450714
14000,0.563,0.223,0.214,0.428383
14500,0.636,0.168,0.196,0.364130
15000,0.664,0.104,0.232,0.343245
15500,0.670,0.144,0.187,0.362540
16000,0.633,0.150,0.217,0.396139
16500,0.639,0.110,0.251,0.384646
17000,0.648,0.156,0.196,0.366115
17500,0.667,0.110,0.223,0.361394
18000,0.706,0.083,0.211,0.334907
18500,0.761,0.073,0.165,0.285657
19000,0.795,0.070,0.135,0.224633
19500,0.813,0.080,0.107,0.205923
20000,0.820,0.046,0.135,0.214870
20500,0.801,0.070,0.128,0.237243
21000,0.881,0.046,0.073,0.156032
21500,0.914,0.021,0.064,0.112514
22000,0.890,0.012,0.098,0.159619
22500,0.908,0.031,0.061,0.139082
23000,0.939,0.018,0.043,0.087236
23500,0.963,0.000,0.037,0.045933
24000,0.994,0.003,0.003,0.002485
24500,0.994,0.003,0.003,0.002485
25000,0.994,0.003,0.003,0.002485
25500,0.997,0.000,0.003,0.000285
26000,0.997,0.000,0.003,0.000285
26500,0.997,0.000,0.003,0.000285
27000,0.997,0.000,0.003,0.000285
27500,0.997,0.000,0.003,0.000285
28000,0.997,0.000,0.003,0.000285
28500,0.997,0.000,0.003,0.000285
29000,0.997,0.000,0.003,0.000285
29500,0.997,0.000,0.003,0.000285
30000,0.994,0.000,0.006,0.004519
30500,0.997,0.000,0.003,0.000285
31000,0.997,0.000,0.003,0.000285
31500,0.997,0.000,0.003,0.000285
32000,0.997,0.000,0.003,0.000285
32500,0.997,0.000,0.003,0.000285
33000,0.997,0.000,0.003,0.000285
33500,0.997,0.000,0.003,0.000285
34000,0.997,0.000,0.003,0.000285
34500,0.997,0.000,0.003,0.000285
35000,1.000,0.000,0.000,0.000000
