time,n_A+p,n_B,n_AB,avg_entropy_simp
500,0.028,0.903,0.069,0.142794
1000,0.037,0.866,0.097,0.169293
1500,0.051,0.765,0.184,0.286246
2000,0.041,0.774,0.184,0.258316
2500,0.069,0.696,0.235,0.346776
3000,0.037,0.682,0.281,0.335070
3500,0.078,0.700,0.221,0.336141
4000,0.120,0.599,0.281,0.409771
4500,0.074,0.576,0.350,0.396025
5000,0.106,0.535,0.359,0.430484
5500,0.111,0.498,0.392,0.410153
6000,0.175,0.424,0.401,0.471817
6500,0.253,0.419,0.327,0.489873
7000,0.226,0.336,0.438,0.477735
7500,0.318,0.281,0.401,0.486924
8000,0.323,0.240,0.438,0.480282
8500,0.364,0.203,0.433,0.469518
9000,0.382,0.221,0.396,0.478056
9500,0.350,0.272,0.378,0.485105
10000,0.295,0.281,0.424,0.482668
10500,0.433,0.198,0.369,0.463238
11000,0.465,0.161,0.373,0.459286
11500,0.475,0.115,0.410,0.432249
12000,0.627,0.051,0.323,0.368370
12500,0.604,0.088,0.309,0.371491
13000,0.710,0.037,0.253,0.272517
13500,0.700,0.046,0.253,0.287064
14000,0.724,0.037,0.240,0.269020
14500,0.825,0.018,0.157,0.174328
15000,0.862,0.032,0.106,0.148885
15500,0.793,0.009,0.198,0.228595
16000,0.774,0.028,0.198,0.264350
16500,0.880,0.005,0.115,0.159973
17000,0.889,0.009,0.101,0.152955
17500,0.871,0.009,0.120,0.139108
18000,0.908,0.005,0.088,0.104475
18500,0.926,0.005,0.069,0.088046
19000,0.977,0.005,0.018,0.015677
19500,0.986,0.005,0.009,0.005366
20000,0.977,0.005,0.018,0.020729
20500,0.991,0.005,0.005,0.000374
21000,0.986,0.005,0.009,0.006275
21500,0.986,0.005,0.009,0.006275
22000,0.982,0.005,0.014,0.012721
22500,0.968,0.005,0.028,0.036620
23000,0.959,0.000,0.041,0.054644
23500,0.940,0.000,0.060,0.085717
24000,0.940,0.000,0.060,0.073033
24500,0.968,0.000,0.032,0.033397
25000,0.982,0.000,0.018,0.006473
25500,0.986,0.000,0.014,0.002589
26000,0.986,0.000,0.014,0.002589
26500,0.991,0.000,0.009,0.000374
27000,0.991,0.000,0.009,0.000374
27500,0.991,0.000,0.009,0.005900
28000,0.995,0.000,0.005,0.000187
28500,0.995,0.000,0.005,0.000187
29000,0.995,0.000,0.005,0.000187
29500,0.995,0.000,0.005,0.000187
30000,0.995,0.000,0.005,0.000187
30500,0.995,0.000,0.005,0.000187
31000,0.995,0.000,0.005,0.000187
31500,0.995,0.000,0.005,0.000187
32000,0.995,0.000,0.005,0.000187
32500,0.995,0.000,0.005,0.000187
33000,0.995,0.000,0.005,0.000187
33500,1.000,0.000,0.000,0.000000
