time,n_A+p,n_B,n_AB,avg_entropy_simp
500,0.029,0.921,0.050,0.108348
1000,0.041,0.798,0.161,0.315288
1500,0.041,0.806,0.153,0.276508
2000,0.050,0.719,0.231,0.352995
2500,0.054,0.640,0.306,0.403295
3000,0.054,0.636,0.310,0.425427
3500,0.074,0.579,0.347,0.456351
4000,0.087,0.512,0.401,0.483521
4500,0.103,0.558,0.339,0.490500
5000,0.079,0.545,0.376,0.475192
5500,0.103,0.521,0.376,0.499808
6000,0.099,0.471,0.430,0.495445
6500,0.116,0.533,0.351,0.479680
7000,0.058,0.595,0.347,0.432296
7500,0.095,0.541,0.364,0.455418
8000,0.124,0.450,0.426,0.504344
8500,0.145,0.335,0.521,0.502571
9000,0.388,0.149,0.463,0.494924
9500,0.483,0.099,0.417,0.457834
10000,0.607,0.033,0.360,0.377997
10500,0.686,0.037,0.277,0.340577
11000,0.740,0.012,0.248,0.314252
11500,0.698,0.012,0.289,0.344704
12000,0.798,0.029,0.174,0.266204
12500,0.744,0.021,0.236,0.319384
13000,0.835,0.004,0.161,0.210437
13500,0.826,0.004,0.169,0.220634
14000,0.913,0.000,0.087,0.108938
14500,0.942,0.008,0.050,0.065391
15000,0.967,0.000,0.033,0.055658
15500,0.971,0.000,0.029,0.036256
16000,0.971,0.000,0.029,0.038462
16500,0.946,0.000,0.054,0.069893
17000,0.950,0.000,0.050,0.083640
17500,0.938,0.000,0.062,0.083392
18000,0.909,0.000,0.091,0.138193
18500,0.975,0.000,0.025,0.034371
19000,0.959,0.000,0.041,0.055772
19500,0.975,0.000,0.025,0.040917
20000,0.983,0.000,0.017,0.017049
20500,0.983,0.000,0.017,0.016367
21000,0.975,0.000,0.025,0.034722
21500,0.967,0.000,0.033,0.057107
22000,0.996,0.000,0.004,0.005162
22500,0.992,0.000,0.008,0.011684
23000,0.992,0.000,0.008,0.018178
23500,1.000,0.000,0.000,0.000000
