time,n_A+p,n_B,n_AB,avg_entropy_simp
500,0.033,0.905,0.062,0.153918
1000,0.029,0.905,0.066,0.145788
1500,0.037,0.893,0.070,0.139892
2000,0.074,0.760,0.165,0.345575
2500,0.107,0.636,0.256,0.432561
3000,0.223,0.446,0.331,0.523190
3500,0.298,0.417,0.285,0.546036
4000,0.281,0.372,0.347,0.571861
4500,0.318,0.298,0.384,0.564217
5000,0.405,0.293,0.302,0.549234
5500,0.438,0.240,0.322,0.532379
6000,0.446,0.248,0.306,0.539682
6500,0.558,0.116,0.326,0.464683
7000,0.508,0.211,0.281,0.508883
7500,0.566,0.103,0.331,0.489566
8000,0.640,0.140,0.219,0.444686
8500,0.574,0.165,0.260,0.484303
9000,0.467,0.215,0.318,0.534210
9500,0.496,0.190,0.314,0.513449
10000,0.471,0.198,0.331,0.512597
10500,0.421,0.236,0.343,0.540820
11000,0.455,0.260,0.285,0.530126
11500,0.455,0.178,0.368,0.520793
12000,0.397,0.231,0.372,0.546207
12500,0.463,0.248,0.289,0.538072
13000,0.517,0.190,0.293,0.472482
13500,0.570,0.157,0.273,0.437550
14000,0.459,0.161,0.380,0.515978
14500,0.537,0.145,0.318,0.480061
15000,0.665,0.079,0.256,0.398667
15500,0.657,0.107,0.236,0.411971
16000,0.554,0.178,0.269,0.499100
16500,0.624,0.079,0.298,0.443920
17000,0.769,0.037,0.194,0.292859
17500,0.748,0.070,0.182,0.330495
18000,0.727,0.083,0.190,0.353023
18500,0.719,0.074,0.207,0.363422
19000,0.756,0.054,0.190,0.329678
19500,0.818,0.029,0.153,0.244553
20000,0.860,0.008,0.132,0.186845
20500,0.884,0.000,0.116,0.151525
21000,0.946,0.000,0.054,0.068010
21500,0.971,0.000,0.029,0.048205
22000,0.983,0.000,0.017,0.033122
22500,0.996,0.000,0.004,0.002169
23000,1.000,0.000,0.000,0.000000
