time,n_A+p,n_B,n_AB,avg_entropy_simp
500,0.029,0.917,0.054,0.126027
1000,0.045,0.872,0.083,0.188261
1500,0.029,0.893,0.079,0.152414
2000,0.029,0.897,0.074,0.137037
2500,0.033,0.897,0.070,0.135035
3000,0.029,0.888,0.083,0.172450
3500,0.045,0.872,0.083,0.188647
4000,0.033,0.880,0.087,0.155592
4500,0.037,0.893,0.070,0.142536
5000,0.045,0.839,0.116,0.236089
5500,0.062,0.719,0.219,0.359047
6000,0.058,0.781,0.161,0.297872
6500,0.083,0.760,0.157,0.325185
7000,0.095,0.748,0.157,0.343530
7500,0.041,0.831,0.128,0.230018
8000,0.054,0.831,0.116,0.217807
8500,0.070,0.810,0.120,0.285702
9000,0.050,0.905,0.045,0.118813
9500,0.033,0.905,0.062,0.143010
10000,0.029,0.942,0.029,0.085717
10500,0.033,0.926,0.041,0.097207
11000,0.029,0.950,0.021,0.058819
11500,0.029,0.926,0.045,0.094300
12000,0.041,0.876,0.083,0.172710
12500,0.058,0.835,0.107,0.222577
13000,0.033,0.897,0.070,0.130429
13500,0.045,0.905,0.050,0.149204
14000,0.054,0.847,0.099,0.236644
14500,0.041,0.810,0.149,0.277222
15000,0.029,0.839,0.132,0.221078
15500,0.054,0.868,0.079,0.198216
16000,0.037,0.835,0.128,0.247537
16500,0.054,0.831,0.116,0.271710
17000,0.054,0.826,0.120,0.249702
17500,0.045,0.901,0.054,0.148779
18000,0.041,0.921,0.037,0.096521
18500,0.041,0.930,0.029,0.096623
19000,0.062,0.818,0.120,0.258054
19500,0.054,0.843,0.103,0.231967
20000,0.050,0.880,0.070,0.167472
20500,0.091,0.740,0.169,0.333211
21000,0.070,0.798,0.132,0.274452
21500,0.041,0.831,0.128,0.237986
22000,0.079,0.814,0.107,0.263250
22500,0.074,0.773,0.153,0.283632
23000,0.058,0.785,0.157,0.288719
23500,0.087,0.740,0.174,0.335846
24000,0.124,0.715,0.161,0.354162
24500,0.211,0.550,0.240,0.496404
25000,0.310,0.421,0.269,0.549238
25500,0.236,0.372,0.393,0.554358
26000,0.310,0.393,0.298,0.565293
26500,0.355,0.360,0.285,0.558169
27000,0.368,0.355,0.277,0.540407
27500,0.413,0.335,0.252,0.550050
28000,0.483,0.285,0.231,0.508457
28500,0.351,0.326,0.322,0.545788
29000,0.570,0.248,0.182,0.485439
29500,0.496,0.256,0.248,0.538045
30000,0.500,0.231,0.269,0.515678
30500,0.616,0.145,0.240,0.442347
31000,0.674,0.107,0.219,0.392569
31500,0.769,0.058,0.174,0.298885
32000,0.855,0.021,0.124,0.208922
32500,0.926,0.012,0.062,0.113689
33000,0.926,0.012,0.062,0.111971
33500,0.942,0.012,0.045,0.078095
34000,0.921,0.004,0.074,0.110571
34500,0.983,0.000,0.017,0.015739
35000,0.996,0.000,0.004,0.002245
35500,1.000,0.000,0.000,0.000000
