time,n_A+p,n_B,n_AB,avg_entropy_simp
500,0.029,0.880,0.091,0.194003
1000,0.029,0.764,0.207,0.320240
1500,0.037,0.785,0.178,0.275392
2000,0.050,0.690,0.260,0.335689
2500,0.041,0.690,0.269,0.364122
3000,0.045,0.707,0.248,0.357861
3500,0.062,0.657,0.281,0.408469
4000,0.050,0.632,0.318,0.411927
4500,0.058,0.665,0.277,0.386243
5000,0.058,0.674,0.269,0.387302
5500,0.079,0.616,0.306,0.418133
6000,0.116,0.434,0.450,0.502267
6500,0.128,0.388,0.483,0.492176
7000,0.066,0.463,0.471,0.475855
7500,0.087,0.504,0.409,0.469501
8000,0.136,0.388,0.475,0.497594
8500,0.132,0.360,0.508,0.505073
9000,0.103,0.421,0.475,0.489873
9500,0.132,0.397,0.471,0.503505
10000,0.149,0.289,0.562,0.465461
10500,0.256,0.281,0.463,0.548763
11000,0.318,0.161,0.521,0.498327
11500,0.351,0.153,0.496,0.500109
12000,0.364,0.132,0.504,0.490957
12500,0.545,0.107,0.347,0.469987
13000,0.545,0.054,0.401,0.437422
13500,0.517,0.037,0.446,0.437808
14000,0.566,0.029,0.405,0.431706
14500,0.645,0.025,0.331,0.386945
15000,0.690,0.012,0.298,0.354551
15500,0.793,0.017,0.190,0.264003
16000,0.872,0.004,0.124,0.170594
16500,0.967,0.000,0.033,0.034776
17000,0.979,0.000,0.021,0.023029
17500,0.988,0.000,0.012,0.014314
18000,0.988,0.000,0.012,0.012311
18500,0.992,0.000,0.008,0.005987
19000,0.983,0.000,0.017,0.024051
19500,0.988,0.000,0.012,0.024572
20000,1.000,0.000,0.000,0.000000
