time,n_A+p,n_B,n_AB,avg_entropy_simp
500,0.037,0.825,0.138,0.256773
1000,0.041,0.788,0.171,0.280845
1500,0.032,0.839,0.129,0.205919
2000,0.032,0.876,0.092,0.167049
2500,0.037,0.866,0.097,0.185094
3000,0.041,0.811,0.147,0.241112
3500,0.055,0.756,0.189,0.305280
4000,0.060,0.668,0.272,0.371689
4500,0.078,0.627,0.295,0.374480
5000,0.088,0.654,0.258,0.368314
5500,0.078,0.585,0.336,0.394455
6000,0.124,0.618,0.258,0.403125
6500,0.074,0.641,0.286,0.368323
7000,0.060,0.645,0.295,0.368595
7500,0.097,0.502,0.401,0.426328
8000,0.106,0.502,0.392,0.433326
8500,0.171,0.424,0.406,0.464291
9000,0.194,0.373,0.433,0.467019
9500,0.207,0.410,0.382,0.487158
10000,0.217,0.433,0.350,0.472493
10500,0.157,0.382,0.461,0.455179
11000,0.171,0.419,0.410,0.462046
11500,0.161,0.396,0.442,0.462608
12000,0.194,0.415,0.392,0.470345
12500,0.171,0.359,0.470,0.472005
13000,0.175,0.438,0.387,0.466858
13500,0.175,0.433,0.392,0.467158
14000,0.207,0.415,0.378,0.492061
14500,0.203,0.387,0.410,0.476628
15000,0.207,0.392,0.401,0.464551
15500,0.263,0.373,0.364,0.474986
16000,0.327,0.263,0.410,0.481439
16500,0.281,0.272,0.447,0.469144
17000,0.355,0.240,0.406,0.466085
17500,0.392,0.230,0.378,0.460486
18000,0.410,0.194,0.396,0.449355
18500,0.327,0.203,0.470,0.460684
19000,0.452,0.180,0.369,0.457427
19500,0.521,0.143,0.336,0.430711
20000,0.581,0.078,0.341,0.380329
20500,0.691,0.065,0.244,0.330464
21000,0.839,0.037,0.124,0.177044
21500,0.885,0.018,0.097,0.137257
22000,0.912,0.018,0.069,0.090120
22500,0.889,0.009,0.101,0.149217
23000,0.931,0.005,0.065,0.097212
23500,0.940,0.005,0.055,0.089967
24000,0.982,0.000,0.018,0.025880
24500,0.982,0.000,0.018,0.009655
25000,0.982,0.000,0.018,0.012106
25500,0.986,0.000,0.014,0.009876
26000,0.991,0.000,0.009,0.004789
26500,0.991,0.000,0.009,0.004025
27000,0.991,0.000,0.009,0.014867
27500,0.982,0.000,0.018,0.025359
28000,0.959,0.000,0.041,0.067750
28500,0.954,0.000,0.046,0.068402
29000,0.991,0.000,0.009,0.004758
29500,0.995,0.000,0.005,0.001982
30000,0.995,0.000,0.005,0.001982
30500,1.000,0.000,0.000,0.000000
