time,n_A+p,n_B,n_AB,avg_entropy_simp
500,0.028,0.908,0.065,0.154970
1000,0.028,0.912,0.060,0.140844
1500,0.037,0.876,0.088,0.182804
2000,0.032,0.857,0.111,0.203284
2500,0.032,0.876,0.092,0.160950
3000,0.032,0.885,0.083,0.166550
3500,0.032,0.862,0.106,0.164619
4000,0.032,0.862,0.106,0.188254
4500,0.051,0.765,0.184,0.299981
5000,0.055,0.756,0.189,0.295459
5500,0.069,0.756,0.175,0.306262
6000,0.088,0.691,0.221,0.344845
6500,0.124,0.636,0.240,0.383235
7000,0.180,0.562,0.258,0.428765
7500,0.180,0.507,0.313,0.456995
8000,0.189,0.438,0.373,0.467583
8500,0.194,0.479,0.327,0.458529
9000,0.244,0.378,0.378,0.476963
9500,0.240,0.392,0.369,0.475543
10000,0.203,0.456,0.341,0.480832
10500,0.147,0.525,0.327,0.454730
11000,0.138,0.567,0.295,0.425936
11500,0.124,0.604,0.272,0.395590
12000,0.106,0.650,0.244,0.362064
12500,0.134,0.576,0.290,0.423180
13000,0.161,0.521,0.318,0.444857
13500,0.171,0.470,0.359,0.451889
14000,0.171,0.424,0.406,0.465019
14500,0.157,0.521,0.323,0.447685
15000,0.263,0.442,0.295,0.479093
15500,0.336,0.355,0.309,0.494359
16000,0.447,0.230,0.323,0.454690
16500,0.442,0.212,0.346,0.464760
17000,0.461,0.198,0.341,0.457278
17500,0.567,0.088,0.346,0.381674
18000,0.599,0.115,0.286,0.391605
18500,0.581,0.134,0.286,0.402476
19000,0.627,0.106,0.267,0.371905
19500,0.641,0.055,0.304,0.352730
20000,0.760,0.055,0.184,0.247279
20500,0.724,0.060,0.217,0.312272
21000,0.724,0.083,0.194,0.300593
21500,0.719,0.078,0.203,0.314000
22000,0.839,0.014,0.147,0.203721
22500,0.839,0.005,0.157,0.201773
23000,0.889,0.009,0.101,0.148836
23500,0.931,0.005,0.065,0.101702
24000,0.935,0.014,0.051,0.074027
24500,0.940,0.005,0.055,0.074653
25000,0.972,0.005,0.023,0.033978
25500,0.972,0.000,0.028,0.019859
26000,0.986,0.000,0.014,0.011950
26500,0.995,0.000,0.005,0.002605
27000,0.995,0.000,0.005,0.002605
27500,1.000,0.000,0.000,0.000000
