time,n_A+p,n_B,n_AB,avg_entropy_simp
500,0.029,0.876,0.095,0.195338
1000,0.033,0.785,0.182,0.292950
1500,0.033,0.814,0.153,0.243321
2000,0.033,0.839,0.128,0.226359
2500,0.037,0.793,0.169,0.256467
3000,0.050,0.740,0.211,0.329407
3500,0.041,0.702,0.256,0.373253
4000,0.058,0.636,0.306,0.412804
4500,0.054,0.628,0.318,0.417483
5000,0.074,0.562,0.364,0.461005
5500,0.074,0.612,0.314,0.413736
6000,0.037,0.740,0.223,0.304758
6500,0.037,0.789,0.174,0.272984
7000,0.045,0.818,0.136,0.219102
7500,0.058,0.740,0.202,0.319443
8000,0.050,0.806,0.145,0.234113
8500,0.045,0.769,0.186,0.294082
9000,0.029,0.740,0.231,0.303127
9500,0.045,0.740,0.215,0.300743
10000,0.041,0.723,0.236,0.324438
10500,0.033,0.760,0.207,0.301532
11000,0.074,0.674,0.252,0.396479
11500,0.087,0.579,0.335,0.445537
12000,0.050,0.595,0.355,0.422185
12500,0.054,0.640,0.306,0.408425
13000,0.074,0.661,0.264,0.406791
13500,0.054,0.570,0.376,0.439714
14000,0.058,0.628,0.314,0.422896
14500,0.050,0.628,0.322,0.410234
15000,0.066,0.579,0.355,0.459424
15500,0.058,0.702,0.240,0.364023
16000,0.079,0.657,0.264,0.365399
16500,0.050,0.628,0.322,0.398468
17000,0.079,0.669,0.252,0.381688
17500,0.058,0.702,0.240,0.335196
18000,0.103,0.554,0.343,0.465488
18500,0.054,0.636,0.310,0.385101
19000,0.074,0.628,0.298,0.419449
19500,0.083,0.558,0.360,0.436334
20000,0.091,0.508,0.401,0.473079
20500,0.083,0.525,0.393,0.452193
21000,0.087,0.550,0.364,0.453439
21500,0.091,0.579,0.331,0.443550
22000,0.161,0.471,0.368,0.499355
22500,0.165,0.343,0.492,0.519624
23000,0.331,0.269,0.401,0.554295
23500,0.236,0.231,0.533,0.531254
24000,0.194,0.310,0.496,0.530361
24500,0.161,0.343,0.496,0.516150
25000,0.227,0.355,0.417,0.550820
25500,0.190,0.335,0.475,0.521037
26000,0.124,0.384,0.492,0.498815
26500,0.182,0.376,0.442,0.531827
27000,0.194,0.355,0.450,0.561359
27500,0.190,0.384,0.426,0.545600
28000,0.298,0.264,0.438,0.539428
28500,0.401,0.174,0.426,0.510927
29000,0.479,0.107,0.413,0.485133
29500,0.504,0.099,0.397,0.467678
30000,0.500,0.099,0.401,0.474003
30500,0.488,0.066,0.446,0.462427
31000,0.517,0.079,0.405,0.468238
31500,0.624,0.062,0.314,0.385250
32000,0.636,0.058,0.306,0.397371
32500,0.773,0.054,0.174,0.255183
33000,0.781,0.021,0.198,0.255323
33500,0.843,0.000,0.157,0.230887
34000,0.901,0.000,0.099,0.142497
34500,0.942,0.000,0.058,0.081240
35000,0.934,0.000,0.066,0.092598
35500,0.979,0.000,0.021,0.025162
36000,0.996,0.000,0.004,0.007662
36500,1.000,0.000,0.000,0.000000
