time,n_A+p,n_B,n_AB,avg_entropy_simp
500,0.028,0.935,0.037,0.108375
1000,0.037,0.862,0.101,0.210649
1500,0.032,0.908,0.060,0.125670
2000,0.041,0.820,0.138,0.240387
2500,0.037,0.816,0.147,0.230856
3000,0.055,0.829,0.115,0.222677
3500,0.051,0.779,0.171,0.288611
4000,0.051,0.779,0.171,0.298982
4500,0.051,0.691,0.258,0.355850
5000,0.097,0.691,0.212,0.365834
5500,0.101,0.599,0.300,0.391733
6000,0.120,0.594,0.286,0.414806
6500,0.129,0.530,0.341,0.452276
7000,0.134,0.479,0.387,0.453439
7500,0.263,0.456,0.281,0.464179
8000,0.253,0.355,0.392,0.471443
8500,0.249,0.429,0.323,0.491222
9000,0.323,0.327,0.350,0.489607
9500,0.396,0.267,0.336,0.491421
10000,0.387,0.184,0.429,0.458142
10500,0.419,0.207,0.373,0.467944
11000,0.479,0.171,0.350,0.424470
11500,0.581,0.120,0.300,0.393663
12000,0.604,0.069,0.327,0.378321
12500,0.664,0.078,0.258,0.326725
13000,0.724,0.055,0.221,0.273120
13500,0.811,0.023,0.166,0.181080
14000,0.765,0.041,0.194,0.269811
14500,0.737,0.041,0.221,0.283657
15000,0.839,0.023,0.138,0.188784
15500,0.908,0.018,0.074,0.115759
16000,0.959,0.009,0.032,0.049918
16500,0.963,0.005,0.032,0.038602
17000,0.977,0.005,0.018,0.014493
17500,0.963,0.005,0.032,0.040252
18000,0.972,0.005,0.023,0.028188
18500,0.986,0.005,0.009,0.004587
19000,0.991,0.005,0.005,0.000374
19500,0.991,0.005,0.005,0.000374
20000,0.991,0.005,0.005,0.000374
20500,0.991,0.005,0.005,0.000374
21000,0.995,0.005,-0.000,0.000187
21500,0.995,0.005,-0.000,0.000187
22000,0.995,0.005,-0.000,0.000187
22500,0.995,0.000,0.005,0.000187
23000,0.995,0.000,0.005,0.000187
23500,0.995,0.000,0.005,0.000187
24000,0.995,0.000,0.005,0.000187
24500,0.995,0.000,0.005,0.000187
25000,0.995,0.000,0.005,0.000187
25500,0.995,0.000,0.005,0.000187
26000,0.995,0.000,0.005,0.000187
26500,0.995,0.000,0.005,0.000187
27000,0.995,0.000,0.005,0.000187
27500,0.995,0.000,0.005,0.000187
28000,0.995,0.000,0.005,0.000187
28500,0.995,0.000,0.005,0.000187
29000,0.995,0.000,0.005,0.000187
29500,0.995,0.000,0.005,0.000187
30000,0.995,0.000,0.005,0.000187
30500,0.995,0.000,0.005,0.000187
31000,0.995,0.000,0.005,0.000187
31500,0.995,0.000,0.005,0.000187
32000,1.000,0.000,0.000,0.000000
