time,n_A+p,n_B,n_AB,avg_entropy_simp
500,0.028,0.853,0.120,0.211446
1000,0.037,0.871,0.092,0.196006
1500,0.051,0.848,0.101,0.215270
2000,0.032,0.797,0.171,0.262750
2500,0.055,0.774,0.171,0.280453
3000,0.069,0.797,0.134,0.233555
3500,0.055,0.719,0.226,0.318335
4000,0.046,0.687,0.267,0.334485
4500,0.078,0.622,0.300,0.378594
5000,0.101,0.576,0.323,0.423423
5500,0.180,0.452,0.369,0.469997
6000,0.207,0.461,0.332,0.477465
6500,0.212,0.355,0.433,0.483554
7000,0.272,0.369,0.359,0.490477
7500,0.327,0.267,0.406,0.482191
8000,0.332,0.249,0.419,0.480112
8500,0.373,0.217,0.410,0.473198
9000,0.429,0.175,0.396,0.442667
9500,0.525,0.097,0.378,0.401457
10000,0.604,0.106,0.290,0.385930
10500,0.705,0.046,0.249,0.307384
11000,0.728,0.074,0.198,0.262853
11500,0.843,0.041,0.115,0.161812
12000,0.829,0.014,0.157,0.181690
12500,0.834,0.028,0.138,0.182245
13000,0.885,0.005,0.111,0.127052
13500,0.899,0.005,0.097,0.099549
14000,0.931,0.005,0.065,0.054879
14500,0.954,0.005,0.041,0.043961
15000,0.972,0.005,0.023,0.017235
15500,0.982,0.005,0.014,0.009376
16000,0.977,0.005,0.018,0.017361
16500,0.991,0.005,0.005,0.000374
17000,0.995,0.005,-0.000,0.000187
17500,0.995,0.005,-0.000,0.000187
18000,0.995,0.005,-0.000,0.000187
18500,0.995,0.005,-0.000,0.000187
19000,0.995,0.005,-0.000,0.000187
19500,0.986,0.005,0.009,0.015818
20000,0.977,0.005,0.018,0.024182
20500,0.995,0.005,-0.000,0.000187
21000,0.995,0.005,-0.000,0.000187
21500,0.995,0.005,-0.000,0.000187
22000,0.995,0.005,-0.000,0.000187
22500,0.995,0.005,-0.000,0.000187
23000,0.995,0.005,-0.000,0.000187
23500,0.995,0.005,-0.000,0.000187
24000,0.995,0.005,-0.000,0.000187
24500,0.995,0.005,-0.000,0.000187
25000,0.995,0.005,-0.000,0.000187
25500,0.995,0.005,-0.000,0.000187
26000,0.995,0.005,-0.000,0.000187
26500,0.995,0.005,-0.000,0.000187
27000,0.995,0.005,-0.000,0.000187
27500,0.995,0.005,-0.000,0.000187
28000,0.995,0.005,-0.000,0.000187
28500,0.995,0.005,-0.000,0.000187
29000,0.995,0.005,-0.000,0.000187
29500,0.995,0.005,-0.000,0.000187
30000,0.995,0.005,-0.000,0.000187
30500,0.995,0.005,-0.000,0.000187
31000,0.995,0.005,-0.000,0.000187
31500,0.995,0.000,0.005,0.000187
32000,1.000,0.000,0.000,0.000000
