time,n_A+p,n_B,n_AB,avg_entropy_simp
500,0.045,0.847,0.107,0.250047
1000,0.037,0.769,0.194,0.316953
1500,0.029,0.789,0.182,0.293218
2000,0.045,0.657,0.298,0.419927
2500,0.091,0.657,0.252,0.440672
3000,0.058,0.599,0.343,0.457383
3500,0.070,0.607,0.322,0.444208
4000,0.079,0.640,0.281,0.417717
4500,0.062,0.645,0.293,0.411212
5000,0.058,0.616,0.326,0.433675
5500,0.087,0.479,0.434,0.489515
6000,0.074,0.525,0.401,0.461178
6500,0.087,0.554,0.360,0.442771
7000,0.136,0.426,0.438,0.506347
7500,0.169,0.355,0.475,0.517748
8000,0.145,0.417,0.438,0.521627
8500,0.112,0.463,0.426,0.495441
9000,0.099,0.455,0.446,0.497339
9500,0.095,0.475,0.430,0.491871
10000,0.087,0.475,0.438,0.491573
10500,0.087,0.517,0.397,0.473407
11000,0.091,0.455,0.455,0.492309
11500,0.161,0.409,0.430,0.527513
12000,0.124,0.409,0.467,0.489953
12500,0.149,0.417,0.434,0.523039
13000,0.169,0.450,0.380,0.507345
13500,0.207,0.310,0.483,0.514372
14000,0.310,0.248,0.442,0.525278
14500,0.397,0.198,0.405,0.539937
15000,0.339,0.198,0.463,0.515940
15500,0.421,0.136,0.442,0.504099
16000,0.380,0.174,0.446,0.527311
16500,0.285,0.178,0.537,0.510965
17000,0.314,0.157,0.529,0.503082
17500,0.413,0.149,0.438,0.518199
18000,0.508,0.091,0.401,0.471039
18500,0.500,0.087,0.413,0.460334
19000,0.541,0.058,0.401,0.435776
19500,0.661,0.033,0.306,0.369547
20000,0.682,0.008,0.310,0.352868
20500,0.632,0.037,0.331,0.386128
21000,0.640,0.041,0.318,0.403274
21500,0.789,0.012,0.198,0.266722
22000,0.831,0.008,0.161,0.200320
22500,0.818,0.017,0.165,0.234742
23000,0.818,0.025,0.157,0.245120
23500,0.822,0.012,0.165,0.234533
24000,0.843,0.004,0.153,0.202530
24500,0.864,0.000,0.136,0.175506
25000,0.860,0.000,0.140,0.166146
25500,0.938,0.000,0.062,0.065233
26000,0.942,0.000,0.058,0.071930
26500,0.942,0.000,0.058,0.085298
27000,0.963,0.000,0.037,0.054729
27500,0.979,0.000,0.021,0.032693
28000,0.992,0.000,0.008,0.017561
28500,0.983,0.000,0.017,0.029145
29000,0.992,0.000,0.008,0.013733
29500,1.000,0.000,0.000,0.000000
