time,n_A+p,n_B,n_AB,avg_entropy_simp
500,0.029,0.901,0.070,0.142403
1000,0.029,0.831,0.140,0.266538
1500,0.037,0.773,0.190,0.325043
2000,0.045,0.806,0.149,0.288426
2500,0.033,0.806,0.161,0.262924
3000,0.045,0.719,0.236,0.350856
3500,0.091,0.591,0.318,0.465224
4000,0.079,0.545,0.376,0.463406
4500,0.182,0.430,0.388,0.543976
5000,0.161,0.421,0.417,0.522140
5500,0.202,0.351,0.446,0.531632
6000,0.223,0.310,0.467,0.523229
6500,0.215,0.322,0.463,0.525746
7000,0.215,0.306,0.479,0.544357
7500,0.273,0.264,0.463,0.533020
8000,0.417,0.157,0.426,0.490677
8500,0.467,0.091,0.442,0.461506
9000,0.512,0.103,0.384,0.484505
9500,0.599,0.095,0.306,0.438633
10000,0.789,0.025,0.186,0.221500
10500,0.831,0.004,0.165,0.196233
11000,0.839,0.012,0.149,0.206926
11500,0.868,0.012,0.120,0.173763
12000,0.909,0.008,0.083,0.126921
12500,0.843,0.000,0.157,0.221663
13000,0.876,0.000,0.124,0.177435
13500,0.934,0.000,0.066,0.099284
14000,0.983,0.000,0.017,0.013360
14500,0.971,0.000,0.029,0.044306
15000,0.979,0.000,0.021,0.019617
15500,0.967,0.000,0.033,0.056301
16000,0.996,0.000,0.004,0.006944
16500,0.996,0.000,0.004,0.006944
17000,0.996,0.000,0.004,0.006944
17500,0.996,0.000,0.004,0.006944
18000,0.996,0.000,0.004,0.006944
18500,1.000,0.000,0.000,0.000000
