time,n_A+p,n_B,n_AB,avg_entropy_simp
500,0.037,0.829,0.134,0.225767
1000,0.051,0.816,0.134,0.226328
1500,0.046,0.816,0.138,0.232710
2000,0.037,0.853,0.111,0.184974
2500,0.032,0.806,0.161,0.234315
3000,0.046,0.742,0.212,0.309944
3500,0.069,0.622,0.309,0.385090
4000,0.083,0.700,0.217,0.343734
4500,0.065,0.710,0.226,0.322971
5000,0.088,0.691,0.221,0.366019
5500,0.115,0.650,0.235,0.397581
6000,0.115,0.677,0.207,0.359519
6500,0.115,0.641,0.244,0.380539
7000,0.078,0.641,0.281,0.380349
7500,0.069,0.691,0.240,0.334718
8000,0.092,0.677,0.230,0.336746
8500,0.124,0.553,0.323,0.438955
9000,0.092,0.682,0.226,0.370020
9500,0.078,0.710,0.212,0.339185
10000,0.051,0.756,0.194,0.304790
10500,0.032,0.797,0.171,0.245079
11000,0.055,0.770,0.175,0.267473
11500,0.060,0.788,0.152,0.253737
12000,0.055,0.705,0.240,0.336876
12500,0.055,0.687,0.258,0.344411
13000,0.097,0.599,0.304,0.402481
13500,0.120,0.590,0.290,0.421080
14000,0.129,0.562,0.309,0.428877
14500,0.194,0.452,0.355,0.476752
15000,0.161,0.470,0.369,0.460560
15500,0.217,0.452,0.332,0.479413
16000,0.171,0.419,0.410,0.461056
16500,0.129,0.493,0.378,0.442522
17000,0.166,0.507,0.327,0.445762
17500,0.175,0.442,0.382,0.473800
18000,0.272,0.424,0.304,0.490512
18500,0.263,0.401,0.336,0.475731
19000,0.304,0.309,0.387,0.482467
19500,0.341,0.240,0.419,0.483968
20000,0.475,0.171,0.355,0.448247
20500,0.507,0.143,0.350,0.433265
21000,0.618,0.088,0.295,0.354412
21500,0.765,0.074,0.161,0.248781
22000,0.760,0.046,0.194,0.259497
22500,0.843,0.032,0.124,0.171542
23000,0.899,0.023,0.078,0.101444
23500,0.945,0.018,0.037,0.049947
24000,0.968,0.014,0.018,0.016520
24500,0.917,0.014,0.069,0.097173
25000,0.945,0.023,0.032,0.054655
25500,0.968,0.014,0.018,0.024769
26000,0.977,0.009,0.014,0.015302
26500,0.986,0.009,0.005,0.001856
27000,0.986,0.009,0.005,0.001856
27500,0.986,0.009,0.005,0.001856
28000,0.986,0.005,0.009,0.003292
28500,0.991,0.005,0.005,0.000374
29000,0.991,0.005,0.005,0.000374
29500,0.991,0.005,0.005,0.000374
30000,0.991,0.005,0.005,0.000374
30500,0.991,0.005,0.005,0.000374
31000,0.991,0.005,0.005,0.000374
31500,0.995,0.000,0.005,0.000187
32000,0.995,0.000,0.005,0.000187
32500,0.995,0.000,0.005,0.000187
33000,0.995,0.000,0.005,0.000187
33500,0.995,0.000,0.005,0.000187
34000,0.995,0.000,0.005,0.000187
34500,0.995,0.000,0.005,0.000187
35000,0.995,0.000,0.005,0.000187
35500,0.995,0.000,0.005,0.000187
36000,1.000,0.000,0.000,0.000000
