time,n_A+p,n_B,n_AB,avg_entropy_simp
500,0.043,0.859,0.098,0.205401
1000,0.043,0.804,0.153,0.258209
1500,0.055,0.780,0.165,0.281935
2000,0.122,0.679,0.199,0.391421
2500,0.104,0.636,0.260,0.425404
3000,0.150,0.569,0.281,0.458132
3500,0.211,0.514,0.275,0.489353
4000,0.214,0.453,0.333,0.482948
4500,0.248,0.446,0.306,0.487431
5000,0.245,0.462,0.294,0.458765
5500,0.239,0.428,0.333,0.456613
6000,0.346,0.398,0.257,0.447331
6500,0.318,0.391,0.291,0.479273
7000,0.346,0.382,0.272,0.461376
7500,0.333,0.367,0.300,0.475355
8000,0.373,0.312,0.315,0.501939
8500,0.385,0.291,0.324,0.487819
9000,0.480,0.220,0.300,0.471364
9500,0.526,0.183,0.291,0.458049
10000,0.544,0.116,0.339,0.443919
10500,0.584,0.141,0.275,0.371437
11000,0.630,0.125,0.245,0.347410
11500,0.667,0.070,0.263,0.352462
12000,0.740,0.061,0.199,0.300349
12500,0.777,0.052,0.171,0.284586
13000,0.783,0.015,0.202,0.268113
13500,0.869,0.015,0.116,0.170135
14000,0.853,0.015,0.131,0.189188
14500,0.881,0.009,0.110,0.162863
15000,0.902,0.009,0.089,0.138511
15500,0.914,0.021,0.064,0.111604
16000,0.954,0.000,0.046,0.054899
16500,0.960,0.000,0.040,0.037251
17000,0.972,0.000,0.028,0.024985
17500,0.982,0.000,0.018,0.021834
18000,0.982,0.000,0.018,0.019731
18500,0.988,0.000,0.012,0.010166
19000,0.985,0.000,0.015,0.017854
19500,0.982,0.006,0.012,0.029074
20000,0.994,0.000,0.006,0.009415
20500,1.000,0.000,0.000,0.000000
