time,n_A+p,n_B,n_AB,avg_entropy_simp
500,0.037,0.939,0.024,0.097997
1000,0.031,0.920,0.049,0.121450
1500,0.043,0.884,0.073,0.161147
2000,0.058,0.832,0.110,0.241050
2500,0.064,0.813,0.122,0.242380
3000,0.067,0.813,0.119,0.241192
3500,0.110,0.740,0.150,0.297034
4000,0.083,0.761,0.156,0.309179
4500,0.098,0.685,0.217,0.379284
5000,0.122,0.661,0.217,0.389986
5500,0.089,0.746,0.165,0.317124
6000,0.116,0.746,0.138,0.307367
6500,0.128,0.697,0.174,0.358550
7000,0.153,0.706,0.141,0.311531
7500,0.180,0.639,0.180,0.363566
8000,0.174,0.624,0.202,0.394178
8500,0.245,0.538,0.217,0.422549
9000,0.266,0.498,0.235,0.445397
9500,0.281,0.437,0.281,0.452769
10000,0.272,0.495,0.232,0.410604
10500,0.235,0.550,0.214,0.372446
11000,0.202,0.581,0.217,0.353519
11500,0.284,0.532,0.183,0.357032
12000,0.287,0.547,0.165,0.358688
12500,0.327,0.462,0.211,0.404049
13000,0.410,0.364,0.226,0.437388
13500,0.373,0.456,0.171,0.348170
14000,0.321,0.474,0.205,0.362348
14500,0.346,0.410,0.245,0.377194
15000,0.339,0.465,0.196,0.406626
15500,0.355,0.413,0.232,0.404100
16000,0.398,0.346,0.257,0.421746
16500,0.489,0.321,0.190,0.387949
17000,0.477,0.281,0.242,0.428998
17500,0.538,0.245,0.217,0.409672
18000,0.526,0.266,0.208,0.377970
18500,0.554,0.229,0.217,0.351880
19000,0.633,0.153,0.214,0.340515
19500,0.685,0.135,0.180,0.308287
20000,0.716,0.135,0.150,0.272522
20500,0.804,0.101,0.095,0.204968
21000,0.862,0.052,0.086,0.154614
21500,0.914,0.028,0.058,0.076795
22000,0.951,0.018,0.031,0.042247
22500,0.966,0.015,0.018,0.032651
23000,0.979,0.000,0.021,0.014960
23500,0.988,0.000,0.012,0.007733
24000,0.991,0.000,0.009,0.004893
24500,0.985,0.000,0.015,0.014046
25000,0.979,0.000,0.021,0.017715
25500,0.982,0.000,0.018,0.015672
26000,0.988,0.000,0.012,0.004905
26500,0.985,0.006,0.009,0.015938
27000,0.988,0.006,0.006,0.004905
27500,0.991,0.000,0.009,0.003633
28000,0.991,0.000,0.009,0.003633
28500,0.994,0.000,0.006,0.006831
29000,0.997,0.000,0.003,0.001141
29500,1.000,0.000,0.000,0.000000
