time,n_A+p,n_B,n_AB,avg_entropy_simp
500,0.040,0.930,0.031,0.099460
1000,0.031,0.881,0.089,0.175493
1500,0.028,0.853,0.119,0.192290
2000,0.067,0.768,0.165,0.323627
2500,0.086,0.713,0.202,0.361417
3000,0.128,0.664,0.208,0.400742
3500,0.125,0.685,0.190,0.375259
4000,0.098,0.657,0.245,0.387389
4500,0.122,0.654,0.223,0.369384
5000,0.125,0.679,0.196,0.339470
5500,0.147,0.621,0.232,0.395260
6000,0.168,0.572,0.260,0.409714
6500,0.211,0.529,0.260,0.447722
7000,0.180,0.523,0.297,0.425239
7500,0.223,0.502,0.275,0.448470
8000,0.180,0.498,0.321,0.460684
8500,0.263,0.416,0.321,0.480965
9000,0.281,0.450,0.269,0.465329
9500,0.248,0.425,0.327,0.463420
10000,0.242,0.453,0.306,0.493464
10500,0.312,0.376,0.312,0.487343
11000,0.352,0.318,0.330,0.499534
11500,0.352,0.330,0.318,0.511503
12000,0.385,0.303,0.312,0.529712
12500,0.557,0.168,0.275,0.423136
13000,0.599,0.150,0.251,0.401769
13500,0.691,0.092,0.217,0.332659
14000,0.728,0.064,0.208,0.319971
14500,0.774,0.055,0.171,0.271813
15000,0.801,0.018,0.180,0.240979
15500,0.847,0.009,0.144,0.189515
16000,0.905,0.015,0.080,0.115068
16500,0.948,0.006,0.046,0.057559
17000,0.976,0.000,0.024,0.021150
17500,0.985,0.000,0.015,0.007463
18000,0.972,0.000,0.028,0.034676
18500,0.976,0.000,0.024,0.026970
19000,0.972,0.003,0.024,0.047564
19500,0.997,0.000,0.003,0.001141
20000,0.997,0.000,0.003,0.001141
20500,0.997,0.000,0.003,0.001141
21000,0.997,0.000,0.003,0.001141
21500,0.991,0.000,0.009,0.007717
22000,0.997,0.000,0.003,0.001141
22500,0.997,0.000,0.003,0.001141
23000,0.997,0.000,0.003,0.001141
23500,0.997,0.000,0.003,0.001141
24000,0.997,0.000,0.003,0.001141
24500,0.994,0.000,0.006,0.006375
25000,0.994,0.000,0.006,0.006375
25500,0.997,0.000,0.003,0.001141
26000,1.000,0.000,0.000,0.000000
