time,n_A+p,n_B,n_AB,avg_entropy_simp
500,0.028,0.912,0.060,0.144048
1000,0.046,0.829,0.124,0.255380
1500,0.078,0.747,0.175,0.309112
2000,0.060,0.737,0.203,0.331154
2500,0.037,0.756,0.207,0.299994
3000,0.060,0.756,0.184,0.301957
3500,0.078,0.696,0.226,0.337965
4000,0.088,0.677,0.235,0.355952
4500,0.120,0.608,0.272,0.395069
5000,0.147,0.562,0.290,0.427813
5500,0.129,0.516,0.355,0.425518
6000,0.111,0.521,0.369,0.406651
6500,0.115,0.470,0.415,0.424618
7000,0.152,0.571,0.276,0.392161
7500,0.194,0.470,0.336,0.469944
8000,0.226,0.415,0.359,0.471277
8500,0.300,0.350,0.350,0.492116
9000,0.267,0.336,0.396,0.484000
9500,0.327,0.300,0.373,0.492569
10000,0.318,0.253,0.429,0.470983
10500,0.281,0.364,0.355,0.488167
11000,0.272,0.410,0.318,0.473214
11500,0.313,0.433,0.253,0.460648
12000,0.336,0.309,0.355,0.480997
12500,0.410,0.327,0.263,0.475931
13000,0.429,0.207,0.364,0.462938
13500,0.479,0.180,0.341,0.453730
14000,0.493,0.161,0.346,0.448040
14500,0.493,0.138,0.369,0.428463
15000,0.585,0.101,0.313,0.364224
15500,0.645,0.074,0.281,0.347963
16000,0.585,0.120,0.295,0.414193
16500,0.760,0.055,0.184,0.256408
17000,0.866,0.028,0.106,0.157712
17500,0.857,0.023,0.120,0.184031
18000,0.834,0.014,0.152,0.198638
18500,0.866,0.009,0.124,0.156070
19000,0.908,0.014,0.078,0.091248
19500,0.880,0.005,0.115,0.139395
20000,0.926,0.000,0.074,0.083958
20500,0.954,0.000,0.046,0.056180
21000,0.991,0.000,0.009,0.002964
21500,0.991,0.000,0.009,0.002964
22000,0.995,0.000,0.005,0.000187
22500,0.995,0.000,0.005,0.000187
23000,0.995,0.000,0.005,0.000187
23500,0.995,0.000,0.005,0.000187
24000,0.995,0.000,0.005,0.000187
24500,0.995,0.000,0.005,0.000187
25000,0.995,0.000,0.005,0.000187
25500,0.995,0.000,0.005,0.000187
26000,0.995,0.000,0.005,0.000187
26500,0.995,0.000,0.005,0.000187
27000,0.995,0.000,0.005,0.000187
27500,0.995,0.000,0.005,0.000187
28000,0.995,0.000,0.005,0.000187
28500,0.995,0.000,0.005,0.000187
29000,0.995,0.000,0.005,0.000187
29500,0.995,0.000,0.005,0.000187
30000,0.995,0.000,0.005,0.000187
30500,0.995,0.000,0.005,0.000187
31000,0.995,0.000,0.005,0.000187
31500,0.995,0.000,0.005,0.000187
32000,0.995,0.000,0.005,0.000187
32500,0.995,0.000,0.005,0.000187
33000,0.995,0.000,0.005,0.000187
33500,0.995,0.000,0.005,0.000187
34000,0.995,0.000,0.005,0.000187
34500,0.995,0.000,0.005,0.000187
35000,0.991,0.000,0.009,0.005900
35500,1.000,0.000,0.000,0.000000
