time,n_A+p,n_B,n_AB,avg_entropy_simp
500,0.034,0.914,0.052,0.145176
1000,0.043,0.835,0.122,0.254718
1500,0.034,0.844,0.122,0.221944
2000,0.052,0.798,0.150,0.285180
2500,0.067,0.783,0.150,0.284677
3000,0.095,0.761,0.144,0.315839
3500,0.095,0.768,0.138,0.295234
4000,0.052,0.807,0.141,0.249273
4500,0.064,0.804,0.131,0.271875
5000,0.080,0.783,0.138,0.285969
5500,0.107,0.703,0.190,0.357359
6000,0.107,0.694,0.199,0.375451
6500,0.092,0.667,0.242,0.366561
7000,0.113,0.673,0.214,0.395133
7500,0.110,0.731,0.159,0.305493
8000,0.064,0.774,0.162,0.254060
8500,0.101,0.737,0.162,0.312165
9000,0.076,0.752,0.171,0.282082
9500,0.131,0.670,0.199,0.370859
10000,0.193,0.547,0.260,0.410305
10500,0.245,0.520,0.235,0.406500
11000,0.278,0.453,0.269,0.431604
11500,0.321,0.434,0.245,0.439848
12000,0.391,0.370,0.239,0.405378
12500,0.422,0.398,0.180,0.381563
13000,0.459,0.309,0.232,0.375551
13500,0.465,0.297,0.239,0.378893
14000,0.416,0.339,0.245,0.447855
14500,0.450,0.266,0.284,0.432264
15000,0.508,0.257,0.235,0.404792
15500,0.517,0.226,0.257,0.411743
16000,0.590,0.177,0.232,0.379511
16500,0.569,0.196,0.235,0.382757
17000,0.651,0.128,0.220,0.348351
17500,0.731,0.110,0.159,0.278053
18000,0.758,0.049,0.193,0.273210
18500,0.777,0.043,0.180,0.241644
19000,0.798,0.037,0.165,0.225880
19500,0.869,0.015,0.116,0.155360
20000,0.908,0.018,0.073,0.115505
20500,0.914,0.012,0.073,0.108962
21000,0.954,0.003,0.043,0.053095
21500,0.979,0.003,0.018,0.017209
22000,0.972,0.003,0.024,0.022739
22500,0.991,0.003,0.006,0.005074
23000,0.991,0.003,0.006,0.008414
23500,0.991,0.003,0.006,0.012990
24000,0.997,0.003,0.000,0.000570
24500,0.997,0.003,0.000,0.000570
25000,0.997,0.003,0.000,0.000570
25500,0.997,0.003,0.000,0.000570
26000,0.997,0.003,0.000,0.000570
26500,0.997,0.003,0.000,0.000570
27000,0.997,0.000,0.003,0.000570
27500,0.997,0.000,0.003,0.000570
28000,1.000,0.000,0.000,0.000000
