time,n_A+p,n_B,n_AB,avg_entropy_simp
500,0.029,0.938,0.033,0.094514
1000,0.050,0.835,0.116,0.253811
1500,0.079,0.736,0.186,0.351938
2000,0.083,0.740,0.178,0.340885
2500,0.050,0.864,0.087,0.207036
3000,0.074,0.781,0.145,0.338307
3500,0.095,0.731,0.174,0.366899
4000,0.079,0.781,0.140,0.314449
4500,0.033,0.835,0.132,0.237827
5000,0.079,0.793,0.128,0.309541
5500,0.079,0.756,0.165,0.331335
6000,0.062,0.744,0.194,0.314258
6500,0.050,0.851,0.099,0.215214
7000,0.070,0.839,0.091,0.242158
7500,0.054,0.802,0.145,0.252813
8000,0.099,0.740,0.161,0.337262
8500,0.066,0.843,0.091,0.204662
9000,0.095,0.748,0.157,0.314917
9500,0.074,0.798,0.128,0.251685
10000,0.083,0.760,0.157,0.323571
10500,0.054,0.822,0.124,0.237222
11000,0.095,0.785,0.120,0.282737
11500,0.124,0.756,0.120,0.317057
12000,0.132,0.707,0.161,0.394040
12500,0.103,0.694,0.202,0.382418
13000,0.120,0.702,0.178,0.393394
13500,0.083,0.740,0.178,0.353362
14000,0.091,0.744,0.165,0.338040
14500,0.070,0.793,0.136,0.291857
15000,0.083,0.727,0.190,0.361439
15500,0.140,0.657,0.202,0.445083
16000,0.120,0.682,0.198,0.400107
16500,0.174,0.616,0.211,0.469874
17000,0.140,0.727,0.132,0.351754
17500,0.107,0.698,0.194,0.386068
18000,0.062,0.855,0.083,0.177260
18500,0.066,0.872,0.062,0.191440
19000,0.070,0.835,0.095,0.228714
19500,0.087,0.839,0.074,0.236188
20000,0.041,0.872,0.087,0.181549
20500,0.041,0.851,0.107,0.214691
21000,0.037,0.913,0.050,0.129012
21500,0.058,0.826,0.116,0.259143
22000,0.041,0.893,0.066,0.162609
22500,0.054,0.847,0.099,0.261607
23000,0.037,0.847,0.116,0.212206
23500,0.066,0.880,0.054,0.153625
24000,0.066,0.843,0.091,0.210318
24500,0.074,0.822,0.103,0.271798
25000,0.062,0.806,0.132,0.272444
25500,0.074,0.773,0.153,0.298434
26000,0.107,0.756,0.136,0.350518
26500,0.116,0.711,0.174,0.384661
27000,0.145,0.583,0.273,0.476642
27500,0.112,0.678,0.211,0.407809
28000,0.182,0.640,0.178,0.438411
28500,0.223,0.607,0.169,0.444413
29000,0.227,0.545,0.227,0.523774
29500,0.269,0.463,0.269,0.540365
30000,0.331,0.355,0.314,0.566785
30500,0.475,0.240,0.285,0.518330
31000,0.674,0.124,0.202,0.397587
31500,0.810,0.045,0.145,0.220379
32000,0.930,0.008,0.062,0.093280
32500,0.988,0.000,0.012,0.011842
33000,0.988,0.000,0.012,0.020181
33500,0.992,0.000,0.008,0.010614
34000,1.000,0.000,0.000,0.000000
