time,n_A+p,n_B,n_AB,avg_entropy_simp
500,0.029,0.921,0.050,0.140043
1000,0.045,0.876,0.079,0.214355
1500,0.037,0.868,0.095,0.187375
2000,0.045,0.855,0.099,0.214366
2500,0.070,0.810,0.120,0.285802
3000,0.058,0.777,0.165,0.303264
3500,0.112,0.682,0.207,0.411970
4000,0.070,0.711,0.219,0.369427
4500,0.083,0.727,0.190,0.329753
5000,0.116,0.678,0.207,0.412367
5500,0.091,0.698,0.211,0.383874
6000,0.136,0.665,0.198,0.437081
6500,0.112,0.661,0.227,0.410635
7000,0.169,0.558,0.273,0.450932
7500,0.174,0.574,0.252,0.448881
8000,0.132,0.628,0.240,0.435848
8500,0.207,0.512,0.281,0.502633
9000,0.219,0.500,0.281,0.527214
9500,0.339,0.413,0.248,0.535565
10000,0.351,0.405,0.244,0.500840
10500,0.351,0.384,0.264,0.517530
11000,0.335,0.421,0.244,0.546409
11500,0.277,0.384,0.339,0.542394
12000,0.293,0.368,0.339,0.548793
12500,0.388,0.285,0.326,0.550670
13000,0.500,0.248,0.252,0.512722
13500,0.529,0.186,0.285,0.498562
14000,0.504,0.178,0.318,0.515354
14500,0.707,0.091,0.202,0.343631
15000,0.769,0.074,0.157,0.259304
15500,0.769,0.070,0.161,0.267731
16000,0.814,0.033,0.153,0.235108
16500,0.802,0.050,0.149,0.287571
17000,0.893,0.008,0.099,0.168494
17500,0.913,0.012,0.074,0.114394
18000,0.938,0.004,0.058,0.074305
18500,0.979,0.004,0.017,0.019072
19000,0.983,0.000,0.017,0.019414
19500,0.996,0.000,0.004,0.003573
20000,1.000,0.000,0.000,0.000000
