time,n_A+p,n_B,n_AB,avg_entropy_simp
500,0.041,0.901,0.058,0.151521
1000,0.045,0.826,0.128,0.245791
1500,0.087,0.793,0.120,0.285074
2000,0.095,0.736,0.169,0.339363
2500,0.083,0.657,0.260,0.413013
3000,0.116,0.628,0.256,0.410594
3500,0.099,0.628,0.273,0.425531
4000,0.169,0.479,0.351,0.522309
4500,0.198,0.397,0.405,0.521723
5000,0.227,0.376,0.397,0.564768
5500,0.264,0.339,0.397,0.557419
6000,0.223,0.401,0.376,0.561041
6500,0.207,0.463,0.331,0.531697
7000,0.256,0.372,0.372,0.562457
7500,0.182,0.463,0.355,0.497397
8000,0.244,0.434,0.322,0.537006
8500,0.289,0.298,0.413,0.555444
9000,0.264,0.438,0.298,0.537116
9500,0.227,0.376,0.397,0.539917
10000,0.318,0.326,0.355,0.556614
10500,0.231,0.376,0.393,0.519533
11000,0.289,0.372,0.339,0.559035
11500,0.339,0.277,0.384,0.549677
12000,0.364,0.223,0.413,0.541127
12500,0.364,0.240,0.397,0.542411
13000,0.310,0.339,0.351,0.547927
13500,0.335,0.343,0.322,0.557732
14000,0.355,0.310,0.335,0.567980
14500,0.364,0.273,0.364,0.567996
15000,0.326,0.298,0.376,0.544005
15500,0.302,0.293,0.405,0.553017
16000,0.335,0.355,0.310,0.560032
16500,0.368,0.231,0.401,0.548445
17000,0.438,0.252,0.310,0.545299
17500,0.355,0.264,0.380,0.557579
18000,0.326,0.302,0.372,0.554994
18500,0.318,0.335,0.347,0.550034
19000,0.343,0.281,0.376,0.561746
19500,0.483,0.219,0.298,0.523571
20000,0.607,0.095,0.298,0.434219
20500,0.496,0.169,0.335,0.510711
21000,0.463,0.136,0.401,0.503976
21500,0.537,0.120,0.343,0.491854
22000,0.595,0.120,0.285,0.451486
22500,0.686,0.095,0.219,0.384046
23000,0.640,0.054,0.306,0.412983
23500,0.665,0.095,0.240,0.418344
24000,0.694,0.066,0.240,0.362310
24500,0.707,0.074,0.219,0.372416
25000,0.711,0.062,0.227,0.374938
25500,0.781,0.037,0.182,0.322178
26000,0.781,0.025,0.194,0.294520
26500,0.888,0.004,0.107,0.156076
27000,0.901,0.008,0.091,0.143545
27500,0.938,0.008,0.054,0.106708
28000,0.934,0.008,0.058,0.102952
28500,0.975,0.000,0.025,0.045450
29000,0.988,0.012,-0.000,0.017725
29500,0.979,0.012,0.008,0.028514
30000,0.983,0.000,0.017,0.024590
30500,0.963,0.000,0.037,0.062694
31000,0.975,0.008,0.017,0.050267
31500,0.971,0.004,0.025,0.043449
32000,0.996,0.000,0.004,0.009073
32500,1.000,0.000,0.000,0.000000
