time,n_A+p,n_B,n_AB,avg_entropy_simp
500,0.033,0.884,0.083,0.164696
1000,0.041,0.818,0.140,0.256311
1500,0.054,0.802,0.145,0.247983
2000,0.058,0.764,0.178,0.305004
2500,0.066,0.773,0.161,0.289541
3000,0.050,0.843,0.107,0.161350
3500,0.070,0.777,0.153,0.281193
4000,0.058,0.731,0.211,0.326592
4500,0.099,0.674,0.227,0.406735
5000,0.070,0.661,0.269,0.400499
5500,0.083,0.653,0.264,0.399550
6000,0.136,0.595,0.269,0.449754
6500,0.132,0.678,0.190,0.386968
7000,0.169,0.570,0.260,0.477147
7500,0.178,0.562,0.260,0.471545
8000,0.202,0.446,0.351,0.513055
8500,0.153,0.517,0.331,0.479946
9000,0.198,0.500,0.302,0.513863
9500,0.264,0.426,0.310,0.557012
10000,0.331,0.264,0.405,0.553653
10500,0.446,0.227,0.326,0.551342
11000,0.434,0.219,0.347,0.544002
11500,0.421,0.202,0.376,0.533452
12000,0.450,0.215,0.335,0.534499
12500,0.483,0.194,0.322,0.517836
13000,0.339,0.339,0.322,0.564523
13500,0.376,0.256,0.368,0.546803
14000,0.570,0.128,0.302,0.481705
14500,0.653,0.107,0.240,0.431786
15000,0.657,0.079,0.264,0.405012
15500,0.624,0.095,0.281,0.439714
16000,0.566,0.124,0.310,0.490980
16500,0.554,0.153,0.293,0.487972
17000,0.508,0.182,0.310,0.524273
17500,0.504,0.174,0.322,0.528874
18000,0.475,0.186,0.339,0.501914
18500,0.467,0.157,0.376,0.510086
19000,0.426,0.207,0.368,0.549383
19500,0.376,0.236,0.388,0.552513
20000,0.372,0.256,0.372,0.551474
20500,0.446,0.264,0.289,0.553130
21000,0.579,0.120,0.302,0.453894
21500,0.674,0.058,0.269,0.351843
22000,0.748,0.033,0.219,0.327701
22500,0.826,0.021,0.153,0.209203
23000,0.880,0.021,0.099,0.162675
23500,0.773,0.033,0.194,0.307969
24000,0.752,0.050,0.198,0.330520
24500,0.777,0.012,0.211,0.302285
25000,0.773,0.037,0.190,0.297519
25500,0.773,0.045,0.182,0.319828
26000,0.764,0.062,0.174,0.315859
26500,0.843,0.017,0.140,0.217436
27000,0.934,0.004,0.062,0.085727
27500,0.971,0.000,0.029,0.035618
28000,0.996,0.000,0.004,0.002826
28500,1.000,0.000,0.000,0.000000
