time,n_A+p,n_B,n_AB,avg_entropy_simp
500,0.028,0.885,0.088,0.177727
1000,0.046,0.825,0.129,0.237062
1500,0.083,0.700,0.217,0.344475
2000,0.088,0.636,0.276,0.389690
2500,0.065,0.622,0.313,0.373032
3000,0.041,0.710,0.249,0.329909
3500,0.046,0.659,0.295,0.367019
4000,0.074,0.714,0.212,0.323530
4500,0.088,0.710,0.203,0.361155
5000,0.065,0.659,0.276,0.363732
5500,0.138,0.539,0.323,0.459985
6000,0.171,0.521,0.309,0.460272
6500,0.161,0.535,0.304,0.448302
7000,0.161,0.447,0.392,0.468480
7500,0.147,0.479,0.373,0.456812
8000,0.244,0.396,0.359,0.475392
8500,0.323,0.313,0.364,0.497422
9000,0.309,0.341,0.350,0.488399
9500,0.244,0.327,0.429,0.496675
10000,0.267,0.309,0.424,0.487680
10500,0.253,0.401,0.346,0.487450
11000,0.258,0.392,0.350,0.472256
11500,0.313,0.304,0.382,0.491877
12000,0.369,0.336,0.295,0.487590
12500,0.346,0.313,0.341,0.480012
13000,0.318,0.253,0.429,0.481863
13500,0.355,0.221,0.424,0.468711
14000,0.470,0.166,0.364,0.453152
14500,0.456,0.157,0.387,0.450508
15000,0.604,0.092,0.304,0.366356
15500,0.760,0.065,0.175,0.258133
16000,0.797,0.046,0.157,0.242034
16500,0.834,0.014,0.152,0.179680
17000,0.848,0.023,0.129,0.182042
17500,0.899,0.005,0.097,0.111648
18000,0.931,0.005,0.065,0.064571
18500,0.949,0.005,0.046,0.051064
19000,0.903,0.005,0.092,0.117827
19500,0.899,0.009,0.092,0.121821
20000,0.871,0.005,0.124,0.148084
20500,0.922,0.005,0.074,0.076038
21000,0.963,0.005,0.032,0.018858
21500,0.972,0.005,0.023,0.009842
22000,0.954,0.009,0.037,0.045348
22500,0.972,0.000,0.028,0.040907
23000,0.972,0.000,0.028,0.031164
23500,0.991,0.000,0.009,0.000374
24000,0.991,0.000,0.009,0.000374
24500,0.991,0.000,0.009,0.000374
25000,0.991,0.000,0.009,0.000374
25500,0.991,0.000,0.009,0.000374
26000,0.991,0.000,0.009,0.000374
26500,0.991,0.000,0.009,0.000374
27000,0.991,0.000,0.009,0.000374
27500,0.995,0.000,0.005,0.000187
28000,0.995,0.000,0.005,0.000187
28500,0.995,0.000,0.005,0.000187
29000,1.000,0.000,0.000,0.000000
