time,n_A+p,n_B,n_AB,avg_entropy_simp
500,0.029,0.884,0.087,0.186737
1000,0.054,0.835,0.112,0.254259
1500,0.062,0.764,0.174,0.312698
2000,0.062,0.835,0.103,0.229992
2500,0.087,0.748,0.165,0.350475
3000,0.140,0.603,0.256,0.465056
3500,0.186,0.579,0.236,0.472539
4000,0.186,0.537,0.277,0.500682
4500,0.178,0.488,0.335,0.520515
5000,0.157,0.537,0.306,0.512106
5500,0.202,0.500,0.298,0.547599
6000,0.202,0.446,0.351,0.522278
6500,0.223,0.463,0.314,0.546461
7000,0.285,0.380,0.335,0.560562
7500,0.227,0.496,0.277,0.523226
8000,0.248,0.512,0.240,0.512503
8500,0.182,0.587,0.231,0.470579
9000,0.149,0.640,0.211,0.425335
9500,0.079,0.764,0.157,0.285752
10000,0.062,0.802,0.136,0.252553
10500,0.058,0.789,0.153,0.266278
11000,0.079,0.731,0.190,0.337817
11500,0.083,0.793,0.124,0.280895
12000,0.062,0.802,0.136,0.300303
12500,0.070,0.760,0.169,0.309520
13000,0.066,0.789,0.145,0.287786
13500,0.058,0.793,0.149,0.271552
14000,0.050,0.781,0.169,0.292905
14500,0.041,0.798,0.161,0.274662
15000,0.095,0.661,0.244,0.427328
15500,0.136,0.649,0.215,0.445394
16000,0.211,0.587,0.202,0.458933
16500,0.269,0.496,0.236,0.498267
17000,0.256,0.467,0.277,0.537371
17500,0.302,0.413,0.285,0.547666
18000,0.397,0.372,0.231,0.532480
18500,0.277,0.438,0.285,0.545585
19000,0.314,0.442,0.244,0.536817
19500,0.269,0.318,0.413,0.564606
20000,0.347,0.355,0.298,0.520037
20500,0.372,0.351,0.277,0.569064
21000,0.401,0.306,0.293,0.552993
21500,0.421,0.269,0.310,0.540396
22000,0.558,0.116,0.326,0.465454
22500,0.636,0.157,0.207,0.399852
23000,0.702,0.120,0.178,0.350860
23500,0.744,0.079,0.178,0.309440
24000,0.822,0.045,0.132,0.203146
24500,0.826,0.050,0.124,0.228326
25000,0.826,0.062,0.112,0.223542
25500,0.864,0.050,0.087,0.188366
26000,0.888,0.025,0.087,0.146595
26500,0.888,0.021,0.091,0.156939
27000,0.963,0.004,0.033,0.037754
27500,0.971,0.000,0.029,0.021039
28000,0.971,0.000,0.029,0.042412
28500,0.967,0.000,0.033,0.035896
29000,0.983,0.000,0.017,0.018102
29500,0.996,0.000,0.004,0.002882
30000,1.000,0.000,0.000,0.000000
