time,n_A+p,n_B,n_AB,avg_entropy_simp
500,0.032,0.866,0.101,0.175515
1000,0.051,0.779,0.171,0.283750
1500,0.069,0.724,0.207,0.309894
2000,0.055,0.659,0.286,0.340177
2500,0.134,0.548,0.318,0.414254
3000,0.161,0.493,0.346,0.426980
3500,0.166,0.442,0.392,0.454177
4000,0.203,0.410,0.387,0.478155
4500,0.171,0.401,0.429,0.466355
5000,0.207,0.373,0.419,0.469271
5500,0.194,0.364,0.442,0.460597
6000,0.286,0.267,0.447,0.481753
6500,0.263,0.276,0.461,0.472539
7000,0.336,0.290,0.373,0.465261
7500,0.350,0.253,0.396,0.484010
8000,0.392,0.207,0.401,0.467959
8500,0.447,0.175,0.378,0.459063
9000,0.465,0.175,0.359,0.453193
9500,0.442,0.147,0.410,0.449330
10000,0.488,0.152,0.359,0.445668
10500,0.488,0.111,0.401,0.426102
11000,0.429,0.138,0.433,0.436086
11500,0.470,0.115,0.415,0.443364
12000,0.696,0.065,0.240,0.323693
12500,0.668,0.055,0.276,0.349414
13000,0.691,0.074,0.235,0.318193
13500,0.714,0.083,0.203,0.295767
14000,0.645,0.051,0.304,0.325098
14500,0.783,0.041,0.175,0.217739
15000,0.899,0.018,0.083,0.111488
15500,0.954,0.018,0.028,0.042272
16000,0.963,0.009,0.028,0.037063
16500,0.972,0.009,0.018,0.018889
17000,0.977,0.009,0.014,0.011873
17500,0.986,0.005,0.009,0.000561
18000,0.986,0.005,0.009,0.000561
18500,0.986,0.005,0.009,0.000561
19000,0.991,0.005,0.005,0.000374
19500,0.982,0.005,0.014,0.016006
20000,0.982,0.005,0.014,0.011698
20500,0.991,0.005,0.005,0.000374
21000,0.991,0.005,0.005,0.000374
21500,0.991,0.005,0.005,0.000374
22000,0.991,0.005,0.005,0.000374
22500,0.991,0.005,0.005,0.000374
23000,0.991,0.005,0.005,0.000374
23500,0.991,0.005,0.005,0.000374
24000,0.991,0.005,0.005,0.000374
24500,0.991,0.005,0.005,0.000374
25000,0.991,0.005,0.005,0.000374
25500,0.991,0.005,0.005,0.000374
26000,0.991,0.005,0.005,0.000374
26500,0.991,0.000,0.009,0.000374
27000,0.991,0.000,0.009,0.000374
27500,0.991,0.000,0.009,0.000374
28000,0.991,0.000,0.009,0.000374
28500,0.991,0.000,0.009,0.000374
29000,0.995,0.000,0.005,0.000187
29500,0.995,0.000,0.005,0.000187
30000,0.995,0.000,0.005,0.000187
30500,0.995,0.000,0.005,0.000187
31000,0.995,0.000,0.005,0.000187
31500,0.995,0.000,0.005,0.000187
32000,1.000,0.000,0.000,0.000000
