time,n_A+p,n_B,n_AB,avg_entropy_simp
500,0.037,0.864,0.099,0.213939
1000,0.054,0.793,0.153,0.297725
1500,0.062,0.785,0.153,0.296478
2000,0.124,0.694,0.182,0.415515
2500,0.140,0.595,0.264,0.481392
3000,0.219,0.426,0.355,0.546530
3500,0.198,0.496,0.306,0.533423
4000,0.260,0.355,0.384,0.560916
4500,0.417,0.248,0.335,0.537996
5000,0.384,0.211,0.405,0.538032
5500,0.231,0.335,0.434,0.548594
6000,0.293,0.298,0.409,0.548649
6500,0.388,0.277,0.335,0.540512
7000,0.335,0.306,0.360,0.555897
7500,0.302,0.368,0.331,0.530020
8000,0.252,0.351,0.397,0.521686
8500,0.273,0.335,0.393,0.548196
9000,0.302,0.302,0.397,0.543113
9500,0.380,0.236,0.384,0.550115
10000,0.434,0.260,0.306,0.531954
10500,0.471,0.202,0.326,0.529306
11000,0.293,0.260,0.446,0.545852
11500,0.331,0.372,0.298,0.566007
12000,0.376,0.314,0.310,0.563706
12500,0.293,0.335,0.372,0.553031
13000,0.343,0.331,0.326,0.550941
13500,0.405,0.240,0.355,0.550789
14000,0.417,0.223,0.360,0.551137
14500,0.496,0.157,0.347,0.513802
15000,0.533,0.136,0.331,0.504167
15500,0.607,0.099,0.293,0.431586
16000,0.521,0.128,0.351,0.511590
16500,0.562,0.116,0.322,0.498441
17000,0.595,0.128,0.277,0.474675
17500,0.496,0.194,0.310,0.539820
18000,0.574,0.124,0.302,0.468996
18500,0.628,0.091,0.281,0.418436
19000,0.612,0.091,0.298,0.437080
19500,0.545,0.178,0.277,0.511318
20000,0.574,0.099,0.326,0.451462
20500,0.562,0.128,0.310,0.464050
21000,0.504,0.120,0.376,0.486285
21500,0.612,0.079,0.310,0.409316
22000,0.756,0.041,0.202,0.311339
22500,0.752,0.017,0.231,0.324248
23000,0.711,0.058,0.231,0.391832
23500,0.802,0.066,0.132,0.282217
24000,0.814,0.012,0.174,0.254455
24500,0.818,0.021,0.161,0.254039
25000,0.781,0.029,0.190,0.285000
25500,0.785,0.041,0.174,0.304499
26000,0.835,0.012,0.153,0.234870
26500,0.897,0.012,0.091,0.164653
27000,0.955,0.000,0.045,0.052965
27500,0.955,0.000,0.045,0.062402
28000,0.988,0.000,0.012,0.016483
28500,1.000,0.000,0.000,0.000000
