time,n_A+p,n_B,n_AB,avg_entropy_simp
500,0.054,0.818,0.128,0.300187
1000,0.066,0.793,0.140,0.312611
1500,0.087,0.731,0.182,0.363726
2000,0.124,0.690,0.186,0.401237
2500,0.066,0.760,0.174,0.323154
3000,0.095,0.707,0.198,0.387107
3500,0.103,0.603,0.293,0.453718
4000,0.252,0.446,0.302,0.539550
4500,0.256,0.393,0.351,0.563429
5000,0.298,0.326,0.376,0.559604
5500,0.421,0.145,0.434,0.477133
6000,0.455,0.219,0.326,0.524540
6500,0.438,0.186,0.376,0.508446
7000,0.550,0.140,0.310,0.463796
7500,0.570,0.165,0.264,0.478747
8000,0.628,0.087,0.285,0.379660
8500,0.715,0.058,0.227,0.319599
9000,0.707,0.079,0.215,0.377459
9500,0.835,0.033,0.132,0.243438
10000,0.855,0.017,0.128,0.197029
10500,0.888,0.012,0.099,0.166572
11000,0.963,0.000,0.037,0.041004
11500,0.975,0.000,0.025,0.024268
12000,0.955,0.000,0.045,0.051399
12500,0.996,0.000,0.004,0.003834
13000,1.000,0.000,0.000,0.000000
