time,n_A+p,n_B,n_AB,avg_entropy_simp
500,0.034,0.927,0.040,0.123479
1000,0.034,0.887,0.080,0.169609
1500,0.055,0.872,0.073,0.176004
2000,0.067,0.838,0.095,0.216660
2500,0.073,0.755,0.171,0.276657
3000,0.073,0.761,0.165,0.297585
3500,0.080,0.795,0.125,0.233576
4000,0.080,0.807,0.113,0.240147
4500,0.073,0.786,0.141,0.261920
5000,0.070,0.813,0.116,0.222408
5500,0.083,0.792,0.125,0.246621
6000,0.073,0.771,0.156,0.263524
6500,0.083,0.743,0.174,0.296579
7000,0.098,0.768,0.135,0.261381
7500,0.092,0.703,0.205,0.344972
8000,0.086,0.679,0.235,0.356240
8500,0.104,0.697,0.199,0.327132
9000,0.086,0.709,0.205,0.329367
9500,0.116,0.676,0.208,0.380107
10000,0.150,0.584,0.266,0.425091
10500,0.162,0.612,0.226,0.404093
11000,0.180,0.627,0.193,0.398565
11500,0.135,0.584,0.281,0.427407
12000,0.208,0.535,0.257,0.452879
12500,0.193,0.544,0.263,0.444169
13000,0.150,0.602,0.248,0.429905
13500,0.187,0.581,0.232,0.446727
14000,0.196,0.520,0.284,0.462971
14500,0.193,0.541,0.266,0.451872
15000,0.239,0.508,0.254,0.445172
15500,0.196,0.535,0.269,0.414301
16000,0.263,0.483,0.254,0.426379
16500,0.239,0.486,0.275,0.436564
17000,0.205,0.517,0.278,0.450845
17500,0.196,0.566,0.239,0.397403
18000,0.183,0.599,0.217,0.398482
18500,0.183,0.563,0.254,0.450183
19000,0.159,0.587,0.254,0.438872
19500,0.180,0.563,0.257,0.445604
20000,0.183,0.578,0.239,0.428431
20500,0.153,0.612,0.235,0.414263
21000,0.122,0.673,0.205,0.363839
21500,0.131,0.615,0.254,0.407201
22000,0.211,0.535,0.254,0.428586
22500,0.278,0.440,0.281,0.456158
23000,0.291,0.422,0.287,0.472803
23500,0.309,0.394,0.297,0.454988
24000,0.376,0.398,0.226,0.420858
24500,0.440,0.321,0.239,0.413542
25000,0.477,0.266,0.257,0.399259
25500,0.498,0.220,0.281,0.426021
26000,0.517,0.226,0.257,0.389817
26500,0.587,0.239,0.174,0.343885
27000,0.612,0.177,0.211,0.365321
27500,0.633,0.156,0.211,0.338386
28000,0.639,0.141,0.220,0.347489
28500,0.645,0.150,0.205,0.348147
29000,0.688,0.122,0.190,0.307970
29500,0.734,0.095,0.171,0.288517
30000,0.792,0.055,0.153,0.234015
30500,0.872,0.034,0.095,0.153286
31000,0.933,0.009,0.058,0.074848
31500,0.960,0.000,0.040,0.039711
32000,0.960,0.012,0.028,0.038819
32500,0.960,0.006,0.034,0.037271
33000,0.954,0.006,0.040,0.054607
33500,0.966,0.000,0.034,0.029214
34000,0.988,0.000,0.012,0.007201
34500,0.985,0.000,0.015,0.014255
35000,0.988,0.000,0.012,0.009408
35500,0.985,0.000,0.015,0.012489
36000,0.985,0.000,0.015,0.013279
36500,0.994,0.000,0.006,0.012715
37000,1.000,0.000,0.000,0.000000
