time,n_A+p,n_B,n_AB,avg_entropy_simp
500,0.034,0.905,0.061,0.151138
1000,0.034,0.896,0.070,0.164630
1500,0.058,0.856,0.086,0.192237
2000,0.052,0.813,0.135,0.235570
2500,0.064,0.780,0.156,0.276881
3000,0.064,0.765,0.171,0.274586
3500,0.070,0.761,0.168,0.294040
4000,0.067,0.761,0.171,0.293850
4500,0.067,0.755,0.177,0.292470
5000,0.073,0.685,0.242,0.370162
5500,0.076,0.694,0.229,0.342850
6000,0.101,0.703,0.196,0.339373
6500,0.110,0.642,0.248,0.394186
7000,0.144,0.547,0.309,0.468128
7500,0.119,0.606,0.275,0.402854
8000,0.168,0.511,0.321,0.463974
8500,0.156,0.502,0.343,0.471970
9000,0.217,0.428,0.355,0.516856
9500,0.278,0.373,0.349,0.514193
10000,0.367,0.297,0.336,0.514890
10500,0.388,0.300,0.312,0.521861
11000,0.398,0.229,0.373,0.490722
11500,0.422,0.266,0.312,0.494134
12000,0.364,0.211,0.425,0.492960
12500,0.391,0.257,0.352,0.509902
13000,0.410,0.217,0.373,0.496013
13500,0.437,0.205,0.358,0.490968
14000,0.471,0.211,0.318,0.510159
14500,0.413,0.187,0.401,0.486914
15000,0.483,0.174,0.343,0.455920
15500,0.569,0.141,0.291,0.427135
16000,0.636,0.113,0.251,0.379383
16500,0.657,0.101,0.242,0.367952
17000,0.719,0.080,0.202,0.325091
17500,0.706,0.095,0.199,0.332110
18000,0.716,0.089,0.196,0.316491
18500,0.749,0.061,0.190,0.299338
19000,0.752,0.028,0.220,0.281450
19500,0.777,0.024,0.199,0.269714
20000,0.847,0.028,0.125,0.182707
20500,0.801,0.043,0.156,0.242719
21000,0.829,0.040,0.131,0.203286
21500,0.862,0.015,0.122,0.172180
22000,0.942,0.003,0.055,0.064953
22500,0.979,0.003,0.018,0.026046
23000,0.945,0.000,0.055,0.079543
23500,0.917,0.009,0.073,0.129602
24000,0.939,0.000,0.061,0.075481
24500,0.969,0.000,0.031,0.037631
25000,0.991,0.000,0.009,0.008101
25500,0.997,0.000,0.003,0.000570
26000,0.997,0.000,0.003,0.000570
26500,0.997,0.000,0.003,0.000570
27000,0.997,0.000,0.003,0.000570
27500,0.991,0.000,0.009,0.009520
28000,0.976,0.000,0.024,0.034816
28500,0.976,0.000,0.024,0.028642
29000,0.997,0.000,0.003,0.004838
29500,1.000,0.000,0.000,0.000000
