time,n_A+p,n_B,n_AB,avg_entropy_simp
500,0.041,0.851,0.107,0.238971
1000,0.037,0.897,0.066,0.182166
1500,0.050,0.802,0.149,0.295062
2000,0.054,0.806,0.140,0.294319
2500,0.054,0.843,0.103,0.264119
3000,0.045,0.884,0.070,0.185002
3500,0.058,0.781,0.161,0.331960
4000,0.054,0.847,0.099,0.232649
4500,0.066,0.843,0.091,0.235516
5000,0.066,0.777,0.157,0.309868
5500,0.074,0.826,0.099,0.267523
6000,0.041,0.872,0.087,0.212144
6500,0.037,0.905,0.058,0.156191
7000,0.037,0.860,0.103,0.192655
7500,0.107,0.719,0.174,0.394972
8000,0.112,0.674,0.215,0.439692
8500,0.079,0.748,0.174,0.366882
9000,0.103,0.756,0.140,0.344482
9500,0.045,0.777,0.178,0.314338
10000,0.062,0.798,0.140,0.299095
10500,0.041,0.864,0.095,0.219583
11000,0.037,0.864,0.099,0.205957
11500,0.029,0.864,0.107,0.231009
12000,0.041,0.897,0.062,0.171796
12500,0.066,0.810,0.124,0.291987
13000,0.087,0.798,0.116,0.295637
13500,0.045,0.847,0.107,0.237405
14000,0.066,0.847,0.087,0.246543
14500,0.070,0.826,0.103,0.282842
15000,0.087,0.773,0.140,0.340573
15500,0.116,0.723,0.161,0.372076
16000,0.070,0.769,0.161,0.322474
16500,0.132,0.661,0.207,0.398225
17000,0.079,0.727,0.194,0.343055
17500,0.112,0.698,0.190,0.412962
18000,0.124,0.632,0.244,0.444358
18500,0.145,0.645,0.211,0.439847
19000,0.157,0.566,0.277,0.498165
19500,0.174,0.620,0.207,0.480341
20000,0.128,0.607,0.264,0.459541
20500,0.112,0.653,0.236,0.426526
21000,0.178,0.607,0.215,0.459517
21500,0.132,0.661,0.207,0.442807
22000,0.074,0.748,0.178,0.345777
22500,0.079,0.756,0.165,0.343920
23000,0.062,0.818,0.120,0.260474
23500,0.066,0.822,0.112,0.266584
24000,0.116,0.715,0.169,0.398751
24500,0.136,0.748,0.116,0.328785
25000,0.083,0.711,0.207,0.392896
25500,0.145,0.665,0.190,0.437331
26000,0.062,0.748,0.190,0.329273
26500,0.103,0.682,0.215,0.411130
27000,0.174,0.583,0.244,0.490100
27500,0.207,0.574,0.219,0.475131
28000,0.182,0.508,0.310,0.523561
28500,0.161,0.558,0.281,0.482012
29000,0.178,0.537,0.285,0.505729
29500,0.186,0.533,0.281,0.498066
30000,0.165,0.562,0.273,0.491982
30500,0.442,0.335,0.223,0.505687
31000,0.616,0.182,0.202,0.405399
31500,0.678,0.103,0.219,0.355954
32000,0.806,0.050,0.145,0.210204
32500,0.930,0.025,0.045,0.073292
33000,0.975,0.000,0.025,0.019906
33500,0.988,0.000,0.012,0.011595
34000,0.992,0.000,0.008,0.007522
34500,1.000,0.000,0.000,0.000000
