time,n_A+p,n_B,n_AB,avg_entropy_simp
500,0.050,0.893,0.058,0.182598
1000,0.066,0.744,0.190,0.363556
1500,0.054,0.781,0.165,0.313358
2000,0.112,0.645,0.244,0.447406
2500,0.132,0.562,0.306,0.503450
3000,0.198,0.579,0.223,0.481265
3500,0.169,0.517,0.314,0.511001
4000,0.132,0.541,0.326,0.499667
4500,0.083,0.653,0.264,0.433621
5000,0.112,0.579,0.310,0.489486
5500,0.128,0.496,0.376,0.517552
6000,0.190,0.492,0.318,0.525577
6500,0.256,0.417,0.326,0.526607
7000,0.277,0.426,0.298,0.549594
7500,0.347,0.273,0.380,0.561590
8000,0.417,0.269,0.314,0.546900
8500,0.446,0.240,0.314,0.542311
9000,0.574,0.112,0.314,0.434622
9500,0.521,0.140,0.339,0.488195
10000,0.616,0.140,0.244,0.437270
10500,0.657,0.050,0.293,0.381013
11000,0.764,0.050,0.186,0.292768
11500,0.818,0.004,0.178,0.226484
12000,0.888,0.017,0.095,0.132632
12500,0.884,0.017,0.099,0.151819
13000,0.913,0.000,0.087,0.108621
13500,0.934,0.008,0.058,0.071382
14000,0.926,0.012,0.062,0.110419
14500,0.963,0.004,0.033,0.040283
15000,0.975,0.004,0.021,0.025076
15500,0.959,0.004,0.037,0.051186
16000,0.983,0.000,0.017,0.014350
16500,0.992,0.000,0.008,0.003883
17000,0.996,0.000,0.004,0.001639
17500,0.996,0.000,0.004,0.001639
18000,0.996,0.000,0.004,0.001639
18500,1.000,0.000,0.000,0.000000
