time,n_A+p,n_B,n_AB,avg_entropy_simp
500,0.033,0.926,0.041,0.121671
1000,0.062,0.872,0.066,0.208653
1500,0.054,0.826,0.120,0.262070
2000,0.062,0.839,0.099,0.237889
2500,0.066,0.826,0.107,0.235979
3000,0.054,0.876,0.070,0.168049
3500,0.070,0.822,0.107,0.247413
4000,0.087,0.727,0.186,0.357295
4500,0.058,0.773,0.169,0.287173
5000,0.054,0.769,0.178,0.313786
5500,0.132,0.669,0.198,0.422349
6000,0.099,0.653,0.248,0.418442
6500,0.116,0.665,0.219,0.401040
7000,0.124,0.645,0.231,0.408303
7500,0.136,0.574,0.289,0.481936
8000,0.227,0.579,0.194,0.486380
8500,0.132,0.603,0.264,0.461368
9000,0.107,0.665,0.227,0.424361
9500,0.083,0.727,0.190,0.362045
10000,0.062,0.715,0.223,0.359348
10500,0.103,0.645,0.252,0.446184
11000,0.223,0.479,0.298,0.543998
11500,0.256,0.450,0.293,0.557067
12000,0.331,0.322,0.347,0.562929
12500,0.347,0.397,0.256,0.518243
13000,0.314,0.355,0.331,0.533258
13500,0.372,0.376,0.252,0.521347
14000,0.450,0.260,0.289,0.516649
14500,0.450,0.256,0.293,0.525752
15000,0.512,0.198,0.289,0.512793
15500,0.574,0.128,0.298,0.459222
16000,0.537,0.202,0.260,0.476306
16500,0.529,0.202,0.269,0.501246
17000,0.579,0.169,0.252,0.476332
17500,0.525,0.145,0.331,0.479759
18000,0.599,0.103,0.298,0.437857
18500,0.736,0.066,0.198,0.342495
19000,0.802,0.045,0.153,0.299255
19500,0.831,0.041,0.128,0.239210
20000,0.781,0.058,0.161,0.294387
20500,0.876,0.021,0.103,0.177598
21000,0.905,0.017,0.079,0.150997
21500,0.934,0.004,0.062,0.081064
22000,0.988,0.000,0.012,0.012630
22500,1.000,0.000,0.000,0.000000
