time,n_A+p,n_B,n_AB,avg_entropy_simp
500,0.043,0.917,0.040,0.141531
1000,0.040,0.875,0.086,0.190039
1500,0.037,0.826,0.138,0.232675
2000,0.064,0.823,0.113,0.264651
2500,0.055,0.780,0.165,0.292935
3000,0.083,0.725,0.193,0.357875
3500,0.107,0.706,0.187,0.366102
4000,0.073,0.755,0.171,0.301244
4500,0.162,0.648,0.190,0.378769
5000,0.159,0.651,0.190,0.347893
5500,0.171,0.609,0.220,0.396122
6000,0.202,0.566,0.232,0.372617
6500,0.171,0.526,0.303,0.420111
7000,0.208,0.517,0.275,0.437337
7500,0.239,0.474,0.287,0.468250
8000,0.257,0.489,0.254,0.489328
8500,0.211,0.529,0.260,0.482819
9000,0.220,0.489,0.291,0.481822
9500,0.208,0.517,0.275,0.444495
10000,0.263,0.505,0.232,0.443332
10500,0.269,0.422,0.309,0.463540
11000,0.315,0.373,0.312,0.488122
11500,0.468,0.272,0.260,0.400037
12000,0.462,0.294,0.245,0.384432
12500,0.388,0.284,0.327,0.462727
13000,0.379,0.300,0.321,0.436969
13500,0.385,0.312,0.303,0.426641
14000,0.437,0.306,0.257,0.424683
14500,0.462,0.284,0.254,0.376296
15000,0.453,0.263,0.284,0.421206
15500,0.410,0.315,0.275,0.460283
16000,0.437,0.254,0.309,0.426473
16500,0.450,0.229,0.321,0.406857
17000,0.560,0.196,0.245,0.350336
17500,0.587,0.159,0.254,0.388413
18000,0.731,0.070,0.199,0.294277
18500,0.771,0.058,0.171,0.250833
19000,0.804,0.055,0.141,0.211275
19500,0.804,0.055,0.141,0.226425
20000,0.835,0.046,0.119,0.181084
20500,0.887,0.012,0.101,0.122030
21000,0.933,0.003,0.064,0.076352
21500,0.939,0.012,0.049,0.075547
22000,0.963,0.000,0.037,0.034151
22500,0.979,0.000,0.021,0.021056
23000,0.991,0.000,0.009,0.002104
23500,0.991,0.000,0.009,0.002104
24000,0.994,0.000,0.006,0.000855
24500,0.994,0.000,0.006,0.000855
25000,0.994,0.000,0.006,0.000855
25500,0.994,0.000,0.006,0.000855
26000,0.997,0.000,0.003,0.000285
26500,0.997,0.000,0.003,0.000285
27000,1.000,0.000,0.000,0.000000
