time,n_A+p,n_B,n_AB,avg_entropy_simp
500,0.029,0.921,0.050,0.105911
1000,0.033,0.909,0.058,0.136023
1500,0.050,0.835,0.116,0.238098
2000,0.041,0.831,0.128,0.219086
2500,0.029,0.905,0.066,0.139485
3000,0.045,0.851,0.103,0.214147
3500,0.041,0.901,0.058,0.147341
4000,0.041,0.926,0.033,0.112899
4500,0.033,0.872,0.095,0.211887
5000,0.087,0.760,0.153,0.334542
5500,0.062,0.785,0.153,0.285533
6000,0.037,0.826,0.136,0.211081
6500,0.037,0.798,0.165,0.254810
7000,0.041,0.756,0.202,0.315095
7500,0.083,0.727,0.190,0.365475
8000,0.140,0.612,0.248,0.471422
8500,0.124,0.686,0.190,0.374882
9000,0.186,0.545,0.269,0.492449
9500,0.231,0.492,0.277,0.534545
10000,0.149,0.545,0.306,0.486503
10500,0.248,0.504,0.248,0.514272
11000,0.314,0.384,0.302,0.557713
11500,0.231,0.479,0.289,0.520249
12000,0.194,0.504,0.302,0.508662
12500,0.174,0.533,0.293,0.498229
13000,0.132,0.620,0.248,0.399170
13500,0.161,0.554,0.285,0.469712
14000,0.202,0.504,0.293,0.490349
14500,0.269,0.426,0.306,0.557022
15000,0.405,0.264,0.331,0.545615
15500,0.380,0.322,0.298,0.563349
16000,0.421,0.256,0.322,0.554845
16500,0.388,0.285,0.326,0.542670
17000,0.450,0.236,0.314,0.532890
17500,0.285,0.417,0.298,0.535786
18000,0.426,0.264,0.310,0.551319
18500,0.426,0.264,0.310,0.550841
19000,0.463,0.202,0.335,0.528352
19500,0.665,0.103,0.231,0.383354
20000,0.682,0.079,0.240,0.370272
20500,0.686,0.087,0.227,0.398218
21000,0.785,0.033,0.182,0.281280
21500,0.806,0.054,0.140,0.283385
22000,0.860,0.033,0.107,0.196704
22500,0.942,0.004,0.054,0.081332
23000,0.950,0.004,0.045,0.066317
23500,0.971,0.004,0.025,0.041751
24000,0.988,0.004,0.008,0.011110
24500,0.983,0.004,0.012,0.020580
25000,1.000,0.000,0.000,0.000000
