time,n_A+p,n_B,n_AB,avg_entropy_simp
500,0.029,0.864,0.107,0.217972
1000,0.037,0.888,0.074,0.194874
1500,0.045,0.864,0.091,0.230167
2000,0.037,0.831,0.132,0.260396
2500,0.062,0.760,0.178,0.348686
3000,0.062,0.715,0.223,0.392344
3500,0.112,0.616,0.273,0.457406
4000,0.215,0.525,0.260,0.530754
4500,0.372,0.335,0.293,0.518527
5000,0.376,0.302,0.322,0.546895
5500,0.384,0.302,0.314,0.536542
6000,0.360,0.231,0.409,0.540165
6500,0.496,0.165,0.339,0.506888
7000,0.438,0.260,0.302,0.549568
7500,0.442,0.202,0.355,0.516575
8000,0.467,0.211,0.322,0.517229
8500,0.488,0.161,0.351,0.509688
9000,0.636,0.083,0.281,0.416631
9500,0.624,0.145,0.231,0.435368
10000,0.657,0.087,0.256,0.402666
10500,0.599,0.107,0.293,0.430347
11000,0.645,0.099,0.256,0.427895
11500,0.674,0.074,0.252,0.396463
12000,0.789,0.045,0.165,0.272237
12500,0.839,0.012,0.149,0.233892
13000,0.897,0.000,0.103,0.149902
13500,0.913,0.008,0.079,0.108737
14000,0.942,0.000,0.058,0.067854
14500,0.946,0.000,0.054,0.064645
15000,0.938,0.000,0.062,0.084637
15500,0.983,0.000,0.017,0.013526
16000,1.000,0.000,0.000,0.000000
