time,n_A+p,n_B,n_AB,avg_entropy_simp
500,0.041,0.893,0.066,0.157234
1000,0.050,0.822,0.128,0.272323
1500,0.054,0.715,0.231,0.386939
2000,0.091,0.711,0.198,0.390872
2500,0.095,0.694,0.211,0.424919
3000,0.087,0.649,0.264,0.441316
3500,0.161,0.537,0.302,0.504261
4000,0.149,0.537,0.314,0.503729
4500,0.145,0.541,0.314,0.496193
5000,0.198,0.500,0.302,0.525330
5500,0.202,0.479,0.318,0.537494
6000,0.186,0.455,0.360,0.552352
6500,0.269,0.409,0.322,0.556419
7000,0.236,0.380,0.384,0.537730
7500,0.293,0.343,0.364,0.558806
8000,0.351,0.285,0.364,0.570054
8500,0.264,0.293,0.442,0.545194
9000,0.289,0.335,0.376,0.561518
9500,0.372,0.223,0.405,0.536193
10000,0.488,0.165,0.347,0.507759
10500,0.591,0.116,0.293,0.434635
11000,0.632,0.079,0.289,0.419581
11500,0.620,0.112,0.269,0.449914
12000,0.674,0.050,0.277,0.383571
12500,0.802,0.029,0.169,0.256569
13000,0.847,0.017,0.136,0.222239
13500,0.880,0.008,0.112,0.170266
14000,0.860,0.012,0.128,0.214481
14500,0.764,0.025,0.211,0.322928
15000,0.773,0.033,0.194,0.284576
15500,0.826,0.041,0.132,0.249856
16000,0.843,0.017,0.140,0.215682
16500,0.905,0.021,0.074,0.110317
17000,0.888,0.025,0.087,0.136845
17500,0.822,0.017,0.161,0.264804
18000,0.835,0.029,0.136,0.266701
18500,0.855,0.017,0.128,0.204513
19000,0.855,0.012,0.132,0.197361
19500,0.860,0.021,0.120,0.211517
20000,0.855,0.017,0.128,0.216131
20500,0.864,0.017,0.120,0.200780
21000,0.884,0.004,0.112,0.179747
21500,0.893,0.008,0.099,0.139530
22000,0.921,0.012,0.066,0.095261
22500,0.855,0.012,0.132,0.183095
23000,0.864,0.017,0.120,0.163887
23500,0.921,0.004,0.074,0.109143
24000,0.971,0.000,0.029,0.027289
24500,0.983,0.000,0.017,0.014251
25000,0.967,0.000,0.033,0.046436
25500,0.942,0.000,0.058,0.099939
26000,0.983,0.000,0.017,0.041552
26500,0.942,0.000,0.058,0.104206
27000,0.983,0.000,0.017,0.020261
27500,0.996,0.000,0.004,0.004295
28000,1.000,0.000,0.000,0.000000
