time,n_A+p,n_B,n_AB,avg_entropy_simp
500,0.029,0.897,0.074,0.178909
1000,0.083,0.752,0.165,0.369234
1500,0.124,0.595,0.281,0.483161
2000,0.153,0.587,0.260,0.482890
2500,0.174,0.529,0.298,0.497063
3000,0.211,0.508,0.281,0.543855
3500,0.178,0.442,0.380,0.553250
4000,0.202,0.467,0.331,0.502622
4500,0.223,0.500,0.277,0.537759
5000,0.190,0.446,0.364,0.519593
5500,0.302,0.360,0.339,0.556826
6000,0.335,0.298,0.368,0.555564
6500,0.417,0.231,0.351,0.517599
7000,0.430,0.260,0.310,0.524042
7500,0.401,0.174,0.426,0.545211
8000,0.459,0.202,0.339,0.512383
8500,0.446,0.236,0.318,0.542166
9000,0.570,0.116,0.314,0.463466
9500,0.624,0.103,0.273,0.407714
10000,0.736,0.070,0.194,0.325822
10500,0.764,0.033,0.202,0.260011
11000,0.802,0.037,0.161,0.283224
11500,0.818,0.037,0.145,0.257365
12000,0.785,0.025,0.190,0.290669
12500,0.814,0.029,0.157,0.251636
13000,0.814,0.008,0.178,0.242698
13500,0.814,0.033,0.153,0.249499
14000,0.847,0.012,0.140,0.204102
14500,0.955,0.000,0.045,0.061491
15000,0.979,0.000,0.021,0.028339
15500,0.992,0.000,0.008,0.004890
16000,0.992,0.000,0.008,0.004890
16500,0.996,0.000,0.004,0.003080
17000,0.988,0.000,0.012,0.017095
17500,1.000,0.000,0.000,0.000000
