time,n_A+p,n_B,n_AB,avg_entropy_simp
500,0.033,0.946,0.021,0.081710
1000,0.029,0.930,0.041,0.093686
1500,0.033,0.880,0.087,0.208508
2000,0.054,0.855,0.091,0.213670
2500,0.045,0.901,0.054,0.136096
3000,0.037,0.888,0.074,0.149072
3500,0.041,0.893,0.066,0.166351
4000,0.037,0.897,0.066,0.150378
4500,0.050,0.831,0.120,0.252577
5000,0.054,0.884,0.062,0.172936
5500,0.054,0.847,0.099,0.223008
6000,0.066,0.831,0.103,0.255575
6500,0.079,0.789,0.132,0.299730
7000,0.066,0.752,0.182,0.336323
7500,0.083,0.814,0.103,0.235505
8000,0.050,0.855,0.095,0.190385
8500,0.041,0.855,0.103,0.216769
9000,0.054,0.798,0.149,0.267325
9500,0.058,0.843,0.099,0.217636
10000,0.058,0.806,0.136,0.260743
10500,0.045,0.839,0.116,0.223256
11000,0.074,0.719,0.207,0.342749
11500,0.120,0.690,0.190,0.409182
12000,0.103,0.752,0.145,0.319869
12500,0.062,0.793,0.145,0.240466
13000,0.062,0.864,0.074,0.194890
13500,0.041,0.880,0.079,0.167697
14000,0.037,0.876,0.087,0.164755
14500,0.062,0.781,0.157,0.305764
15000,0.124,0.719,0.157,0.378217
15500,0.103,0.798,0.099,0.288595
16000,0.087,0.760,0.153,0.306190
16500,0.095,0.748,0.157,0.349741
17000,0.050,0.835,0.116,0.222939
17500,0.037,0.839,0.124,0.225015
18000,0.058,0.847,0.095,0.217568
18500,0.037,0.826,0.136,0.227287
19000,0.058,0.814,0.128,0.262806
19500,0.037,0.868,0.095,0.189599
20000,0.033,0.905,0.062,0.133332
20500,0.033,0.897,0.070,0.141068
21000,0.041,0.897,0.062,0.161518
21500,0.029,0.934,0.037,0.113795
22000,0.045,0.926,0.029,0.126807
22500,0.037,0.893,0.070,0.173564
23000,0.037,0.901,0.062,0.151058
23500,0.074,0.843,0.083,0.236352
24000,0.041,0.888,0.070,0.179499
24500,0.037,0.897,0.066,0.164664
25000,0.033,0.926,0.041,0.103368
25500,0.045,0.909,0.045,0.114795
26000,0.045,0.855,0.099,0.207264
26500,0.050,0.872,0.079,0.200485
27000,0.079,0.847,0.074,0.185751
27500,0.054,0.802,0.145,0.273354
28000,0.066,0.847,0.087,0.218864
