time,n_A+p,n_B,n_AB,avg_entropy_simp
500,0.029,0.901,0.070,0.141908
1000,0.037,0.851,0.112,0.230487
1500,0.058,0.785,0.157,0.319498
2000,0.045,0.847,0.107,0.205534
2500,0.033,0.860,0.107,0.203590
3000,0.066,0.826,0.107,0.198974
3500,0.045,0.860,0.095,0.195800
4000,0.029,0.872,0.099,0.180603
4500,0.058,0.839,0.103,0.231699
5000,0.054,0.851,0.095,0.223944
5500,0.050,0.876,0.074,0.169279
6000,0.033,0.868,0.099,0.173784
6500,0.033,0.901,0.066,0.137531
7000,0.033,0.826,0.140,0.249168
7500,0.029,0.868,0.103,0.191566
8000,0.037,0.880,0.083,0.155958
8500,0.037,0.802,0.161,0.252869
9000,0.095,0.736,0.169,0.337123
9500,0.054,0.740,0.207,0.335333
10000,0.062,0.736,0.202,0.330860
10500,0.107,0.636,0.256,0.437717
11000,0.215,0.521,0.264,0.516034
11500,0.211,0.562,0.227,0.505503
12000,0.194,0.475,0.331,0.546508
12500,0.236,0.450,0.314,0.516470
13000,0.256,0.446,0.298,0.541197
13500,0.252,0.413,0.335,0.531951
14000,0.343,0.277,0.380,0.556726
14500,0.360,0.343,0.298,0.537367
15000,0.335,0.372,0.293,0.554584
15500,0.302,0.393,0.306,0.549235
16000,0.380,0.293,0.326,0.565516
16500,0.417,0.298,0.285,0.526708
17000,0.388,0.335,0.277,0.545222
17500,0.508,0.227,0.264,0.514628
18000,0.587,0.153,0.260,0.454941
18500,0.702,0.054,0.244,0.370773
19000,0.826,0.029,0.145,0.251348
19500,0.921,0.008,0.070,0.108359
20000,0.950,0.004,0.045,0.057018
20500,0.955,0.000,0.045,0.041948
21000,0.983,0.000,0.017,0.009939
21500,0.992,0.000,0.008,0.003313
22000,0.996,0.000,0.004,0.001674
22500,0.996,0.000,0.004,0.001674
23000,0.996,0.000,0.004,0.001674
23500,0.996,0.000,0.004,0.001674
24000,1.000,0.000,0.000,0.000000
