time,n_A+p,n_B,n_AB,avg_entropy_simp
500,0.037,0.843,0.120,0.244146
1000,0.066,0.860,0.074,0.204996
1500,0.070,0.814,0.116,0.242325
2000,0.132,0.665,0.202,0.416398
2500,0.157,0.562,0.281,0.494367
3000,0.157,0.649,0.194,0.426398
3500,0.174,0.566,0.260,0.517420
4000,0.198,0.587,0.215,0.500645
4500,0.116,0.707,0.178,0.401636
5000,0.120,0.661,0.219,0.419988
5500,0.099,0.702,0.198,0.355152
6000,0.074,0.777,0.149,0.294693
6500,0.116,0.711,0.174,0.361677
7000,0.136,0.636,0.227,0.420068
7500,0.169,0.620,0.211,0.427771
8000,0.103,0.649,0.248,0.419395
8500,0.182,0.537,0.281,0.491337
9000,0.165,0.579,0.256,0.465926
9500,0.161,0.661,0.178,0.412448
10000,0.215,0.570,0.215,0.481191
10500,0.248,0.525,0.227,0.517666
11000,0.207,0.566,0.227,0.467199
11500,0.202,0.603,0.194,0.436944
12000,0.186,0.550,0.264,0.484556
12500,0.215,0.521,0.264,0.534290
13000,0.169,0.488,0.343,0.520926
13500,0.136,0.545,0.318,0.495025
14000,0.178,0.550,0.273,0.500890
14500,0.169,0.579,0.252,0.488656
15000,0.302,0.450,0.248,0.558626
15500,0.240,0.450,0.310,0.552632
16000,0.488,0.260,0.252,0.521265
16500,0.529,0.202,0.269,0.482946
17000,0.525,0.211,0.264,0.500632
17500,0.545,0.219,0.236,0.485556
18000,0.612,0.153,0.236,0.441510
18500,0.748,0.116,0.136,0.308455
19000,0.876,0.029,0.095,0.146585
19500,0.930,0.012,0.058,0.095244
20000,0.917,0.004,0.079,0.117292
20500,0.992,0.000,0.008,0.008716
21000,0.996,0.000,0.004,0.002169
21500,1.000,0.000,0.000,0.000000
