time,n_A+p,n_B,n_AB,avg_entropy_simp
500,0.037,0.913,0.050,0.130387
1000,0.033,0.855,0.112,0.200851
1500,0.033,0.839,0.128,0.255010
2000,0.045,0.876,0.079,0.166859
2500,0.058,0.810,0.132,0.280240
3000,0.058,0.831,0.112,0.243108
3500,0.054,0.884,0.062,0.164095
4000,0.083,0.810,0.107,0.259571
4500,0.050,0.876,0.074,0.173646
5000,0.050,0.860,0.091,0.203877
5500,0.066,0.740,0.194,0.364195
6000,0.062,0.736,0.202,0.340937
6500,0.062,0.740,0.198,0.331331
7000,0.091,0.736,0.174,0.329428
7500,0.079,0.777,0.145,0.304613
8000,0.087,0.727,0.186,0.364724
8500,0.074,0.715,0.211,0.353328
9000,0.120,0.686,0.194,0.364445
9500,0.182,0.587,0.231,0.459364
10000,0.128,0.645,0.227,0.410732
10500,0.161,0.620,0.219,0.437619
11000,0.112,0.632,0.256,0.455424
11500,0.153,0.632,0.215,0.435599
12000,0.157,0.612,0.231,0.449649
12500,0.252,0.496,0.252,0.516340
13000,0.326,0.417,0.256,0.549429
13500,0.318,0.306,0.376,0.560679
14000,0.438,0.293,0.269,0.520726
14500,0.529,0.161,0.310,0.467517
15000,0.674,0.124,0.202,0.380914
15500,0.752,0.079,0.169,0.282426
16000,0.769,0.066,0.165,0.274395
16500,0.789,0.037,0.174,0.278698
17000,0.826,0.037,0.136,0.245488
17500,0.897,0.021,0.083,0.127384
18000,0.893,0.017,0.091,0.146550
18500,0.950,0.000,0.050,0.044401
19000,0.959,0.000,0.041,0.057374
19500,0.988,0.000,0.012,0.006776
20000,0.992,0.000,0.008,0.004410
20500,1.000,0.000,0.000,0.000000
