time,n_A+p,n_B,n_AB,avg_entropy_simp
500,0.029,0.926,0.045,0.111648
1000,0.033,0.884,0.083,0.176045
1500,0.054,0.864,0.083,0.179627
2000,0.041,0.860,0.099,0.209352
2500,0.033,0.872,0.095,0.219426
3000,0.054,0.880,0.066,0.172759
3500,0.033,0.888,0.079,0.176513
4000,0.029,0.897,0.074,0.149924
4500,0.041,0.826,0.132,0.232604
5000,0.054,0.860,0.087,0.188000
5500,0.041,0.884,0.074,0.155138
6000,0.058,0.826,0.116,0.259942
6500,0.037,0.847,0.116,0.233002
7000,0.041,0.876,0.083,0.179477
7500,0.029,0.893,0.079,0.162934
8000,0.033,0.909,0.058,0.141603
8500,0.037,0.884,0.079,0.176305
9000,0.037,0.893,0.070,0.160442
9500,0.037,0.872,0.091,0.210272
10000,0.058,0.847,0.095,0.231075
10500,0.062,0.798,0.140,0.282731
11000,0.041,0.826,0.132,0.258581
11500,0.074,0.798,0.128,0.290611
12000,0.062,0.822,0.116,0.238382
12500,0.091,0.781,0.128,0.315661
13000,0.079,0.748,0.174,0.340543
13500,0.070,0.798,0.132,0.287985
14000,0.045,0.864,0.091,0.193577
14500,0.037,0.888,0.074,0.169258
15000,0.041,0.855,0.103,0.207356
15500,0.041,0.855,0.103,0.184297
16000,0.054,0.789,0.157,0.303480
16500,0.095,0.744,0.161,0.348699
17000,0.062,0.798,0.140,0.289428
17500,0.124,0.674,0.202,0.435946
18000,0.103,0.707,0.190,0.378627
18500,0.112,0.678,0.211,0.395321
19000,0.136,0.686,0.178,0.413141
19500,0.145,0.616,0.240,0.452769
20000,0.215,0.591,0.194,0.488707
20500,0.277,0.488,0.236,0.521350
21000,0.269,0.434,0.298,0.539732
21500,0.298,0.372,0.331,0.561360
22000,0.360,0.368,0.273,0.543592
22500,0.364,0.360,0.277,0.541087
23000,0.479,0.285,0.236,0.525067
23500,0.587,0.169,0.244,0.448751
24000,0.554,0.202,0.244,0.485005
24500,0.690,0.112,0.198,0.349191
25000,0.723,0.074,0.202,0.326905
25500,0.773,0.087,0.140,0.254640
26000,0.826,0.041,0.132,0.223614
26500,0.818,0.029,0.153,0.270603
27000,0.802,0.050,0.149,0.290392
27500,0.860,0.025,0.116,0.178925
28000,0.934,0.017,0.050,0.094717
28500,0.934,0.012,0.054,0.094186
29000,0.971,0.000,0.029,0.042961
29500,0.979,0.000,0.021,0.029490
30000,0.983,0.000,0.017,0.028426
30500,0.996,0.000,0.004,0.002826
31000,1.000,0.000,0.000,0.000000
