time,n_A+p,n_B,n_AB,avg_entropy_simp
500,0.028,0.908,0.065,0.117356
1000,0.037,0.862,0.101,0.193068
1500,0.028,0.843,0.129,0.203188
2000,0.028,0.848,0.124,0.178580
2500,0.037,0.816,0.147,0.240743
3000,0.037,0.733,0.230,0.309545
3500,0.088,0.613,0.300,0.399302
4000,0.088,0.654,0.258,0.366850
4500,0.060,0.664,0.276,0.334071
5000,0.055,0.714,0.230,0.307872
5500,0.051,0.654,0.295,0.339492
6000,0.060,0.691,0.249,0.302938
6500,0.078,0.558,0.364,0.404994
7000,0.092,0.664,0.244,0.357431
7500,0.060,0.636,0.304,0.367204
8000,0.060,0.677,0.263,0.338387
8500,0.088,0.585,0.327,0.404321
9000,0.055,0.567,0.378,0.387858
9500,0.097,0.558,0.346,0.415137
10000,0.161,0.406,0.433,0.449949
10500,0.184,0.359,0.456,0.462243
11000,0.272,0.378,0.350,0.483554
11500,0.355,0.276,0.369,0.493683
12000,0.433,0.221,0.346,0.462163
12500,0.498,0.092,0.410,0.404321
13000,0.622,0.069,0.309,0.366905
13500,0.682,0.065,0.253,0.328852
14000,0.756,0.032,0.212,0.263882
14500,0.806,0.037,0.157,0.206231
15000,0.857,0.018,0.124,0.143598
15500,0.839,0.018,0.143,0.189431
16000,0.843,0.018,0.138,0.192300
16500,0.931,0.005,0.065,0.059641
17000,0.968,0.005,0.028,0.013180
17500,0.982,0.005,0.014,0.004117
18000,0.991,0.005,0.005,0.000374
18500,0.991,0.005,0.005,0.000374
19000,0.991,0.005,0.005,0.000374
19500,0.991,0.005,0.005,0.000374
20000,0.991,0.005,0.005,0.000374
20500,0.991,0.005,0.005,0.000374
21000,0.991,0.005,0.005,0.000374
21500,0.991,0.005,0.005,0.000374
22000,0.991,0.005,0.005,0.000374
22500,0.991,0.005,0.005,0.000374
23000,0.986,0.005,0.009,0.010418
23500,0.982,0.005,0.014,0.013149
24000,0.986,0.005,0.009,0.005881
24500,0.982,0.005,0.014,0.012962
25000,0.991,0.005,0.005,0.000374
25500,0.991,0.005,0.005,0.000374
26000,0.991,0.005,0.005,0.000374
26500,0.991,0.005,0.005,0.000374
27000,0.991,0.005,0.005,0.000374
27500,0.982,0.005,0.014,0.019648
28000,0.982,0.005,0.014,0.019308
28500,0.991,0.005,0.005,0.005350
29000,0.995,0.005,-0.000,0.000187
29500,0.995,0.000,0.005,0.000187
30000,0.995,0.000,0.005,0.000187
30500,0.995,0.000,0.005,0.000187
31000,0.995,0.000,0.005,0.000187
31500,0.995,0.000,0.005,0.000187
32000,0.995,0.000,0.005,0.000187
32500,0.995,0.000,0.005,0.000187
33000,0.995,0.000,0.005,0.000187
33500,0.995,0.000,0.005,0.000187
34000,0.995,0.000,0.005,0.000187
34500,1.000,0.000,0.000,0.000000
