time,n_A+p,n_B,n_AB,avg_entropy_simp
500,0.058,0.835,0.107,0.259855
1000,0.074,0.798,0.128,0.291783
1500,0.112,0.731,0.157,0.367238
2000,0.099,0.719,0.182,0.395880
2500,0.095,0.719,0.186,0.370631
3000,0.157,0.628,0.215,0.470208
3500,0.198,0.574,0.227,0.491111
4000,0.223,0.529,0.248,0.471910
4500,0.260,0.504,0.236,0.512474
5000,0.244,0.500,0.256,0.531863
5500,0.326,0.488,0.186,0.530242
6000,0.260,0.529,0.211,0.520084
6500,0.343,0.459,0.198,0.506828
7000,0.380,0.339,0.281,0.528176
7500,0.405,0.426,0.169,0.477811
8000,0.438,0.331,0.231,0.536044
8500,0.529,0.277,0.194,0.467190
9000,0.393,0.335,0.273,0.562709
9500,0.322,0.397,0.281,0.548778
10000,0.471,0.326,0.202,0.520108
10500,0.508,0.223,0.269,0.488663
11000,0.653,0.161,0.186,0.377931
11500,0.723,0.116,0.161,0.335294
12000,0.694,0.124,0.182,0.378671
12500,0.769,0.083,0.149,0.278529
13000,0.818,0.083,0.099,0.232102
13500,0.860,0.050,0.091,0.176979
14000,0.893,0.033,0.074,0.145172
14500,0.917,0.017,0.066,0.135606
15000,0.992,0.000,0.008,0.004050
15500,1.000,0.000,0.000,0.000000
