time,n_A+p,n_B,n_AB,avg_entropy_simp
500,0.029,0.909,0.062,0.158610
1000,0.066,0.814,0.120,0.282277
1500,0.037,0.798,0.165,0.298128
2000,0.095,0.661,0.244,0.442485
2500,0.169,0.475,0.355,0.520156
3000,0.186,0.471,0.343,0.543219
3500,0.182,0.492,0.326,0.524205
4000,0.157,0.525,0.318,0.507436
4500,0.112,0.545,0.343,0.483223
5000,0.107,0.620,0.273,0.450090
5500,0.149,0.558,0.293,0.492207
6000,0.149,0.529,0.322,0.501501
6500,0.161,0.504,0.335,0.521427
7000,0.178,0.459,0.364,0.537438
7500,0.190,0.463,0.347,0.535689
8000,0.244,0.384,0.372,0.549700
8500,0.269,0.318,0.413,0.558759
9000,0.351,0.256,0.393,0.527221
9500,0.376,0.298,0.326,0.553007
10000,0.293,0.306,0.401,0.551266
10500,0.293,0.372,0.335,0.559260
11000,0.302,0.343,0.355,0.548025
11500,0.331,0.298,0.372,0.567066
12000,0.298,0.417,0.285,0.558347
12500,0.343,0.269,0.388,0.561883
13000,0.550,0.124,0.326,0.448623
13500,0.521,0.136,0.343,0.475006
14000,0.603,0.099,0.298,0.444962
14500,0.682,0.087,0.231,0.371881
15000,0.636,0.062,0.302,0.381159
15500,0.624,0.095,0.281,0.414679
16000,0.690,0.099,0.211,0.359233
16500,0.760,0.045,0.194,0.283490
17000,0.798,0.037,0.165,0.241066
17500,0.868,0.017,0.116,0.167725
18000,0.897,0.000,0.103,0.132551
18500,0.950,0.004,0.045,0.079609
19000,0.950,0.000,0.050,0.100055
19500,0.983,0.000,0.017,0.035588
20000,0.979,0.000,0.021,0.034535
20500,1.000,0.000,0.000,0.000000
