time,n_A+p,n_B,n_AB,avg_entropy_simp
500,0.037,0.860,0.103,0.241871
1000,0.079,0.711,0.211,0.400572
1500,0.132,0.574,0.293,0.498084
2000,0.099,0.645,0.256,0.439013
2500,0.132,0.620,0.248,0.467222
3000,0.236,0.417,0.347,0.551928
3500,0.227,0.380,0.393,0.528717
4000,0.169,0.397,0.434,0.509383
4500,0.116,0.483,0.401,0.513231
5000,0.157,0.537,0.306,0.502108
5500,0.182,0.537,0.281,0.494233
6000,0.157,0.488,0.355,0.509363
6500,0.302,0.260,0.438,0.540163
7000,0.397,0.244,0.360,0.551871
7500,0.409,0.186,0.405,0.537228
8000,0.417,0.157,0.426,0.530276
8500,0.496,0.149,0.355,0.518595
9000,0.504,0.165,0.331,0.508125
9500,0.545,0.107,0.347,0.492967
10000,0.529,0.099,0.372,0.480866
10500,0.533,0.112,0.355,0.476584
11000,0.690,0.062,0.248,0.358306
11500,0.711,0.041,0.248,0.331456
12000,0.690,0.062,0.248,0.372959
12500,0.806,0.033,0.161,0.263644
13000,0.744,0.029,0.227,0.312971
13500,0.719,0.025,0.256,0.331989
14000,0.727,0.037,0.236,0.323603
14500,0.707,0.058,0.236,0.381176
15000,0.599,0.083,0.318,0.457811
15500,0.636,0.074,0.289,0.437629
16000,0.599,0.091,0.310,0.458932
16500,0.628,0.091,0.281,0.430765
17000,0.723,0.017,0.260,0.326083
17500,0.616,0.107,0.277,0.465553
18000,0.707,0.041,0.252,0.354583
18500,0.674,0.099,0.227,0.412126
19000,0.698,0.083,0.219,0.376102
19500,0.740,0.045,0.215,0.288216
20000,0.756,0.029,0.215,0.299686
20500,0.814,0.041,0.145,0.250340
21000,0.802,0.037,0.161,0.259213
21500,0.826,0.062,0.112,0.220569
22000,0.835,0.037,0.128,0.226171
22500,0.872,0.008,0.120,0.162465
23000,0.888,0.021,0.091,0.137827
23500,0.921,0.017,0.062,0.100810
24000,0.959,0.000,0.041,0.050957
24500,0.992,0.000,0.008,0.010657
25000,0.988,0.000,0.012,0.018666
25500,1.000,0.000,0.000,0.000000
