time,n_A+p,n_B,n_AB,avg_entropy_simp
500,0.029,0.946,0.025,0.083405
1000,0.029,0.921,0.050,0.110976
1500,0.041,0.872,0.087,0.183887
2000,0.041,0.917,0.041,0.110789
2500,0.041,0.880,0.079,0.188145
3000,0.074,0.855,0.070,0.217925
3500,0.041,0.864,0.095,0.191782
4000,0.037,0.913,0.050,0.117656
4500,0.058,0.818,0.124,0.258718
5000,0.062,0.806,0.132,0.261811
5500,0.091,0.835,0.074,0.234711
6000,0.091,0.818,0.091,0.249615
6500,0.140,0.727,0.132,0.341084
7000,0.145,0.702,0.153,0.365822
7500,0.186,0.612,0.202,0.456324
8000,0.198,0.583,0.219,0.483575
8500,0.281,0.574,0.145,0.483844
9000,0.347,0.430,0.223,0.498353
9500,0.364,0.397,0.240,0.525136
10000,0.413,0.364,0.223,0.545483
10500,0.438,0.351,0.211,0.533397
11000,0.463,0.339,0.198,0.505933
11500,0.393,0.409,0.198,0.493722
12000,0.343,0.417,0.240,0.542644
12500,0.360,0.384,0.256,0.543971
13000,0.483,0.314,0.202,0.500098
13500,0.533,0.281,0.186,0.479251
14000,0.504,0.277,0.219,0.508621
14500,0.632,0.211,0.157,0.388799
15000,0.752,0.091,0.157,0.298912
15500,0.826,0.045,0.128,0.214588
16000,0.946,0.017,0.037,0.083216
16500,0.996,0.000,0.004,0.003769
17000,1.000,0.000,0.000,0.000000
