time,n_A+p,n_B,n_AB,avg_entropy_simp
500,0.029,0.913,0.058,0.143206
1000,0.054,0.860,0.087,0.237770
1500,0.029,0.851,0.120,0.214910
2000,0.058,0.818,0.124,0.272335
2500,0.116,0.624,0.260,0.451419
3000,0.165,0.537,0.298,0.520644
3500,0.260,0.463,0.277,0.531924
4000,0.372,0.335,0.293,0.554089
4500,0.393,0.256,0.351,0.551188
5000,0.529,0.145,0.326,0.475330
5500,0.653,0.112,0.236,0.415624
6000,0.682,0.079,0.240,0.381975
6500,0.690,0.095,0.215,0.359463
7000,0.756,0.074,0.169,0.329723
7500,0.822,0.004,0.174,0.229284
8000,0.893,0.021,0.087,0.168146
8500,0.888,0.025,0.087,0.167379
9000,0.938,0.000,0.062,0.086177
9500,0.955,0.000,0.045,0.079601
10000,0.963,0.000,0.037,0.062500
10500,0.967,0.000,0.033,0.043480
11000,0.983,0.000,0.017,0.029386
11500,0.988,0.000,0.012,0.021333
12000,0.996,0.000,0.004,0.003397
12500,0.996,0.000,0.004,0.003397
13000,1.000,0.000,0.000,0.000000
