time,n_A+p,n_B,n_AB,avg_entropy_simp
500,0.037,0.888,0.074,0.190201
1000,0.083,0.798,0.120,0.328922
1500,0.074,0.769,0.157,0.340293
2000,0.079,0.760,0.161,0.353514
2500,0.079,0.781,0.140,0.359875
3000,0.099,0.727,0.174,0.369080
3500,0.112,0.736,0.153,0.377679
4000,0.083,0.740,0.178,0.373397
4500,0.103,0.715,0.182,0.371862
5000,0.103,0.698,0.198,0.375242
5500,0.079,0.806,0.116,0.253439
6000,0.070,0.789,0.140,0.285509
6500,0.045,0.864,0.091,0.185568
7000,0.095,0.802,0.103,0.292285
7500,0.091,0.723,0.186,0.371394
8000,0.041,0.822,0.136,0.267429
8500,0.062,0.806,0.132,0.282752
9000,0.041,0.855,0.103,0.208581
9500,0.058,0.843,0.099,0.229290
10000,0.041,0.785,0.174,0.302351
10500,0.091,0.789,0.120,0.275868
11000,0.066,0.826,0.107,0.262014
11500,0.050,0.839,0.112,0.239361
12000,0.050,0.843,0.107,0.222487
12500,0.087,0.715,0.198,0.396664
13000,0.157,0.624,0.219,0.443968
13500,0.140,0.657,0.202,0.402688
14000,0.145,0.636,0.219,0.433732
14500,0.161,0.612,0.227,0.474013
15000,0.256,0.500,0.244,0.526382
15500,0.215,0.574,0.211,0.465069
16000,0.264,0.475,0.260,0.510744
16500,0.331,0.380,0.289,0.561460
17000,0.289,0.405,0.306,0.557041
17500,0.450,0.244,0.306,0.543016
18000,0.483,0.256,0.260,0.517801
18500,0.521,0.264,0.215,0.463114
19000,0.533,0.211,0.256,0.477673
19500,0.698,0.116,0.186,0.343929
20000,0.752,0.079,0.169,0.284104
20500,0.773,0.058,0.169,0.259271
21000,0.785,0.050,0.165,0.287540
21500,0.913,0.000,0.087,0.112069
22000,0.955,0.004,0.041,0.061652
22500,0.983,0.000,0.017,0.015967
23000,0.996,0.000,0.004,0.001868
23500,1.000,0.000,0.000,0.000000
