time,n_A+p,n_B,n_AB,avg_entropy_simp
500,0.033,0.897,0.070,0.154438
1000,0.045,0.893,0.062,0.166064
1500,0.037,0.831,0.132,0.228350
2000,0.074,0.781,0.145,0.293413
2500,0.070,0.719,0.211,0.351645
3000,0.116,0.711,0.174,0.364973
3500,0.132,0.624,0.244,0.421534
4000,0.116,0.579,0.306,0.456529
4500,0.157,0.554,0.289,0.502441
5000,0.136,0.521,0.343,0.505631
5500,0.140,0.545,0.314,0.476638
6000,0.207,0.517,0.277,0.518557
6500,0.269,0.413,0.318,0.535931
7000,0.388,0.289,0.322,0.534402
7500,0.318,0.298,0.384,0.540949
8000,0.322,0.314,0.364,0.555334
8500,0.368,0.264,0.368,0.560494
9000,0.467,0.140,0.393,0.503398
9500,0.467,0.182,0.351,0.529529
10000,0.347,0.223,0.430,0.548592
10500,0.281,0.360,0.360,0.548262
11000,0.322,0.347,0.331,0.547578
11500,0.401,0.264,0.335,0.541915
12000,0.500,0.178,0.322,0.507000
12500,0.599,0.116,0.285,0.424193
13000,0.603,0.145,0.252,0.418177
13500,0.657,0.070,0.273,0.384473
14000,0.620,0.062,0.318,0.404039
14500,0.550,0.149,0.302,0.495516
15000,0.595,0.116,0.289,0.468478
15500,0.587,0.145,0.269,0.477442
16000,0.674,0.070,0.256,0.371243
16500,0.686,0.074,0.240,0.368003
17000,0.715,0.087,0.198,0.347591
17500,0.777,0.037,0.186,0.265849
18000,0.814,0.029,0.157,0.231862
18500,0.818,0.033,0.149,0.264342
19000,0.814,0.029,0.157,0.257507
19500,0.860,0.017,0.124,0.182226
20000,0.909,0.004,0.087,0.119552
20500,0.926,0.004,0.070,0.124951
21000,0.909,0.008,0.083,0.136724
21500,0.975,0.000,0.025,0.023934
22000,0.983,0.000,0.017,0.021443
22500,0.992,0.000,0.008,0.008660
23000,0.992,0.000,0.008,0.009647
23500,0.996,0.000,0.004,0.002418
24000,1.000,0.000,0.000,0.000000
