time,n_A+p,n_B,n_AB,avg_entropy_simp
500,0.037,0.905,0.058,0.147806
1000,0.046,0.841,0.113,0.250685
1500,0.058,0.804,0.138,0.254391
2000,0.055,0.789,0.156,0.288589
2500,0.052,0.786,0.162,0.270519
3000,0.055,0.838,0.107,0.208809
3500,0.049,0.850,0.101,0.194863
4000,0.061,0.771,0.168,0.278977
4500,0.092,0.746,0.162,0.318107
5000,0.125,0.661,0.214,0.372501
5500,0.110,0.648,0.242,0.390187
6000,0.122,0.627,0.251,0.406505
6500,0.168,0.612,0.220,0.415536
7000,0.190,0.529,0.281,0.461375
7500,0.187,0.517,0.297,0.469091
8000,0.248,0.480,0.272,0.453389
8500,0.272,0.428,0.300,0.450488
9000,0.333,0.394,0.272,0.450215
9500,0.284,0.379,0.336,0.480685
10000,0.315,0.355,0.330,0.468128
10500,0.361,0.355,0.284,0.449598
11000,0.376,0.312,0.312,0.476974
11500,0.373,0.321,0.306,0.459857
12000,0.468,0.275,0.257,0.447612
12500,0.401,0.266,0.333,0.471836
13000,0.373,0.275,0.352,0.461487
13500,0.450,0.226,0.324,0.469313
14000,0.535,0.150,0.315,0.433036
14500,0.498,0.159,0.343,0.444398
15000,0.566,0.144,0.291,0.425556
15500,0.566,0.122,0.312,0.419977
16000,0.590,0.098,0.312,0.381590
16500,0.654,0.064,0.281,0.349196
17000,0.697,0.040,0.263,0.307460
17500,0.752,0.043,0.205,0.258745
18000,0.804,0.049,0.147,0.234607
18500,0.749,0.070,0.180,0.279729
19000,0.783,0.040,0.177,0.225555
19500,0.795,0.024,0.180,0.206842
20000,0.820,0.021,0.159,0.206814
20500,0.853,0.012,0.135,0.164226
21000,0.914,0.009,0.076,0.094112
21500,0.924,0.009,0.067,0.095334
22000,0.954,0.003,0.043,0.048228
22500,0.942,0.006,0.052,0.066995
23000,0.942,0.003,0.055,0.070270
23500,0.896,0.012,0.092,0.140053
24000,0.902,0.006,0.092,0.149211
24500,0.884,0.055,0.061,0.163766
25000,0.942,0.015,0.043,0.076815
25500,0.942,0.006,0.052,0.089010
26000,0.951,0.000,0.049,0.056378
26500,0.960,0.000,0.040,0.050587
27000,0.969,0.000,0.031,0.027565
27500,0.982,0.000,0.018,0.015210
28000,0.994,0.000,0.006,0.003826
28500,0.997,0.000,0.003,0.000285
29000,0.997,0.000,0.003,0.000285
29500,0.997,0.000,0.003,0.000285
30000,0.997,0.000,0.003,0.000285
30500,0.997,0.000,0.003,0.000285
31000,0.997,0.000,0.003,0.000285
31500,0.994,0.000,0.006,0.004519
32000,0.997,0.000,0.003,0.000285
32500,1.000,0.000,0.000,0.000000
