time,n_A+p,n_B,n_AB,avg_entropy_simp
500,0.043,0.911,0.046,0.140435
1000,0.052,0.890,0.058,0.148923
1500,0.052,0.862,0.086,0.183239
2000,0.034,0.893,0.073,0.153026
2500,0.040,0.902,0.058,0.133659
3000,0.031,0.914,0.055,0.120895
3500,0.037,0.920,0.043,0.113992
4000,0.058,0.869,0.073,0.188639
4500,0.043,0.924,0.034,0.117141
5000,0.055,0.878,0.067,0.175587
5500,0.040,0.896,0.064,0.147371
6000,0.046,0.908,0.046,0.121638
6500,0.046,0.872,0.083,0.179090
7000,0.061,0.869,0.070,0.179739
7500,0.064,0.872,0.064,0.144461
8000,0.076,0.817,0.107,0.225022
8500,0.128,0.743,0.128,0.259477
9000,0.131,0.728,0.141,0.300509
9500,0.150,0.743,0.107,0.272658
10000,0.147,0.667,0.187,0.351248
10500,0.251,0.569,0.180,0.426593
11000,0.239,0.609,0.153,0.354693
11500,0.263,0.578,0.159,0.348322
12000,0.306,0.514,0.180,0.353529
12500,0.291,0.529,0.180,0.377502
13000,0.324,0.511,0.165,0.359486
13500,0.321,0.498,0.180,0.380601
14000,0.312,0.508,0.180,0.403343
14500,0.376,0.468,0.156,0.376485
15000,0.462,0.385,0.153,0.361241
15500,0.425,0.376,0.199,0.382915
16000,0.474,0.324,0.202,0.388037
16500,0.517,0.284,0.199,0.369128
17000,0.529,0.254,0.217,0.336608
17500,0.599,0.251,0.150,0.268690
18000,0.621,0.263,0.116,0.237126
18500,0.606,0.257,0.138,0.229731
19000,0.682,0.187,0.131,0.230089
19500,0.737,0.180,0.083,0.216370
20000,0.783,0.113,0.104,0.208406
20500,0.792,0.083,0.125,0.195751
21000,0.807,0.073,0.119,0.172132
21500,0.856,0.064,0.080,0.129983
22000,0.917,0.040,0.043,0.073958
22500,0.951,0.018,0.031,0.049105
23000,0.976,0.009,0.015,0.014398
23500,0.982,0.009,0.009,0.011535
24000,0.982,0.009,0.009,0.011535
24500,0.988,0.009,0.003,0.007147
25000,0.991,0.009,-0.000,0.003541
25500,0.994,0.006,0.000,0.002281
26000,0.994,0.003,0.003,0.002281
26500,0.997,0.000,0.003,0.001141
27000,0.997,0.000,0.003,0.001141
27500,0.997,0.000,0.003,0.001141
28000,0.997,0.000,0.003,0.001141
28500,0.997,0.000,0.003,0.001141
29000,0.997,0.000,0.003,0.001141
29500,0.997,0.000,0.003,0.001141
30000,0.997,0.000,0.003,0.001141
30500,0.997,0.000,0.003,0.001141
31000,1.000,0.000,0.000,0.000000
