time,n_A+p,n_B,n_AB,avg_entropy_simp
500,0.028,0.936,0.037,0.103078
1000,0.052,0.881,0.067,0.171047
1500,0.067,0.789,0.144,0.261836
2000,0.049,0.826,0.125,0.221465
2500,0.046,0.780,0.174,0.251836
3000,0.049,0.765,0.187,0.288132
3500,0.070,0.755,0.174,0.319494
4000,0.055,0.780,0.165,0.265589
4500,0.070,0.786,0.144,0.282633
5000,0.080,0.716,0.205,0.334619
5500,0.095,0.694,0.211,0.360315
6000,0.086,0.654,0.260,0.394138
6500,0.104,0.670,0.226,0.363854
7000,0.086,0.682,0.232,0.348357
7500,0.156,0.599,0.245,0.437468
8000,0.150,0.554,0.297,0.448396
8500,0.144,0.538,0.318,0.437210
9000,0.174,0.544,0.281,0.450739
9500,0.257,0.434,0.309,0.488112
10000,0.294,0.391,0.315,0.525696
10500,0.266,0.462,0.272,0.500164
11000,0.281,0.373,0.346,0.483744
11500,0.284,0.321,0.394,0.486448
12000,0.306,0.349,0.346,0.514535
12500,0.309,0.352,0.339,0.512676
13000,0.367,0.352,0.281,0.503885
13500,0.355,0.361,0.284,0.487837
14000,0.260,0.388,0.352,0.524291
14500,0.232,0.456,0.312,0.483557
15000,0.168,0.505,0.327,0.461160
15500,0.196,0.459,0.346,0.466161
16000,0.269,0.379,0.352,0.508032
16500,0.343,0.361,0.297,0.474928
17000,0.361,0.324,0.315,0.468997
17500,0.401,0.309,0.291,0.446595
18000,0.446,0.269,0.284,0.444711
18500,0.514,0.226,0.260,0.428950
19000,0.440,0.278,0.281,0.439618
19500,0.498,0.235,0.266,0.425411
20000,0.514,0.205,0.281,0.452237
20500,0.498,0.180,0.321,0.457639
21000,0.532,0.150,0.318,0.446186
21500,0.700,0.076,0.223,0.308984
22000,0.679,0.080,0.242,0.327554
22500,0.691,0.043,0.266,0.318505
23000,0.746,0.043,0.211,0.283048
23500,0.725,0.080,0.196,0.323053
24000,0.691,0.067,0.242,0.362424
24500,0.761,0.067,0.171,0.298314
25000,0.804,0.049,0.147,0.228748
25500,0.835,0.021,0.144,0.202671
26000,0.850,0.024,0.125,0.203864
26500,0.896,0.015,0.089,0.127864
27000,0.890,0.015,0.095,0.134416
27500,0.942,0.009,0.049,0.071691
28000,0.957,0.000,0.043,0.059027
28500,0.991,0.000,0.009,0.013160
29000,0.979,0.000,0.021,0.034474
29500,0.982,0.000,0.018,0.029162
30000,0.969,0.003,0.028,0.042060
30500,0.957,0.003,0.040,0.050182
31000,0.930,0.012,0.058,0.091247
31500,0.930,0.009,0.061,0.111227
32000,0.969,0.000,0.031,0.052781
32500,0.991,0.000,0.009,0.013489
33000,0.997,0.000,0.003,0.004995
33500,0.994,0.000,0.006,0.009218
34000,0.991,0.000,0.009,0.012482
34500,0.994,0.000,0.006,0.008082
35000,0.997,0.000,0.003,0.003506
35500,1.000,0.000,0.000,0.000000
