time,n_A+p,n_B,n_AB,avg_entropy_simp
500,0.028,0.917,0.055,0.104887
1000,0.037,0.848,0.115,0.204176
1500,0.028,0.853,0.120,0.194866
2000,0.037,0.853,0.111,0.190502
2500,0.032,0.862,0.106,0.175879
3000,0.055,0.714,0.230,0.307433
3500,0.060,0.659,0.281,0.345729
4000,0.106,0.636,0.258,0.400826
4500,0.106,0.613,0.281,0.407289
5000,0.134,0.502,0.364,0.442952
5500,0.175,0.502,0.323,0.447218
6000,0.157,0.452,0.392,0.438639
6500,0.189,0.429,0.382,0.468462
7000,0.189,0.424,0.387,0.473245
7500,0.161,0.456,0.382,0.457969
8000,0.189,0.392,0.419,0.476020
8500,0.184,0.456,0.359,0.471287
9000,0.272,0.295,0.433,0.488590
9500,0.332,0.217,0.452,0.467439
10000,0.424,0.240,0.336,0.489354
10500,0.502,0.143,0.355,0.451123
11000,0.641,0.088,0.272,0.367792
11500,0.696,0.055,0.249,0.296721
12000,0.594,0.083,0.323,0.392460
12500,0.668,0.060,0.272,0.344377
13000,0.770,0.037,0.194,0.251952
13500,0.765,0.032,0.203,0.268289
14000,0.779,0.023,0.198,0.254044
14500,0.783,0.028,0.189,0.253349
15000,0.714,0.051,0.235,0.312982
15500,0.705,0.023,0.272,0.307283
16000,0.710,0.032,0.258,0.312226
16500,0.737,0.028,0.235,0.283456
17000,0.783,0.018,0.198,0.235806
17500,0.802,0.032,0.166,0.239003
18000,0.802,0.005,0.194,0.236692
18500,0.783,0.023,0.194,0.241281
19000,0.760,0.028,0.212,0.265695
19500,0.756,0.018,0.226,0.286610
20000,0.774,0.028,0.198,0.275737
20500,0.853,0.009,0.138,0.170612
21000,0.862,0.023,0.115,0.167367
21500,0.899,0.005,0.097,0.102225
22000,0.931,0.000,0.069,0.073957
22500,0.926,0.009,0.065,0.085100
23000,0.945,0.005,0.051,0.055401
23500,0.935,0.000,0.065,0.074255
24000,0.959,0.000,0.041,0.053542
24500,0.959,0.000,0.041,0.049329
25000,0.949,0.000,0.051,0.080371
25500,0.959,0.000,0.041,0.055811
26000,0.963,0.000,0.037,0.036411
26500,0.977,0.000,0.023,0.015647
27000,0.991,0.000,0.009,0.002058
27500,0.991,0.000,0.009,0.002058
28000,0.995,0.000,0.005,0.000187
28500,0.995,0.000,0.005,0.000187
29000,0.995,0.000,0.005,0.000187
29500,0.995,0.000,0.005,0.000187
30000,0.995,0.000,0.005,0.000187
30500,0.995,0.000,0.005,0.000187
31000,0.995,0.000,0.005,0.000187
31500,0.995,0.000,0.005,0.000187
32000,0.995,0.000,0.005,0.000187
32500,0.995,0.000,0.005,0.000187
33000,0.995,0.000,0.005,0.000187
33500,1.000,0.000,0.000,0.000000
