time,n_A+p,n_B,n_AB,avg_entropy_simp
500,0.041,0.897,0.062,0.203455
1000,0.029,0.831,0.140,0.253417
1500,0.033,0.872,0.095,0.204912
2000,0.033,0.769,0.198,0.317642
2500,0.033,0.686,0.281,0.383420
3000,0.050,0.711,0.240,0.365155
3500,0.041,0.744,0.215,0.330501
4000,0.050,0.719,0.231,0.348846
4500,0.054,0.698,0.248,0.379670
5000,0.062,0.620,0.318,0.450838
5500,0.074,0.661,0.264,0.403796
6000,0.033,0.814,0.153,0.275936
6500,0.050,0.736,0.215,0.379255
7000,0.050,0.674,0.277,0.423691
7500,0.045,0.686,0.269,0.397874
8000,0.041,0.715,0.244,0.360708
8500,0.066,0.640,0.293,0.438850
9000,0.045,0.682,0.273,0.408648
9500,0.066,0.694,0.240,0.401354
10000,0.050,0.744,0.207,0.332875
10500,0.033,0.781,0.186,0.289705
11000,0.033,0.777,0.190,0.295287
11500,0.066,0.690,0.244,0.381363
12000,0.074,0.690,0.236,0.386285
12500,0.066,0.612,0.322,0.443838
13000,0.074,0.624,0.302,0.442253
13500,0.045,0.636,0.318,0.398349
14000,0.083,0.517,0.401,0.489076
14500,0.099,0.446,0.455,0.491701
15000,0.128,0.483,0.388,0.509173
15500,0.120,0.483,0.397,0.514896
16000,0.120,0.483,0.397,0.517752
16500,0.116,0.521,0.364,0.500042
17000,0.112,0.562,0.326,0.485195
17500,0.095,0.624,0.281,0.424799
18000,0.070,0.657,0.273,0.425692
18500,0.050,0.665,0.285,0.401677
19000,0.074,0.674,0.252,0.420713
19500,0.083,0.645,0.273,0.430073
20000,0.062,0.727,0.211,0.370743
20500,0.062,0.632,0.306,0.444113
21000,0.095,0.579,0.326,0.457216
21500,0.107,0.591,0.302,0.447692
22000,0.128,0.566,0.306,0.455667
22500,0.140,0.591,0.269,0.412306
23000,0.132,0.529,0.339,0.449336
23500,0.182,0.455,0.364,0.532438
24000,0.161,0.479,0.360,0.515862
24500,0.149,0.471,0.380,0.520140
25000,0.120,0.496,0.384,0.499321
25500,0.132,0.471,0.397,0.492607
26000,0.178,0.417,0.405,0.544930
26500,0.244,0.326,0.430,0.539380
27000,0.174,0.339,0.488,0.541261
27500,0.438,0.207,0.355,0.518570
28000,0.500,0.087,0.413,0.451966
28500,0.694,0.058,0.248,0.323997
29000,0.727,0.017,0.256,0.307305
29500,0.843,0.012,0.145,0.183118
30000,0.847,0.012,0.140,0.177655
30500,0.876,0.000,0.124,0.180653
31000,0.946,0.000,0.054,0.070155
31500,0.971,0.000,0.029,0.033590
32000,0.971,0.000,0.029,0.036215
32500,0.983,0.000,0.017,0.013782
33000,1.000,0.000,0.000,0.000000
