time,n_A+p,n_B,n_AB,avg_entropy_simp
500,0.029,0.893,0.079,0.178439
1000,0.041,0.826,0.132,0.300273
1500,0.033,0.785,0.182,0.301545
2000,0.054,0.723,0.223,0.371587
2500,0.058,0.723,0.219,0.365691
3000,0.083,0.640,0.277,0.441752
3500,0.050,0.702,0.248,0.373639
4000,0.066,0.669,0.264,0.386024
4500,0.079,0.674,0.248,0.406679
5000,0.062,0.632,0.306,0.438614
5500,0.050,0.736,0.215,0.348401
6000,0.058,0.628,0.314,0.414121
6500,0.112,0.550,0.339,0.485780
7000,0.132,0.426,0.442,0.506074
7500,0.186,0.413,0.401,0.546890
8000,0.178,0.434,0.388,0.538154
8500,0.128,0.512,0.360,0.504111
9000,0.215,0.430,0.355,0.555307
9500,0.182,0.405,0.413,0.530100
10000,0.285,0.293,0.421,0.521053
10500,0.211,0.384,0.405,0.542818
11000,0.215,0.380,0.405,0.555865
11500,0.207,0.417,0.376,0.544590
12000,0.223,0.314,0.463,0.534215
12500,0.165,0.426,0.409,0.520088
13000,0.169,0.430,0.401,0.525923
13500,0.252,0.289,0.459,0.541957
14000,0.310,0.219,0.471,0.531717
14500,0.240,0.393,0.368,0.539195
15000,0.174,0.450,0.376,0.513988
15500,0.198,0.364,0.438,0.534615
16000,0.207,0.364,0.430,0.532766
16500,0.293,0.298,0.409,0.550626
17000,0.223,0.326,0.450,0.542242
17500,0.202,0.388,0.409,0.551263
18000,0.277,0.293,0.430,0.540626
18500,0.384,0.207,0.409,0.550972
19000,0.355,0.103,0.541,0.478885
19500,0.517,0.099,0.384,0.466239
20000,0.488,0.107,0.405,0.483989
20500,0.521,0.083,0.397,0.472372
21000,0.595,0.066,0.339,0.442986
21500,0.723,0.021,0.256,0.310309
22000,0.847,0.000,0.153,0.201712
22500,0.893,0.000,0.107,0.131759
23000,0.950,0.000,0.050,0.067844
23500,0.988,0.000,0.012,0.017019
24000,0.988,0.000,0.012,0.019029
24500,1.000,0.000,0.000,0.000000
