time,n_A+p,n_B,n_AB,avg_entropy_simp
500,0.028,0.889,0.083,0.172346
1000,0.028,0.829,0.143,0.236459
1500,0.083,0.747,0.171,0.324931
2000,0.069,0.664,0.267,0.375330
2500,0.083,0.664,0.253,0.370589
3000,0.111,0.604,0.286,0.409427
3500,0.134,0.571,0.295,0.431781
4000,0.157,0.484,0.359,0.456745
4500,0.189,0.475,0.336,0.481077
5000,0.221,0.424,0.355,0.481542
5500,0.244,0.364,0.392,0.482770
6000,0.217,0.364,0.419,0.475857
6500,0.336,0.327,0.336,0.499382
7000,0.332,0.230,0.438,0.469564
7500,0.336,0.217,0.447,0.470107
8000,0.369,0.175,0.456,0.480609
8500,0.382,0.226,0.392,0.483845
9000,0.442,0.166,0.392,0.450267
9500,0.410,0.175,0.415,0.463980
10000,0.429,0.175,0.396,0.470215
10500,0.323,0.230,0.447,0.476453
11000,0.341,0.240,0.419,0.485522
11500,0.359,0.276,0.364,0.492985
12000,0.438,0.161,0.401,0.439179
12500,0.530,0.152,0.318,0.430093
13000,0.488,0.203,0.309,0.434698
13500,0.442,0.226,0.332,0.457516
14000,0.392,0.263,0.346,0.463659
14500,0.258,0.359,0.382,0.487090
15000,0.300,0.332,0.369,0.499669
15500,0.341,0.286,0.373,0.482453
16000,0.272,0.396,0.332,0.484857
16500,0.300,0.332,0.369,0.461373
17000,0.355,0.290,0.355,0.486782
17500,0.313,0.336,0.350,0.489492
18000,0.341,0.267,0.392,0.476229
18500,0.355,0.244,0.401,0.487092
19000,0.373,0.244,0.382,0.496465
19500,0.318,0.300,0.382,0.483371
20000,0.295,0.276,0.429,0.474661
20500,0.346,0.180,0.475,0.455888
21000,0.378,0.203,0.419,0.481977
21500,0.525,0.143,0.332,0.433105
22000,0.548,0.101,0.350,0.388662
22500,0.548,0.088,0.364,0.412419
23000,0.613,0.101,0.286,0.386741
23500,0.641,0.074,0.286,0.358768
24000,0.682,0.041,0.276,0.338411
24500,0.696,0.023,0.281,0.315504
25000,0.774,0.023,0.203,0.251478
25500,0.811,0.023,0.166,0.215636
26000,0.834,0.009,0.157,0.181809
26500,0.894,0.000,0.106,0.118245
27000,0.876,0.023,0.101,0.134532
27500,0.866,0.018,0.115,0.128046
28000,0.866,0.018,0.115,0.161337
28500,0.899,0.009,0.092,0.119678
29000,0.922,0.005,0.074,0.091966
29500,0.912,0.000,0.088,0.107734
30000,0.880,0.014,0.106,0.134927
30500,0.972,0.005,0.023,0.028500
31000,0.991,0.005,0.005,0.004663
31500,0.995,0.005,-0.000,0.001871
32000,1.000,0.000,0.000,0.000000
