time,n_A+p,n_B,n_AB,avg_entropy_simp
500,0.029,0.897,0.074,0.173163
1000,0.041,0.802,0.157,0.298259
1500,0.050,0.707,0.244,0.394711
2000,0.045,0.632,0.322,0.416027
2500,0.079,0.529,0.393,0.483816
3000,0.083,0.579,0.339,0.444078
3500,0.066,0.562,0.372,0.430656
4000,0.058,0.579,0.364,0.438773
4500,0.107,0.541,0.351,0.472244
5000,0.112,0.554,0.335,0.470156
5500,0.116,0.479,0.405,0.492843
6000,0.099,0.517,0.384,0.441337
6500,0.116,0.438,0.446,0.480723
7000,0.083,0.537,0.380,0.457801
7500,0.095,0.595,0.310,0.443333
8000,0.070,0.603,0.326,0.425628
8500,0.074,0.599,0.326,0.435097
9000,0.066,0.529,0.405,0.449668
9500,0.107,0.521,0.372,0.476627
10000,0.116,0.508,0.376,0.482968
10500,0.136,0.459,0.405,0.496818
11000,0.099,0.541,0.360,0.471386
11500,0.087,0.525,0.388,0.468683
12000,0.120,0.492,0.388,0.485312
12500,0.083,0.492,0.426,0.478925
13000,0.087,0.459,0.455,0.469337
13500,0.112,0.450,0.438,0.493161
14000,0.198,0.384,0.417,0.530499
14500,0.248,0.322,0.430,0.518186
15000,0.289,0.231,0.479,0.535867
15500,0.446,0.099,0.455,0.450814
16000,0.355,0.190,0.455,0.531844
16500,0.331,0.236,0.434,0.540684
17000,0.269,0.277,0.455,0.531869
17500,0.351,0.236,0.413,0.520769
18000,0.314,0.240,0.446,0.543677
18500,0.269,0.227,0.504,0.519257
19000,0.314,0.215,0.471,0.537806
19500,0.421,0.124,0.455,0.503307
20000,0.450,0.099,0.450,0.474550
20500,0.558,0.091,0.351,0.455423
21000,0.587,0.045,0.368,0.420769
21500,0.545,0.058,0.397,0.450469
22000,0.665,0.029,0.306,0.362706
22500,0.645,0.029,0.326,0.401033
23000,0.636,0.037,0.326,0.396469
23500,0.661,0.045,0.293,0.388179
24000,0.624,0.062,0.314,0.424606
24500,0.636,0.025,0.339,0.385534
25000,0.508,0.058,0.434,0.443946
25500,0.727,0.021,0.252,0.345180
26000,0.831,0.004,0.165,0.219394
26500,0.926,0.000,0.074,0.105348
27000,0.955,0.000,0.045,0.074594
27500,0.946,0.000,0.054,0.096822
28000,0.946,0.000,0.054,0.095927
28500,0.983,0.000,0.017,0.027399
29000,0.967,0.000,0.033,0.043910
29500,0.975,0.000,0.025,0.031751
30000,0.967,0.000,0.033,0.053579
30500,0.967,0.000,0.033,0.059792
31000,0.942,0.000,0.058,0.110929
31500,0.963,0.000,0.037,0.061977
32000,0.975,0.000,0.025,0.038967
32500,0.963,0.000,0.037,0.051461
33000,0.996,0.000,0.004,0.002979
33500,0.996,0.000,0.004,0.002979
34000,1.000,0.000,0.000,0.000000
