time,n_A+p,n_B,n_AB,avg_entropy_simp
500,0.029,0.868,0.103,0.187162
1000,0.033,0.740,0.227,0.341522
1500,0.029,0.781,0.190,0.266650
2000,0.045,0.744,0.211,0.344646
2500,0.074,0.669,0.256,0.399545
3000,0.050,0.690,0.260,0.369475
3500,0.074,0.715,0.211,0.355608
4000,0.054,0.727,0.219,0.355930
4500,0.041,0.748,0.211,0.329571
5000,0.050,0.678,0.273,0.386953
5500,0.058,0.636,0.306,0.413945
6000,0.062,0.640,0.298,0.439438
6500,0.083,0.603,0.314,0.452329
7000,0.074,0.591,0.335,0.440248
7500,0.079,0.599,0.322,0.446667
8000,0.083,0.529,0.388,0.477128
8500,0.112,0.492,0.397,0.495007
9000,0.149,0.351,0.500,0.516764
9500,0.178,0.310,0.512,0.509569
10000,0.339,0.165,0.496,0.507943
10500,0.372,0.112,0.517,0.494861
11000,0.533,0.099,0.368,0.467084
11500,0.616,0.062,0.322,0.401234
12000,0.678,0.045,0.277,0.349447
12500,0.756,0.054,0.190,0.296896
13000,0.690,0.029,0.281,0.349541
13500,0.760,0.029,0.211,0.274361
14000,0.806,0.008,0.186,0.224946
14500,0.847,0.004,0.149,0.193057
15000,0.938,0.000,0.062,0.082893
15500,0.913,0.000,0.087,0.147149
16000,0.917,0.004,0.079,0.114851
16500,0.901,0.004,0.095,0.155824
17000,0.955,0.004,0.041,0.050435
17500,0.955,0.000,0.045,0.053099
18000,0.983,0.000,0.017,0.014470
18500,0.988,0.000,0.012,0.014354
19000,0.971,0.000,0.029,0.047151
19500,0.996,0.000,0.004,0.009183
20000,1.000,0.000,0.000,0.000000
