time,n_A+p,n_B,n_AB,avg_entropy_simp
500,0.045,0.777,0.178,0.324614
1000,0.054,0.711,0.236,0.376837
1500,0.054,0.674,0.273,0.413079
2000,0.066,0.583,0.351,0.457075
2500,0.112,0.500,0.388,0.489585
3000,0.112,0.479,0.409,0.509824
3500,0.112,0.405,0.483,0.500131
4000,0.099,0.455,0.446,0.465349
4500,0.178,0.397,0.426,0.534923
5000,0.169,0.397,0.434,0.530795
5500,0.116,0.450,0.434,0.502667
6000,0.211,0.405,0.384,0.530722
6500,0.149,0.326,0.525,0.482298
7000,0.207,0.293,0.500,0.521262
7500,0.190,0.293,0.517,0.502020
8000,0.145,0.405,0.450,0.516746
8500,0.132,0.405,0.463,0.513513
9000,0.219,0.339,0.442,0.543742
9500,0.260,0.285,0.455,0.553943
10000,0.376,0.186,0.438,0.516455
10500,0.347,0.215,0.438,0.529760
11000,0.310,0.207,0.483,0.533658
11500,0.281,0.289,0.430,0.545072
12000,0.223,0.318,0.459,0.535815
12500,0.194,0.277,0.529,0.520104
13000,0.306,0.293,0.401,0.555711
13500,0.347,0.165,0.488,0.498587
14000,0.413,0.161,0.426,0.474127
14500,0.517,0.112,0.372,0.462324
15000,0.529,0.095,0.376,0.455072
15500,0.483,0.087,0.430,0.464599
16000,0.616,0.045,0.339,0.373173
16500,0.661,0.033,0.306,0.352761
17000,0.554,0.021,0.426,0.408181
17500,0.702,0.017,0.281,0.342215
18000,0.752,0.025,0.223,0.310719
18500,0.740,0.025,0.236,0.323726
19000,0.764,0.033,0.202,0.307835
19500,0.851,0.021,0.128,0.222536
20000,0.860,0.004,0.136,0.192054
20500,0.901,0.000,0.099,0.137147
21000,0.942,0.000,0.058,0.086485
21500,0.967,0.000,0.033,0.053582
22000,0.959,0.000,0.041,0.052831
22500,0.893,0.000,0.107,0.169037
23000,0.942,0.000,0.058,0.083954
23500,0.967,0.000,0.033,0.047904
24000,0.938,0.000,0.062,0.090053
24500,0.959,0.000,0.041,0.061302
25000,0.983,0.000,0.017,0.027936
25500,0.971,0.000,0.029,0.039684
26000,0.963,0.000,0.037,0.063204
26500,0.979,0.000,0.021,0.031784
27000,0.996,0.000,0.004,0.003399
27500,1.000,0.000,0.000,0.000000
