time,n_A+p,n_B,n_AB,avg_entropy_simp
500,0.033,0.946,0.021,0.093405
1000,0.050,0.814,0.136,0.269192
1500,0.062,0.773,0.165,0.345153
2000,0.103,0.640,0.256,0.445046
2500,0.074,0.740,0.186,0.331581
3000,0.058,0.723,0.219,0.381263
3500,0.079,0.690,0.231,0.393991
4000,0.107,0.541,0.351,0.488343
4500,0.145,0.537,0.318,0.509849
5000,0.161,0.500,0.339,0.503393
5500,0.207,0.434,0.360,0.534769
6000,0.252,0.421,0.326,0.557707
6500,0.231,0.360,0.409,0.547450
7000,0.376,0.252,0.372,0.533937
7500,0.314,0.318,0.368,0.556887
8000,0.322,0.318,0.360,0.563827
8500,0.368,0.219,0.413,0.538212
9000,0.554,0.140,0.306,0.463028
9500,0.640,0.083,0.277,0.413110
10000,0.607,0.095,0.298,0.429034
10500,0.690,0.070,0.240,0.378985
11000,0.711,0.037,0.252,0.325141
11500,0.711,0.033,0.256,0.342570
12000,0.793,0.025,0.182,0.255987
12500,0.818,0.029,0.153,0.241138
13000,0.901,0.008,0.091,0.127154
13500,0.888,0.029,0.083,0.156773
14000,0.921,0.008,0.070,0.115770
14500,0.884,0.021,0.095,0.172800
15000,0.781,0.041,0.178,0.328979
15500,0.748,0.054,0.198,0.340782
16000,0.665,0.091,0.244,0.416826
16500,0.640,0.095,0.264,0.421400
17000,0.748,0.041,0.211,0.317256
17500,0.661,0.045,0.293,0.376544
18000,0.769,0.029,0.202,0.294479
18500,0.760,0.050,0.190,0.332453
19000,0.810,0.017,0.174,0.236933
19500,0.864,0.029,0.107,0.198803
20000,0.835,0.033,0.132,0.227787
20500,0.785,0.017,0.198,0.273391
21000,0.835,0.033,0.132,0.244002
21500,0.740,0.054,0.207,0.342716
22000,0.822,0.045,0.132,0.246827
22500,0.748,0.033,0.219,0.313691
23000,0.847,0.008,0.145,0.223133
23500,0.814,0.021,0.165,0.255349
24000,0.831,0.017,0.153,0.234570
24500,0.810,0.004,0.186,0.262022
25000,0.876,0.008,0.116,0.189087
25500,0.855,0.012,0.132,0.221215
26000,0.905,0.000,0.095,0.136795
26500,0.876,0.000,0.124,0.184985
27000,0.864,0.004,0.132,0.191785
27500,0.880,0.004,0.116,0.151297
28000,0.876,0.025,0.099,0.187439
28500,0.975,0.004,0.021,0.027880
29000,0.955,0.000,0.045,0.064142
29500,0.963,0.000,0.037,0.044897
30000,0.988,0.000,0.012,0.009905
30500,0.983,0.000,0.017,0.015801
31000,0.967,0.004,0.029,0.046853
31500,0.983,0.000,0.017,0.026870
32000,1.000,0.000,0.000,0.000000
