time,n_A+p,n_B,n_AB,avg_entropy_simp
500,0.034,0.936,0.031,0.125804
1000,0.040,0.920,0.040,0.144938
1500,0.043,0.865,0.092,0.201928
2000,0.046,0.893,0.061,0.178694
2500,0.043,0.887,0.070,0.165183
3000,0.055,0.890,0.055,0.162763
3500,0.058,0.859,0.083,0.212488
4000,0.040,0.853,0.107,0.198855
4500,0.046,0.813,0.141,0.246575
5000,0.064,0.823,0.113,0.252082
5500,0.119,0.758,0.122,0.310127
6000,0.141,0.768,0.092,0.262912
6500,0.150,0.664,0.187,0.341240
7000,0.159,0.661,0.180,0.364417
7500,0.180,0.651,0.168,0.385721
8000,0.165,0.621,0.214,0.400931
8500,0.177,0.648,0.174,0.381230
9000,0.180,0.630,0.190,0.382474
9500,0.162,0.596,0.242,0.430365
10000,0.171,0.609,0.220,0.412742
10500,0.229,0.618,0.153,0.400637
11000,0.223,0.566,0.211,0.424474
11500,0.300,0.505,0.196,0.426106
12000,0.333,0.446,0.220,0.448618
12500,0.336,0.465,0.199,0.402891
13000,0.352,0.498,0.150,0.392295
13500,0.352,0.471,0.177,0.418185
14000,0.343,0.446,0.211,0.434046
14500,0.394,0.425,0.180,0.394893
15000,0.483,0.315,0.202,0.388929
15500,0.520,0.260,0.220,0.417355
16000,0.639,0.180,0.180,0.337561
16500,0.661,0.147,0.193,0.303057
17000,0.804,0.080,0.116,0.193506
17500,0.878,0.031,0.092,0.135304
18000,0.905,0.015,0.080,0.104500
18500,0.939,0.018,0.043,0.081273
19000,0.905,0.012,0.083,0.118997
19500,0.939,0.006,0.055,0.084417
20000,0.966,0.012,0.021,0.036185
20500,0.963,0.009,0.028,0.042440
21000,0.979,0.006,0.015,0.015888
21500,0.976,0.006,0.018,0.029139
22000,0.979,0.003,0.018,0.022382
22500,0.982,0.003,0.015,0.021964
23000,0.988,0.000,0.012,0.012081
23500,0.991,0.000,0.009,0.007670
24000,0.994,0.000,0.006,0.002704
24500,1.000,0.000,0.000,0.000000
