time,n_A+p,n_B,n_AB,avg_entropy_simp
500,0.037,0.917,0.046,0.102699
1000,0.041,0.774,0.184,0.297103
1500,0.069,0.599,0.332,0.402647
2000,0.129,0.512,0.359,0.444206
2500,0.184,0.461,0.355,0.478284
3000,0.263,0.336,0.401,0.496790
3500,0.304,0.221,0.475,0.473041
4000,0.373,0.249,0.378,0.485392
4500,0.341,0.263,0.396,0.473760
5000,0.336,0.240,0.424,0.481806
5500,0.346,0.253,0.401,0.482858
6000,0.498,0.161,0.341,0.435979
6500,0.493,0.134,0.373,0.439336
7000,0.516,0.138,0.346,0.426641
7500,0.567,0.078,0.355,0.385195
8000,0.585,0.055,0.359,0.365669
8500,0.498,0.097,0.406,0.410808
9000,0.521,0.120,0.359,0.419872
9500,0.590,0.083,0.327,0.409057
10000,0.594,0.065,0.341,0.382722
10500,0.613,0.037,0.350,0.351363
11000,0.737,0.023,0.240,0.271506
11500,0.834,0.028,0.138,0.188685
12000,0.802,0.037,0.161,0.219940
12500,0.839,0.065,0.097,0.187179
13000,0.770,0.032,0.198,0.255650
13500,0.811,0.046,0.143,0.216007
14000,0.876,0.005,0.120,0.141744
14500,0.894,0.009,0.097,0.114549
15000,0.931,0.005,0.065,0.085909
15500,0.945,0.005,0.051,0.060143
16000,0.922,0.000,0.078,0.091193
16500,0.903,0.000,0.097,0.112383
17000,0.908,0.000,0.092,0.113742
17500,0.917,0.000,0.083,0.102572
18000,0.871,0.000,0.129,0.157772
18500,0.820,0.009,0.171,0.212032
19000,0.885,0.000,0.115,0.126915
19500,0.917,0.000,0.083,0.096336
20000,0.940,0.000,0.060,0.074274
20500,0.935,0.000,0.065,0.070084
21000,0.935,0.000,0.065,0.068691
21500,0.922,0.000,0.078,0.098523
22000,0.908,0.005,0.088,0.118954
22500,0.940,0.000,0.060,0.083635
23000,0.954,0.000,0.046,0.062659
23500,0.982,0.000,0.018,0.021680
24000,0.986,0.000,0.014,0.019221
24500,0.963,0.000,0.037,0.043059
25000,0.926,0.000,0.074,0.115751
25500,0.968,0.000,0.032,0.045752
26000,0.954,0.000,0.046,0.067362
26500,0.968,0.000,0.032,0.040940
27000,0.995,0.000,0.005,0.009486
27500,1.000,0.000,0.000,0.000000
