time,n_A+p,n_B,n_AB,avg_entropy_simp
500,0.051,0.806,0.143,0.276110
1000,0.032,0.793,0.175,0.266225
1500,0.069,0.728,0.203,0.334475
2000,0.097,0.710,0.194,0.343929
2500,0.074,0.645,0.281,0.387976
3000,0.092,0.673,0.235,0.377348
3500,0.092,0.650,0.258,0.387702
4000,0.092,0.668,0.240,0.346213
4500,0.074,0.696,0.230,0.321754
5000,0.097,0.608,0.295,0.362268
5500,0.101,0.627,0.272,0.383733
6000,0.078,0.604,0.318,0.395076
6500,0.106,0.571,0.323,0.425025
7000,0.143,0.567,0.290,0.422150
7500,0.106,0.512,0.382,0.430484
8000,0.129,0.461,0.410,0.458356
8500,0.194,0.364,0.442,0.479572
9000,0.286,0.295,0.419,0.492137
9500,0.336,0.240,0.424,0.466110
10000,0.465,0.194,0.341,0.449811
10500,0.498,0.171,0.332,0.444865
11000,0.581,0.111,0.309,0.377467
11500,0.705,0.065,0.230,0.307448
12000,0.696,0.078,0.226,0.321471
12500,0.797,0.046,0.157,0.216010
13000,0.760,0.051,0.189,0.268339
13500,0.733,0.060,0.207,0.295076
14000,0.719,0.065,0.217,0.292419
14500,0.760,0.065,0.175,0.234469
15000,0.774,0.055,0.171,0.234748
15500,0.751,0.051,0.198,0.274901
16000,0.825,0.037,0.138,0.186097
16500,0.802,0.032,0.166,0.227492
17000,0.770,0.028,0.203,0.262564
17500,0.770,0.032,0.198,0.257520
18000,0.839,0.009,0.152,0.188539
18500,0.829,0.023,0.147,0.183991
19000,0.829,0.009,0.161,0.199668
19500,0.885,0.005,0.111,0.118998
20000,0.839,0.014,0.147,0.183286
20500,0.871,0.005,0.124,0.149660
21000,0.922,0.005,0.074,0.072781
21500,0.922,0.009,0.069,0.079442
22000,0.926,0.009,0.065,0.074245
22500,0.968,0.009,0.023,0.020812
23000,0.972,0.005,0.023,0.018129
23500,0.986,0.005,0.009,0.000561
24000,0.991,0.005,0.005,0.000374
24500,0.991,0.005,0.005,0.000374
25000,0.995,0.005,-0.000,0.000187
25500,0.986,0.005,0.009,0.022792
26000,0.986,0.005,0.009,0.017678
26500,0.986,0.005,0.009,0.016211
27000,0.991,0.005,0.005,0.006878
27500,0.995,0.005,-0.000,0.000187
28000,0.991,0.005,0.005,0.010231
28500,0.995,0.005,-0.000,0.000187
29000,0.995,0.000,0.005,0.000187
29500,0.995,0.000,0.005,0.000187
30000,0.995,0.000,0.005,0.000187
30500,0.995,0.000,0.005,0.000187
31000,0.995,0.000,0.005,0.000187
31500,0.995,0.000,0.005,0.000187
32000,0.995,0.000,0.005,0.000187
32500,0.995,0.000,0.005,0.000187
33000,0.995,0.000,0.005,0.000187
33500,0.995,0.000,0.005,0.000187
34000,0.995,0.000,0.005,0.000187
34500,0.995,0.000,0.005,0.000187
35000,0.995,0.000,0.005,0.000187
35500,0.995,0.000,0.005,0.000187
36000,0.995,0.000,0.005,0.000187
36500,0.995,0.000,0.005,0.000187
37000,0.995,0.000,0.005,0.000187
37500,1.000,0.000,0.000,0.000000
