time,n_A+p,n_B,n_AB,avg_entropy_simp
500,0.029,0.930,0.041,0.108022
1000,0.029,0.897,0.074,0.148647
1500,0.058,0.777,0.165,0.308313
2000,0.058,0.736,0.207,0.357703
2500,0.058,0.707,0.236,0.369392
3000,0.062,0.628,0.310,0.417955
3500,0.116,0.640,0.244,0.428875
4000,0.124,0.603,0.273,0.433877
4500,0.124,0.574,0.302,0.461949
5000,0.112,0.558,0.331,0.465045
5500,0.194,0.471,0.335,0.532876
6000,0.207,0.380,0.413,0.520413
6500,0.364,0.318,0.318,0.557696
7000,0.360,0.264,0.376,0.565358
7500,0.455,0.186,0.360,0.503944
8000,0.430,0.145,0.426,0.505776
8500,0.388,0.248,0.364,0.548114
9000,0.413,0.252,0.335,0.536060
9500,0.405,0.194,0.401,0.527315
10000,0.417,0.219,0.364,0.544650
10500,0.492,0.198,0.310,0.497556
11000,0.562,0.140,0.298,0.471547
11500,0.599,0.112,0.289,0.440130
12000,0.694,0.033,0.273,0.348672
12500,0.802,0.037,0.161,0.257105
13000,0.826,0.029,0.145,0.215190
13500,0.802,0.021,0.178,0.251007
14000,0.785,0.033,0.182,0.306531
14500,0.839,0.025,0.136,0.227165
15000,0.789,0.025,0.186,0.294523
15500,0.798,0.025,0.178,0.255758
16000,0.847,0.025,0.128,0.172792
16500,0.884,0.017,0.099,0.144950
17000,0.950,0.004,0.045,0.051267
17500,0.971,0.000,0.029,0.022684
18000,0.963,0.000,0.037,0.033831
18500,0.979,0.000,0.021,0.011485
19000,0.992,0.000,0.008,0.004269
19500,0.992,0.000,0.008,0.004269
20000,0.979,0.000,0.021,0.030737
20500,0.996,0.000,0.004,0.002366
21000,1.000,0.000,0.000,0.000000
