time,n_A+p,n_B,n_AB,avg_entropy_simp
500,0.029,0.909,0.062,0.136784
1000,0.054,0.814,0.132,0.252942
1500,0.062,0.802,0.136,0.265950
2000,0.074,0.727,0.198,0.339941
2500,0.099,0.748,0.153,0.340859
3000,0.107,0.698,0.194,0.390331
3500,0.074,0.707,0.219,0.345781
4000,0.045,0.781,0.174,0.271503
4500,0.041,0.773,0.186,0.291331
5000,0.120,0.698,0.182,0.385098
5500,0.161,0.612,0.227,0.465062
6000,0.140,0.628,0.231,0.446816
6500,0.149,0.616,0.236,0.453341
7000,0.165,0.607,0.227,0.446378
7500,0.136,0.607,0.256,0.437132
8000,0.120,0.595,0.285,0.450636
8500,0.107,0.636,0.256,0.415118
9000,0.083,0.690,0.227,0.350896
9500,0.103,0.723,0.174,0.350417
10000,0.112,0.686,0.202,0.385467
10500,0.112,0.616,0.273,0.420699
11000,0.124,0.653,0.223,0.401917
11500,0.107,0.702,0.190,0.398980
12000,0.198,0.521,0.281,0.517046
12500,0.186,0.475,0.339,0.505125
13000,0.273,0.434,0.293,0.548018
13500,0.236,0.405,0.360,0.538022
14000,0.285,0.401,0.314,0.544777
14500,0.211,0.417,0.372,0.524847
15000,0.236,0.496,0.269,0.492879
15500,0.202,0.483,0.314,0.525300
16000,0.335,0.384,0.281,0.546712
16500,0.314,0.376,0.310,0.559587
17000,0.314,0.347,0.339,0.557562
17500,0.384,0.256,0.360,0.537817
18000,0.442,0.281,0.277,0.543198
18500,0.430,0.293,0.277,0.537556
19000,0.417,0.223,0.360,0.552599
19500,0.517,0.169,0.314,0.500359
20000,0.640,0.136,0.223,0.426853
20500,0.583,0.153,0.264,0.457195
21000,0.554,0.149,0.298,0.489786
21500,0.566,0.112,0.322,0.467530
22000,0.682,0.095,0.223,0.389923
22500,0.764,0.066,0.169,0.306673
23000,0.760,0.025,0.215,0.307285
23500,0.826,0.037,0.136,0.229382
24000,0.880,0.017,0.103,0.160792
24500,0.872,0.017,0.112,0.187816
25000,0.934,0.008,0.058,0.097815
25500,0.955,0.000,0.045,0.056313
26000,0.992,0.000,0.008,0.004521
26500,0.996,0.000,0.004,0.002882
27000,0.996,0.000,0.004,0.002882
27500,0.996,0.000,0.004,0.002882
28000,1.000,0.000,0.000,0.000000
