time,n_A+p,n_B,n_AB,avg_entropy_simp
500,0.033,0.860,0.107,0.238265
1000,0.074,0.818,0.107,0.266974
1500,0.103,0.707,0.190,0.384777
2000,0.128,0.599,0.273,0.469611
2500,0.186,0.570,0.244,0.504582
3000,0.277,0.483,0.240,0.532350
3500,0.244,0.455,0.302,0.547921
4000,0.306,0.347,0.347,0.569988
4500,0.335,0.339,0.326,0.557501
5000,0.244,0.450,0.306,0.524670
5500,0.260,0.409,0.331,0.548079
6000,0.298,0.421,0.281,0.545407
6500,0.339,0.322,0.339,0.567115
7000,0.417,0.260,0.322,0.548654
7500,0.368,0.264,0.368,0.556182
8000,0.471,0.211,0.318,0.525425
8500,0.533,0.198,0.269,0.500606
9000,0.632,0.120,0.248,0.439110
9500,0.574,0.120,0.306,0.477290
10000,0.583,0.165,0.252,0.470117
10500,0.587,0.128,0.285,0.439867
11000,0.607,0.112,0.281,0.454073
11500,0.525,0.103,0.372,0.471143
12000,0.711,0.066,0.223,0.369465
12500,0.744,0.050,0.207,0.319932
13000,0.694,0.033,0.273,0.365093
13500,0.719,0.087,0.194,0.353507
14000,0.814,0.050,0.136,0.238472
14500,0.814,0.058,0.128,0.212191
15000,0.893,0.017,0.091,0.115019
15500,0.930,0.000,0.070,0.059628
16000,0.967,0.008,0.025,0.031440
16500,0.950,0.008,0.041,0.046515
17000,0.946,0.004,0.050,0.063107
17500,0.963,0.000,0.037,0.037869
18000,0.963,0.004,0.033,0.031551
18500,0.946,0.017,0.037,0.037353
19000,0.971,0.008,0.021,0.020322
19500,0.992,0.004,0.004,0.003860
20000,0.992,0.000,0.008,0.003773
20500,0.992,0.000,0.008,0.003773
21000,0.988,0.000,0.012,0.011531
21500,0.992,0.000,0.008,0.004190
22000,1.000,0.000,0.000,0.000000
