time,n_A+p,n_B,n_AB,avg_entropy_simp
500,0.029,0.909,0.062,0.152106
1000,0.029,0.880,0.091,0.193135
1500,0.029,0.860,0.112,0.212804
2000,0.054,0.814,0.132,0.259896
2500,0.058,0.785,0.157,0.252160
3000,0.070,0.764,0.165,0.302481
3500,0.079,0.715,0.207,0.339137
4000,0.070,0.669,0.260,0.390723
4500,0.045,0.760,0.194,0.289721
5000,0.050,0.690,0.260,0.367979
5500,0.087,0.603,0.310,0.430550
6000,0.190,0.475,0.335,0.529105
6500,0.174,0.475,0.351,0.530131
7000,0.219,0.450,0.331,0.545189
7500,0.227,0.463,0.310,0.546264
8000,0.169,0.529,0.302,0.502479
8500,0.165,0.566,0.269,0.474404
9000,0.128,0.562,0.310,0.473169
9500,0.136,0.475,0.388,0.515027
10000,0.240,0.413,0.347,0.552184
10500,0.186,0.438,0.376,0.551379
11000,0.211,0.483,0.306,0.510872
11500,0.157,0.471,0.372,0.507907
12000,0.174,0.517,0.310,0.512009
12500,0.194,0.500,0.306,0.524870
13000,0.198,0.446,0.355,0.533739
13500,0.331,0.343,0.326,0.551775
14000,0.339,0.236,0.426,0.521231
14500,0.413,0.223,0.364,0.536396
15000,0.475,0.149,0.376,0.488138
15500,0.640,0.054,0.306,0.397697
16000,0.736,0.037,0.227,0.304874
16500,0.773,0.033,0.194,0.284038
17000,0.843,0.017,0.140,0.204909
17500,0.888,0.012,0.099,0.168368
18000,0.872,0.012,0.116,0.198637
18500,0.909,0.004,0.087,0.104405
19000,0.876,0.000,0.124,0.179180
19500,0.901,0.021,0.079,0.165106
20000,0.975,0.004,0.021,0.027523
20500,0.992,0.000,0.008,0.005800
21000,0.992,0.000,0.008,0.005800
21500,1.000,0.000,0.000,0.000000
