time,n_A+p,n_B,n_AB,avg_entropy_simp
500,0.029,0.917,0.054,0.127701
1000,0.029,0.901,0.070,0.123056
1500,0.054,0.802,0.145,0.285770
2000,0.083,0.723,0.194,0.364646
2500,0.091,0.669,0.240,0.403499
3000,0.066,0.727,0.207,0.328529
3500,0.087,0.649,0.264,0.416869
4000,0.083,0.657,0.260,0.410547
4500,0.087,0.682,0.231,0.398469
5000,0.174,0.566,0.260,0.499078
5500,0.174,0.496,0.331,0.515214
6000,0.207,0.430,0.364,0.540008
6500,0.202,0.413,0.384,0.543793
7000,0.227,0.496,0.277,0.529298
7500,0.223,0.467,0.310,0.525602
8000,0.293,0.405,0.302,0.553189
8500,0.277,0.417,0.306,0.551459
9000,0.421,0.351,0.227,0.538354
9500,0.202,0.492,0.306,0.500214
10000,0.281,0.277,0.442,0.546719
10500,0.298,0.314,0.388,0.559090
11000,0.285,0.351,0.364,0.558222
11500,0.293,0.376,0.331,0.534277
12000,0.364,0.285,0.351,0.547938
12500,0.376,0.326,0.298,0.545384
13000,0.550,0.186,0.264,0.462472
13500,0.636,0.083,0.281,0.417434
14000,0.653,0.062,0.285,0.411242
14500,0.702,0.099,0.198,0.388538
15000,0.843,0.029,0.128,0.206222
15500,0.876,0.025,0.099,0.182887
16000,0.860,0.025,0.116,0.198085
16500,0.872,0.000,0.128,0.184534
17000,0.851,0.025,0.124,0.211430
17500,0.764,0.041,0.194,0.335439
18000,0.748,0.050,0.202,0.335149
18500,0.826,0.021,0.153,0.233969
19000,0.773,0.041,0.186,0.338894
19500,0.864,0.033,0.103,0.192086
20000,0.860,0.017,0.124,0.229730
20500,0.930,0.000,0.070,0.093162
21000,0.930,0.004,0.066,0.098898
21500,0.983,0.000,0.017,0.025397
22000,0.992,0.000,0.008,0.012763
22500,0.967,0.012,0.021,0.068898
23000,0.967,0.000,0.033,0.058034
23500,0.938,0.008,0.054,0.097039
24000,0.950,0.004,0.045,0.069773
24500,0.983,0.000,0.017,0.020326
25000,0.992,0.000,0.008,0.016590
25500,1.000,0.000,0.000,0.000000
