time,n_A+p,n_B,n_AB,avg_entropy_simp
500,0.032,0.903,0.065,0.122149
1000,0.037,0.876,0.088,0.166264
1500,0.028,0.903,0.069,0.132369
2000,0.032,0.871,0.097,0.167808
2500,0.028,0.816,0.157,0.224123
3000,0.051,0.802,0.147,0.236343
3500,0.051,0.742,0.207,0.305757
4000,0.065,0.714,0.221,0.330933
4500,0.069,0.733,0.198,0.331739
5000,0.069,0.691,0.240,0.341354
5500,0.074,0.687,0.240,0.340609
6000,0.069,0.599,0.332,0.414854
6500,0.097,0.567,0.336,0.425591
7000,0.083,0.618,0.300,0.403953
7500,0.152,0.465,0.382,0.460885
8000,0.143,0.447,0.410,0.461370
8500,0.235,0.461,0.304,0.468920
9000,0.171,0.410,0.419,0.463541
9500,0.249,0.350,0.401,0.469619
10000,0.235,0.318,0.447,0.472780
10500,0.295,0.263,0.442,0.475436
11000,0.313,0.267,0.419,0.484558
11500,0.382,0.235,0.382,0.486036
12000,0.447,0.184,0.369,0.465934
12500,0.562,0.111,0.327,0.412886
13000,0.608,0.115,0.276,0.403457
13500,0.700,0.065,0.235,0.331216
14000,0.802,0.041,0.157,0.230711
14500,0.816,0.028,0.157,0.209747
15000,0.876,0.041,0.083,0.147818
15500,0.908,0.014,0.078,0.081606
16000,0.912,0.018,0.069,0.094396
16500,0.912,0.018,0.069,0.098536
17000,0.972,0.009,0.018,0.009968
17500,0.982,0.009,0.009,0.002776
18000,0.982,0.009,0.009,0.002776
18500,0.986,0.005,0.009,0.002589
19000,0.991,0.005,0.005,0.000374
19500,0.991,0.005,0.005,0.000374
20000,0.991,0.005,0.005,0.000374
20500,0.991,0.005,0.005,0.000374
21000,0.991,0.005,0.005,0.000374
21500,0.991,0.005,0.005,0.000374
22000,0.982,0.000,0.018,0.011934
22500,0.995,0.000,0.005,0.000187
23000,0.995,0.000,0.005,0.000187
23500,0.995,0.000,0.005,0.000187
24000,0.995,0.000,0.005,0.000187
24500,0.995,0.000,0.005,0.000187
25000,0.995,0.000,0.005,0.000187
25500,0.995,0.000,0.005,0.000187
26000,0.995,0.000,0.005,0.000187
26500,0.995,0.000,0.005,0.000187
27000,0.995,0.000,0.005,0.000187
27500,0.995,0.000,0.005,0.000187
28000,0.995,0.000,0.005,0.000187
28500,1.000,0.000,0.000,0.000000
