time,n_A+p,n_B,n_AB,avg_entropy_simp
500,0.041,0.880,0.079,0.171982
1000,0.050,0.893,0.058,0.158635
1500,0.037,0.847,0.116,0.238431
2000,0.074,0.793,0.132,0.310889
2500,0.107,0.657,0.236,0.447406
3000,0.140,0.612,0.248,0.468143
3500,0.165,0.566,0.269,0.463610
4000,0.149,0.467,0.384,0.511853
4500,0.219,0.434,0.347,0.533622
5000,0.273,0.459,0.269,0.498469
5500,0.215,0.488,0.298,0.494781
6000,0.248,0.430,0.322,0.535710
6500,0.302,0.430,0.269,0.553528
7000,0.252,0.401,0.347,0.550897
7500,0.322,0.339,0.339,0.554397
8000,0.380,0.269,0.351,0.531784
8500,0.417,0.260,0.322,0.535990
9000,0.492,0.153,0.355,0.506527
9500,0.550,0.153,0.298,0.496460
10000,0.579,0.124,0.298,0.457931
10500,0.686,0.062,0.252,0.373471
11000,0.752,0.037,0.211,0.296797
11500,0.851,0.021,0.128,0.189084
12000,0.868,0.008,0.124,0.181310
12500,0.864,0.021,0.116,0.190339
13000,0.810,0.021,0.169,0.245433
13500,0.777,0.037,0.186,0.309688
14000,0.793,0.025,0.182,0.272134
14500,0.868,0.017,0.116,0.182121
15000,0.901,0.000,0.099,0.134546
15500,0.905,0.000,0.095,0.143767
16000,0.975,0.000,0.025,0.040407
16500,0.996,0.000,0.004,0.005033
17000,0.996,0.000,0.004,0.005033
17500,1.000,0.000,0.000,0.000000
