time,n_A+p,n_B,n_AB,avg_entropy_simp
500,0.028,0.927,0.046,0.122336
1000,0.028,0.887,0.086,0.173560
1500,0.031,0.817,0.153,0.242277
2000,0.040,0.795,0.165,0.267556
2500,0.046,0.786,0.168,0.272606
3000,0.058,0.780,0.162,0.263770
3500,0.083,0.725,0.193,0.315753
4000,0.098,0.703,0.199,0.362614
4500,0.122,0.581,0.297,0.428155
5000,0.135,0.657,0.208,0.396561
5500,0.122,0.627,0.251,0.410392
6000,0.092,0.679,0.229,0.360476
6500,0.116,0.657,0.226,0.363473
7000,0.104,0.651,0.245,0.389165
7500,0.098,0.618,0.284,0.390752
8000,0.116,0.587,0.297,0.396423
8500,0.153,0.554,0.294,0.424023
9000,0.144,0.563,0.294,0.403007
9500,0.183,0.450,0.367,0.442236
10000,0.211,0.407,0.382,0.484249
10500,0.291,0.379,0.330,0.480097
11000,0.272,0.376,0.352,0.494591
11500,0.275,0.428,0.297,0.478720
12000,0.254,0.352,0.394,0.507856
12500,0.379,0.260,0.361,0.465028
13000,0.425,0.214,0.361,0.456593
13500,0.489,0.171,0.339,0.432469
14000,0.557,0.135,0.309,0.400793
14500,0.602,0.095,0.303,0.373180
15000,0.584,0.119,0.297,0.419579
15500,0.627,0.104,0.269,0.394746
16000,0.630,0.101,0.269,0.396349
16500,0.651,0.098,0.251,0.378700
17000,0.609,0.104,0.287,0.405772
17500,0.713,0.049,0.239,0.324065
18000,0.709,0.024,0.266,0.314798
18500,0.786,0.024,0.190,0.261369
19000,0.817,0.021,0.162,0.222520
19500,0.862,0.006,0.131,0.181507
20000,0.872,0.018,0.110,0.178963
20500,0.862,0.015,0.122,0.183711
21000,0.884,0.006,0.110,0.149448
21500,0.948,0.003,0.049,0.071770
22000,0.960,0.000,0.040,0.053529
22500,0.976,0.006,0.018,0.037066
23000,0.942,0.000,0.058,0.081130
23500,0.948,0.000,0.052,0.064317
24000,0.960,0.003,0.037,0.055903
24500,0.948,0.000,0.052,0.062806
25000,0.939,0.000,0.061,0.073187
25500,0.966,0.000,0.034,0.036432
26000,0.979,0.000,0.021,0.018054
26500,0.994,0.000,0.006,0.002454
27000,0.997,0.000,0.003,0.000285
27500,1.000,0.000,0.000,0.000000
