time,n_A+p,n_B,n_AB,avg_entropy_simp
500,0.034,0.917,0.049,0.136598
1000,0.034,0.881,0.086,0.192312
1500,0.052,0.807,0.141,0.234738
2000,0.076,0.743,0.180,0.305402
2500,0.107,0.670,0.223,0.362957
3000,0.116,0.667,0.217,0.386373
3500,0.141,0.554,0.306,0.445252
4000,0.156,0.593,0.251,0.426016
4500,0.165,0.618,0.217,0.407755
5000,0.153,0.544,0.303,0.463337
5500,0.125,0.606,0.269,0.437908
6000,0.089,0.688,0.223,0.356326
6500,0.098,0.703,0.199,0.337587
7000,0.119,0.645,0.235,0.387556
7500,0.156,0.584,0.260,0.436216
8000,0.187,0.599,0.214,0.415302
8500,0.205,0.550,0.245,0.413616
9000,0.138,0.523,0.339,0.442899
9500,0.242,0.492,0.266,0.432637
10000,0.251,0.459,0.291,0.476392
10500,0.217,0.502,0.281,0.474308
11000,0.239,0.477,0.284,0.486941
11500,0.199,0.471,0.330,0.488208
12000,0.248,0.459,0.294,0.464334
12500,0.281,0.446,0.272,0.442939
13000,0.294,0.410,0.297,0.463062
13500,0.361,0.339,0.300,0.441048
14000,0.376,0.321,0.303,0.408262
14500,0.370,0.321,0.309,0.464740
15000,0.327,0.385,0.287,0.465822
15500,0.336,0.391,0.272,0.461608
16000,0.388,0.349,0.263,0.441762
16500,0.413,0.343,0.245,0.452717
17000,0.443,0.235,0.321,0.457562
17500,0.416,0.318,0.266,0.440362
18000,0.419,0.251,0.330,0.463664
18500,0.474,0.269,0.257,0.470088
19000,0.483,0.281,0.235,0.444483
19500,0.480,0.202,0.318,0.449345
20000,0.526,0.159,0.315,0.453748
20500,0.642,0.104,0.254,0.369224
21000,0.642,0.128,0.229,0.381390
21500,0.685,0.089,0.226,0.351159
22000,0.758,0.073,0.168,0.275774
22500,0.768,0.064,0.168,0.283586
23000,0.786,0.055,0.159,0.248433
23500,0.810,0.046,0.144,0.228064
24000,0.813,0.031,0.156,0.222404
24500,0.856,0.034,0.110,0.196987
25000,0.838,0.034,0.128,0.190905
25500,0.832,0.061,0.107,0.208827
26000,0.872,0.015,0.113,0.152967
26500,0.856,0.034,0.110,0.178283
27000,0.887,0.028,0.086,0.131448
27500,0.920,0.012,0.067,0.098056
28000,0.948,0.003,0.049,0.057126
28500,0.960,0.012,0.028,0.051763
29000,0.954,0.003,0.043,0.066439
29500,0.966,0.006,0.028,0.052018
30000,0.969,0.003,0.028,0.037527
30500,0.972,0.003,0.024,0.032206
31000,0.985,0.003,0.012,0.013449
31500,0.985,0.003,0.012,0.019179
32000,0.982,0.003,0.015,0.020337
32500,0.991,0.000,0.009,0.007377
33000,0.972,0.000,0.028,0.039543
33500,0.988,0.003,0.009,0.021774
34000,0.991,0.000,0.009,0.011750
34500,0.985,0.000,0.015,0.017702
35000,0.988,0.000,0.012,0.011797
35500,0.994,0.000,0.006,0.009177
36000,0.997,0.000,0.003,0.004114
36500,1.000,0.000,0.000,0.000000
