time,n_A+p,n_B,n_AB,avg_entropy_simp
500,0.037,0.926,0.037,0.107870
1000,0.032,0.779,0.189,0.277084
1500,0.041,0.811,0.147,0.234634
2000,0.046,0.788,0.166,0.271013
2500,0.046,0.793,0.161,0.255169
3000,0.055,0.765,0.180,0.284774
3500,0.060,0.705,0.235,0.355998
4000,0.115,0.553,0.332,0.432507
4500,0.175,0.392,0.433,0.473123
5000,0.198,0.300,0.502,0.457211
5500,0.359,0.249,0.392,0.464229
6000,0.290,0.276,0.433,0.473301
6500,0.387,0.258,0.355,0.492566
7000,0.327,0.226,0.447,0.476257
7500,0.336,0.226,0.438,0.464539
8000,0.378,0.244,0.378,0.480897
8500,0.433,0.175,0.392,0.461315
9000,0.484,0.111,0.406,0.429409
9500,0.507,0.115,0.378,0.426100
10000,0.548,0.083,0.369,0.396611
10500,0.613,0.083,0.304,0.369341
11000,0.627,0.101,0.272,0.373099
11500,0.650,0.069,0.281,0.363438
12000,0.650,0.065,0.286,0.359559
12500,0.558,0.060,0.382,0.391014
13000,0.631,0.046,0.323,0.355190
13500,0.659,0.046,0.295,0.337385
14000,0.599,0.055,0.346,0.366284
14500,0.590,0.060,0.350,0.370960
15000,0.599,0.092,0.309,0.386213
15500,0.553,0.088,0.359,0.422197
16000,0.613,0.097,0.290,0.385927
16500,0.604,0.083,0.313,0.390873
17000,0.636,0.041,0.323,0.360569
17500,0.618,0.046,0.336,0.367794
18000,0.627,0.046,0.327,0.353900
18500,0.664,0.041,0.295,0.339470
19000,0.627,0.060,0.313,0.361512
19500,0.641,0.060,0.300,0.367877
20000,0.622,0.069,0.309,0.388132
20500,0.594,0.097,0.309,0.405923
21000,0.604,0.088,0.309,0.407685
21500,0.581,0.078,0.341,0.420016
22000,0.636,0.069,0.295,0.379282
22500,0.581,0.092,0.327,0.403162
23000,0.664,0.037,0.300,0.343244
23500,0.622,0.046,0.332,0.377936
24000,0.608,0.069,0.323,0.388164
24500,0.705,0.041,0.253,0.312255
25000,0.765,0.018,0.217,0.263608
25500,0.825,0.005,0.171,0.192181
26000,0.857,0.009,0.134,0.174331
26500,0.899,0.005,0.097,0.139789
27000,0.954,0.000,0.046,0.061016
27500,0.908,0.005,0.088,0.137352
28000,0.954,0.000,0.046,0.050911
28500,0.954,0.000,0.046,0.065968
29000,0.977,0.000,0.023,0.022322
29500,0.991,0.000,0.009,0.003449
30000,0.986,0.000,0.014,0.016161
30500,0.982,0.000,0.018,0.033004
31000,0.982,0.000,0.018,0.032725
31500,0.972,0.000,0.028,0.052702
32000,0.968,0.000,0.032,0.055116
32500,0.949,0.000,0.051,0.078247
33000,0.959,0.000,0.041,0.054775
33500,0.963,0.000,0.037,0.062017
34000,0.982,0.000,0.018,0.033519
34500,1.000,0.000,0.000,0.000000
