time,n_A+p,n_B,n_AB,avg_entropy_simp
500,0.029,0.926,0.045,0.123947
1000,0.029,0.756,0.215,0.319313
1500,0.029,0.756,0.215,0.337357
2000,0.050,0.607,0.343,0.402667
2500,0.070,0.545,0.384,0.465445
3000,0.120,0.446,0.434,0.496980
3500,0.132,0.405,0.463,0.512699
4000,0.120,0.504,0.376,0.489740
4500,0.070,0.479,0.450,0.462738
5000,0.095,0.537,0.368,0.474672
5500,0.174,0.442,0.384,0.524574
6000,0.112,0.393,0.496,0.479858
6500,0.149,0.434,0.417,0.507092
7000,0.153,0.401,0.446,0.498661
7500,0.145,0.351,0.504,0.495897
8000,0.244,0.236,0.521,0.507803
8500,0.260,0.198,0.541,0.500777
9000,0.310,0.194,0.496,0.501499
9500,0.281,0.211,0.508,0.516510
10000,0.293,0.264,0.442,0.551984
10500,0.326,0.149,0.525,0.487647
11000,0.525,0.112,0.364,0.470641
11500,0.450,0.116,0.434,0.504444
12000,0.500,0.074,0.426,0.455468
12500,0.508,0.095,0.397,0.492060
13000,0.583,0.021,0.397,0.406077
13500,0.632,0.021,0.347,0.393683
14000,0.657,0.025,0.318,0.398225
14500,0.727,0.021,0.252,0.346119
15000,0.744,0.017,0.240,0.296192
15500,0.777,0.012,0.211,0.286554
16000,0.740,0.012,0.248,0.328791
16500,0.835,0.000,0.165,0.205122
17000,0.893,0.008,0.099,0.152228
17500,0.806,0.004,0.190,0.282513
18000,0.888,0.000,0.112,0.160778
18500,0.938,0.000,0.062,0.097208
19000,0.967,0.000,0.033,0.034210
19500,0.975,0.000,0.025,0.032666
20000,0.996,0.000,0.004,0.001639
20500,0.996,0.000,0.004,0.001639
21000,0.996,0.000,0.004,0.001639
21500,1.000,0.000,0.000,0.000000
