time,n_A+p,n_B,n_AB,avg_entropy_simp
500,0.029,0.967,0.004,0.054565
1000,0.033,0.955,0.012,0.078676
1500,0.050,0.893,0.058,0.193878
2000,0.070,0.864,0.066,0.228421
2500,0.062,0.810,0.128,0.283983
3000,0.062,0.810,0.128,0.274924
3500,0.070,0.769,0.161,0.325564
4000,0.079,0.752,0.169,0.322415
4500,0.116,0.686,0.198,0.400401
5000,0.132,0.628,0.240,0.458667
5500,0.145,0.624,0.231,0.461833
6000,0.190,0.595,0.215,0.490141
6500,0.202,0.521,0.277,0.506579
7000,0.236,0.463,0.302,0.549185
7500,0.289,0.459,0.252,0.510360
8000,0.397,0.417,0.186,0.481053
8500,0.413,0.331,0.256,0.517348
9000,0.393,0.322,0.285,0.563332
9500,0.368,0.372,0.260,0.544372
10000,0.347,0.364,0.289,0.552300
10500,0.331,0.351,0.318,0.564839
11000,0.314,0.471,0.215,0.506291
11500,0.351,0.397,0.252,0.537464
12000,0.417,0.293,0.289,0.562793
12500,0.417,0.256,0.326,0.568450
13000,0.591,0.198,0.211,0.451912
13500,0.731,0.058,0.211,0.305983
14000,0.851,0.041,0.107,0.199848
14500,0.959,0.004,0.037,0.038403
15000,0.971,0.004,0.025,0.034208
15500,0.996,0.004,-0.000,0.001674
16000,0.996,0.004,-0.000,0.001674
16500,0.996,0.000,0.004,0.001674
17000,0.996,0.000,0.004,0.001674
17500,0.996,0.000,0.004,0.001674
18000,0.996,0.000,0.004,0.001674
18500,0.996,0.000,0.004,0.001674
19000,0.996,0.000,0.004,0.001674
19500,1.000,0.000,0.000,0.000000
