time,n_A+p,n_B,n_AB,avg_entropy_simp
500,0.029,0.963,0.008,0.048952
1000,0.029,0.897,0.074,0.160816
1500,0.029,0.843,0.128,0.238674
2000,0.037,0.851,0.112,0.223162
2500,0.029,0.884,0.087,0.157793
3000,0.037,0.839,0.124,0.217534
3500,0.037,0.851,0.112,0.204427
4000,0.041,0.814,0.145,0.241349
4500,0.037,0.814,0.149,0.255964
5000,0.037,0.831,0.132,0.248717
5500,0.045,0.826,0.128,0.234285
6000,0.079,0.773,0.149,0.299030
6500,0.050,0.785,0.165,0.288835
7000,0.079,0.694,0.227,0.385345
7500,0.083,0.686,0.231,0.392720
8000,0.091,0.661,0.248,0.421224
8500,0.149,0.545,0.306,0.497135
9000,0.149,0.537,0.314,0.493868
9500,0.128,0.562,0.310,0.452446
10000,0.149,0.479,0.372,0.505666
10500,0.169,0.521,0.310,0.500396
11000,0.269,0.372,0.360,0.569252
11500,0.310,0.409,0.281,0.528736
12000,0.281,0.368,0.351,0.552397
12500,0.289,0.384,0.326,0.559639
13000,0.347,0.285,0.368,0.539814
13500,0.388,0.223,0.388,0.521015
14000,0.401,0.277,0.322,0.553667
14500,0.376,0.306,0.318,0.553017
15000,0.409,0.260,0.331,0.534872
15500,0.483,0.198,0.318,0.514390
16000,0.475,0.169,0.355,0.505085
16500,0.533,0.145,0.322,0.463427
17000,0.508,0.178,0.314,0.506523
17500,0.525,0.174,0.302,0.496006
18000,0.620,0.116,0.264,0.444338
18500,0.640,0.062,0.298,0.397066
19000,0.645,0.070,0.285,0.417374
19500,0.707,0.079,0.215,0.372754
20000,0.744,0.029,0.227,0.315966
20500,0.831,0.012,0.157,0.227486
21000,0.802,0.017,0.182,0.249705
21500,0.839,0.012,0.149,0.214100
22000,0.888,0.008,0.103,0.132946
22500,0.860,0.012,0.128,0.211299
23000,0.926,0.004,0.070,0.095436
23500,0.971,0.000,0.029,0.050489
24000,0.996,0.000,0.004,0.003035
24500,0.979,0.000,0.021,0.024041
25000,0.992,0.000,0.008,0.009272
25500,0.988,0.000,0.012,0.016861
26000,0.967,0.000,0.033,0.060259
26500,0.988,0.000,0.012,0.012381
27000,0.996,0.000,0.004,0.002245
27500,0.996,0.000,0.004,0.002245
28000,0.996,0.000,0.004,0.003954
28500,1.000,0.000,0.000,0.000000
