time,n_A+p,n_B,n_AB,avg_entropy_simp
500,0.028,0.917,0.055,0.131521
1000,0.028,0.893,0.080,0.154420
1500,0.034,0.865,0.101,0.195928
2000,0.028,0.865,0.107,0.193329
2500,0.061,0.856,0.083,0.192005
3000,0.076,0.774,0.150,0.279526
3500,0.067,0.771,0.162,0.305476
4000,0.092,0.758,0.150,0.303312
4500,0.110,0.700,0.190,0.370054
5000,0.113,0.654,0.232,0.374189
5500,0.122,0.645,0.232,0.370403
6000,0.113,0.621,0.266,0.388490
6500,0.116,0.609,0.275,0.411207
7000,0.125,0.624,0.251,0.400984
7500,0.076,0.685,0.239,0.348914
8000,0.110,0.694,0.196,0.326944
8500,0.116,0.691,0.193,0.352241
9000,0.125,0.667,0.208,0.367074
9500,0.153,0.636,0.211,0.393026
10000,0.165,0.541,0.294,0.443746
10500,0.153,0.618,0.229,0.401585
11000,0.168,0.596,0.235,0.368407
11500,0.119,0.587,0.294,0.399364
12000,0.135,0.581,0.284,0.426242
12500,0.196,0.572,0.232,0.413684
13000,0.135,0.550,0.315,0.431614
13500,0.156,0.532,0.312,0.459637
14000,0.168,0.511,0.321,0.461527
14500,0.214,0.450,0.336,0.487189
15000,0.260,0.446,0.294,0.490125
15500,0.232,0.425,0.343,0.475913
16000,0.254,0.419,0.327,0.493401
16500,0.315,0.364,0.321,0.508721
17000,0.336,0.312,0.352,0.477587
17500,0.355,0.318,0.327,0.490820
18000,0.339,0.318,0.343,0.478167
18500,0.434,0.226,0.339,0.460324
19000,0.431,0.266,0.303,0.467655
19500,0.434,0.226,0.339,0.484902
20000,0.431,0.239,0.330,0.489764
20500,0.416,0.251,0.333,0.507865
21000,0.361,0.266,0.373,0.490087
21500,0.394,0.235,0.370,0.482924
22000,0.462,0.208,0.330,0.459240
22500,0.446,0.208,0.346,0.492271
23000,0.495,0.187,0.318,0.462054
23500,0.514,0.177,0.309,0.445885
24000,0.541,0.190,0.269,0.400560
24500,0.566,0.156,0.278,0.406268
25000,0.606,0.113,0.281,0.402195
25500,0.593,0.122,0.284,0.360300
26000,0.639,0.122,0.239,0.342392
26500,0.661,0.116,0.223,0.314586
27000,0.694,0.110,0.196,0.322661
27500,0.706,0.043,0.251,0.338221
28000,0.761,0.037,0.202,0.281192
28500,0.798,0.058,0.144,0.240203
29000,0.795,0.049,0.156,0.228546
29500,0.749,0.043,0.208,0.272117
30000,0.817,0.040,0.144,0.213559
30500,0.847,0.018,0.135,0.188306
31000,0.862,0.018,0.119,0.179343
31500,0.914,0.006,0.080,0.105374
32000,0.924,0.012,0.064,0.099109
32500,0.957,0.000,0.043,0.054908
33000,0.972,0.000,0.028,0.037779
33500,0.985,0.000,0.015,0.018836
34000,0.979,0.000,0.021,0.021062
34500,0.997,0.000,0.003,0.000285
35000,0.997,0.000,0.003,0.000285
35500,0.997,0.000,0.003,0.000285
36000,0.997,0.000,0.003,0.000285
36500,0.997,0.000,0.003,0.000285
37000,0.997,0.000,0.003,0.000285
37500,1.000,0.000,0.000,0.000000
