time,n_A+p,n_B,n_AB,avg_entropy_simp
500,0.041,0.909,0.050,0.125476
1000,0.033,0.921,0.045,0.112838
1500,0.029,0.934,0.037,0.107101
2000,0.050,0.839,0.112,0.229118
2500,0.145,0.678,0.178,0.417127
3000,0.079,0.744,0.178,0.329434
3500,0.062,0.831,0.107,0.251050
4000,0.058,0.835,0.107,0.250835
4500,0.054,0.864,0.083,0.200957
5000,0.037,0.843,0.120,0.241410
5500,0.054,0.851,0.095,0.226602
6000,0.058,0.864,0.079,0.207758
6500,0.074,0.855,0.070,0.208719
7000,0.083,0.822,0.095,0.251858
7500,0.066,0.814,0.120,0.242080
8000,0.058,0.860,0.083,0.195333
8500,0.079,0.798,0.124,0.296608
9000,0.103,0.773,0.124,0.303949
9500,0.070,0.831,0.099,0.240153
10000,0.041,0.872,0.087,0.206495
10500,0.045,0.897,0.058,0.155071
11000,0.041,0.864,0.095,0.215018
11500,0.037,0.897,0.066,0.141175
12000,0.074,0.769,0.157,0.288715
12500,0.116,0.715,0.169,0.363228
13000,0.136,0.612,0.252,0.447911
13500,0.116,0.665,0.219,0.391561
14000,0.149,0.587,0.264,0.465789
14500,0.207,0.599,0.194,0.456806
15000,0.194,0.574,0.231,0.460259
15500,0.355,0.380,0.264,0.547981
16000,0.455,0.302,0.244,0.524945
16500,0.517,0.227,0.256,0.502519
17000,0.748,0.070,0.182,0.313177
17500,0.893,0.025,0.083,0.169064
18000,0.897,0.021,0.083,0.141693
18500,0.938,0.008,0.054,0.080360
19000,0.983,0.004,0.012,0.011686
19500,0.971,0.000,0.029,0.037490
20000,0.996,0.000,0.004,0.002366
20500,1.000,0.000,0.000,0.000000
