time,n_A+p,n_B,n_AB,avg_entropy_simp
500,0.029,0.930,0.041,0.121382
1000,0.037,0.901,0.062,0.148448
1500,0.029,0.888,0.083,0.171394
2000,0.050,0.826,0.124,0.242927
2500,0.050,0.893,0.058,0.148174
3000,0.029,0.831,0.140,0.247477
3500,0.037,0.864,0.099,0.188484
4000,0.033,0.880,0.087,0.169953
4500,0.037,0.872,0.091,0.168480
5000,0.037,0.835,0.128,0.230832
5500,0.066,0.814,0.120,0.256370
6000,0.087,0.686,0.227,0.392697
6500,0.062,0.769,0.169,0.305481
7000,0.050,0.818,0.132,0.250613
7500,0.124,0.719,0.157,0.384505
8000,0.074,0.707,0.219,0.386711
8500,0.070,0.731,0.198,0.346404
9000,0.079,0.764,0.157,0.301919
9500,0.099,0.698,0.202,0.411813
10000,0.120,0.628,0.252,0.442643
10500,0.182,0.525,0.293,0.512578
11000,0.157,0.562,0.281,0.499249
11500,0.116,0.574,0.310,0.469765
12000,0.169,0.574,0.256,0.459697
12500,0.161,0.537,0.302,0.500681
13000,0.182,0.562,0.256,0.492074
13500,0.161,0.591,0.248,0.467728
14000,0.178,0.554,0.269,0.503350
14500,0.153,0.587,0.260,0.450565
15000,0.140,0.591,0.269,0.452569
15500,0.207,0.492,0.302,0.505036
16000,0.182,0.554,0.264,0.481314
16500,0.190,0.521,0.289,0.516741
17000,0.174,0.463,0.364,0.523135
17500,0.169,0.566,0.264,0.481675
18000,0.169,0.541,0.289,0.481436
18500,0.165,0.558,0.277,0.467685
19000,0.161,0.541,0.298,0.488914
19500,0.240,0.455,0.306,0.535293
20000,0.182,0.471,0.347,0.522585
20500,0.260,0.393,0.347,0.558693
21000,0.335,0.343,0.322,0.559636
21500,0.364,0.310,0.326,0.544692
22000,0.368,0.240,0.393,0.540545
22500,0.467,0.211,0.322,0.521519
23000,0.372,0.256,0.372,0.570563
23500,0.434,0.190,0.376,0.543430
24000,0.364,0.269,0.368,0.565921
24500,0.351,0.285,0.364,0.554447
25000,0.525,0.165,0.310,0.478096
25500,0.690,0.099,0.211,0.376645
26000,0.847,0.029,0.124,0.201491
26500,0.855,0.021,0.124,0.189759
27000,0.942,0.000,0.058,0.091479
27500,0.967,0.012,0.021,0.053424
28000,0.992,0.000,0.008,0.012925
28500,0.996,0.000,0.004,0.007488
29000,1.000,0.000,0.000,0.000000
