time,n_A+p,n_B,n_AB,avg_entropy_simp
500,0.029,0.909,0.062,0.163020
1000,0.033,0.826,0.140,0.281570
1500,0.058,0.802,0.140,0.292338
2000,0.070,0.789,0.140,0.303036
2500,0.136,0.715,0.149,0.369530
3000,0.112,0.719,0.169,0.395014
3500,0.120,0.723,0.157,0.385311
4000,0.145,0.595,0.260,0.466442
4500,0.124,0.550,0.326,0.477389
5000,0.326,0.434,0.240,0.513950
5500,0.326,0.405,0.269,0.547198
6000,0.339,0.298,0.364,0.545151
6500,0.574,0.169,0.256,0.460285
7000,0.764,0.058,0.178,0.271322
7500,0.860,0.041,0.099,0.172254
8000,0.822,0.066,0.112,0.238229
8500,0.921,0.008,0.070,0.098100
9000,0.942,0.004,0.054,0.068498
9500,0.988,0.004,0.008,0.007887
10000,0.992,0.000,0.008,0.006018
10500,0.992,0.000,0.008,0.006232
11000,0.996,0.000,0.004,0.003035
11500,0.996,0.000,0.004,0.003035
12000,1.000,0.000,0.000,0.000000
