time,n_A+p,n_B,n_AB,avg_entropy_simp
500,0.058,0.893,0.050,0.132092
1000,0.033,0.880,0.087,0.199963
1500,0.045,0.876,0.079,0.207034
2000,0.037,0.831,0.132,0.256184
2500,0.087,0.818,0.095,0.249631
3000,0.099,0.744,0.157,0.349446
3500,0.095,0.748,0.157,0.343822
4000,0.091,0.756,0.153,0.320303
4500,0.070,0.769,0.161,0.300259
5000,0.095,0.798,0.107,0.286286
5500,0.095,0.719,0.186,0.318311
6000,0.145,0.649,0.207,0.407266
6500,0.066,0.810,0.124,0.238440
7000,0.099,0.744,0.157,0.317313
7500,0.120,0.711,0.169,0.343911
8000,0.149,0.694,0.157,0.385240
8500,0.087,0.802,0.112,0.226906
9000,0.070,0.860,0.070,0.194998
9500,0.062,0.847,0.091,0.202388
10000,0.050,0.872,0.079,0.157744
10500,0.058,0.831,0.112,0.231598
11000,0.037,0.843,0.120,0.225206
11500,0.066,0.864,0.070,0.197059
12000,0.058,0.831,0.112,0.256603
12500,0.058,0.847,0.095,0.219805
13000,0.054,0.860,0.087,0.229501
13500,0.062,0.822,0.116,0.258046
14000,0.066,0.831,0.103,0.217616
14500,0.070,0.773,0.157,0.295775
15000,0.074,0.789,0.136,0.296048
15500,0.050,0.835,0.116,0.225322
16000,0.099,0.777,0.124,0.256933
16500,0.041,0.855,0.103,0.189316
17000,0.054,0.831,0.116,0.252934
17500,0.083,0.764,0.153,0.307111
18000,0.087,0.760,0.153,0.309327
18500,0.112,0.702,0.186,0.371844
19000,0.079,0.690,0.231,0.381152
19500,0.112,0.744,0.145,0.334299
20000,0.157,0.665,0.178,0.431988
20500,0.227,0.533,0.240,0.484191
21000,0.355,0.421,0.223,0.537519
21500,0.376,0.310,0.314,0.569392
22000,0.467,0.244,0.289,0.521287
22500,0.483,0.231,0.285,0.534100
23000,0.674,0.124,0.202,0.385422
23500,0.752,0.087,0.161,0.311311
24000,0.810,0.062,0.128,0.249708
24500,0.777,0.054,0.169,0.300141
25000,0.715,0.103,0.182,0.352691
25500,0.864,0.045,0.091,0.182919
26000,0.893,0.021,0.087,0.135587
26500,0.946,0.000,0.054,0.068459
27000,0.992,0.000,0.008,0.015507
27500,1.000,0.000,0.000,0.000000
