time,n_A+p,n_B,n_AB,avg_entropy_simp
500,0.029,0.905,0.066,0.196134
1000,0.037,0.901,0.062,0.180585
1500,0.050,0.855,0.095,0.250293
2000,0.091,0.715,0.194,0.393986
2500,0.070,0.731,0.198,0.365462
3000,0.091,0.719,0.190,0.385220
3500,0.099,0.657,0.244,0.423197
4000,0.074,0.624,0.302,0.448523
4500,0.145,0.574,0.281,0.491373
5000,0.248,0.450,0.302,0.529103
5500,0.326,0.384,0.289,0.554150
6000,0.314,0.331,0.355,0.563740
6500,0.450,0.260,0.289,0.525558
7000,0.467,0.227,0.306,0.524802
7500,0.467,0.219,0.314,0.501019
8000,0.388,0.236,0.376,0.540728
8500,0.446,0.264,0.289,0.553932
9000,0.409,0.277,0.314,0.536805
9500,0.360,0.269,0.372,0.545026
10000,0.364,0.293,0.343,0.565542
10500,0.397,0.227,0.376,0.541683
11000,0.393,0.252,0.355,0.552926
11500,0.421,0.223,0.355,0.535979
12000,0.541,0.132,0.326,0.472458
12500,0.508,0.178,0.314,0.482037
13000,0.591,0.120,0.289,0.451073
13500,0.566,0.128,0.306,0.459023
14000,0.640,0.099,0.260,0.413611
14500,0.764,0.062,0.174,0.263721
15000,0.893,0.029,0.079,0.133034
15500,0.893,0.004,0.103,0.138168
16000,0.921,0.000,0.079,0.091413
16500,0.938,0.008,0.054,0.090146
17000,0.992,0.000,0.008,0.009106
17500,0.996,0.000,0.004,0.002826
18000,0.996,0.000,0.004,0.002826
18500,0.996,0.000,0.004,0.002826
19000,0.979,0.000,0.021,0.037015
19500,1.000,0.000,0.000,0.000000
