time,n_A+p,n_B,n_AB,avg_entropy_simp
500,0.033,0.893,0.074,0.194519
1000,0.045,0.756,0.198,0.346299
1500,0.058,0.785,0.157,0.273377
2000,0.079,0.818,0.103,0.244186
2500,0.066,0.764,0.169,0.307931
3000,0.128,0.649,0.223,0.450191
3500,0.198,0.550,0.252,0.496492
4000,0.165,0.599,0.236,0.476038
4500,0.161,0.570,0.269,0.470264
5000,0.169,0.525,0.306,0.492974
5500,0.240,0.483,0.277,0.534459
6000,0.186,0.512,0.302,0.531880
6500,0.174,0.550,0.277,0.500469
7000,0.260,0.471,0.269,0.525379
7500,0.252,0.471,0.277,0.534630
8000,0.269,0.446,0.285,0.540341
8500,0.372,0.269,0.360,0.550786
9000,0.508,0.256,0.236,0.515434
9500,0.500,0.227,0.273,0.494418
10000,0.632,0.120,0.248,0.425921
10500,0.674,0.074,0.252,0.378926
11000,0.810,0.021,0.169,0.219392
11500,0.897,0.012,0.091,0.115583
12000,0.921,0.004,0.074,0.094962
12500,0.930,0.000,0.070,0.096281
13000,0.950,0.004,0.045,0.063119
13500,0.967,0.000,0.033,0.049106
14000,0.983,0.000,0.017,0.025451
14500,0.975,0.000,0.025,0.033406
15000,0.996,0.000,0.004,0.004634
15500,1.000,0.000,0.000,0.000000
