time,n_A+p,n_B,n_AB,avg_entropy_simp
500,0.029,0.959,0.012,0.068496
1000,0.050,0.888,0.062,0.174240
1500,0.041,0.872,0.087,0.195395
2000,0.029,0.967,0.004,0.058386
2500,0.029,0.893,0.079,0.186389
3000,0.058,0.901,0.041,0.160148
3500,0.079,0.810,0.112,0.283867
4000,0.157,0.645,0.198,0.463416
4500,0.178,0.674,0.149,0.392286
5000,0.169,0.698,0.132,0.365345
5500,0.116,0.744,0.140,0.344378
6000,0.190,0.612,0.198,0.471828
6500,0.343,0.459,0.198,0.522196
7000,0.331,0.434,0.236,0.521013
7500,0.500,0.289,0.211,0.503999
8000,0.512,0.248,0.240,0.518613
8500,0.512,0.223,0.264,0.499424
9000,0.645,0.099,0.256,0.388269
9500,0.831,0.025,0.145,0.188764
10000,0.818,0.037,0.145,0.250843
10500,0.860,0.041,0.099,0.199273
11000,0.963,0.021,0.017,0.046668
11500,0.988,0.004,0.008,0.008090
12000,0.988,0.000,0.012,0.008090
12500,0.996,0.000,0.004,0.001805
13000,1.000,0.000,0.000,0.000000
