time,n_A+p,n_B,n_AB,avg_entropy_simp
500,0.033,0.897,0.070,0.168280
1000,0.066,0.868,0.066,0.200250
1500,0.083,0.694,0.223,0.402206
2000,0.099,0.640,0.260,0.440365
2500,0.083,0.740,0.178,0.343532
3000,0.070,0.727,0.202,0.338619
3500,0.132,0.665,0.202,0.407459
4000,0.070,0.711,0.219,0.348139
4500,0.091,0.690,0.219,0.372351
5000,0.136,0.616,0.248,0.468783
5500,0.132,0.603,0.264,0.470762
6000,0.140,0.649,0.211,0.426174
6500,0.194,0.517,0.289,0.518512
7000,0.174,0.545,0.281,0.490424
7500,0.145,0.665,0.190,0.385659
8000,0.145,0.612,0.244,0.448615
8500,0.124,0.674,0.202,0.382575
9000,0.116,0.624,0.260,0.417854
9500,0.182,0.574,0.244,0.494746
10000,0.244,0.471,0.285,0.508771
10500,0.397,0.347,0.256,0.553226
11000,0.566,0.211,0.223,0.469746
11500,0.558,0.211,0.231,0.510561
12000,0.467,0.231,0.302,0.530097
12500,0.517,0.186,0.298,0.510657
13000,0.686,0.087,0.227,0.368248
13500,0.764,0.062,0.174,0.287041
14000,0.934,0.017,0.050,0.088936
14500,0.996,0.004,-0.000,0.005442
15000,1.000,0.000,0.000,0.000000
