time,n_A+p,n_B,n_AB,avg_entropy_simp
500,0.029,0.917,0.054,0.125625
1000,0.074,0.806,0.120,0.265630
1500,0.037,0.872,0.091,0.186956
2000,0.033,0.872,0.095,0.182066
2500,0.054,0.860,0.087,0.214857
3000,0.070,0.781,0.149,0.323872
3500,0.103,0.715,0.182,0.370055
4000,0.054,0.690,0.256,0.401427
4500,0.066,0.785,0.149,0.301217
5000,0.079,0.773,0.149,0.309711
5500,0.087,0.698,0.215,0.397594
6000,0.054,0.826,0.120,0.250409
6500,0.062,0.719,0.219,0.360406
7000,0.219,0.397,0.384,0.558161
7500,0.260,0.376,0.364,0.539666
8000,0.281,0.401,0.318,0.553889
8500,0.351,0.289,0.360,0.558583
9000,0.343,0.314,0.343,0.563657
9500,0.430,0.298,0.273,0.550410
10000,0.298,0.306,0.397,0.545856
10500,0.417,0.285,0.298,0.549375
11000,0.376,0.264,0.360,0.545177
11500,0.384,0.178,0.438,0.542611
12000,0.417,0.207,0.376,0.543256
12500,0.504,0.128,0.368,0.494477
13000,0.529,0.178,0.293,0.509985
13500,0.607,0.116,0.277,0.433139
14000,0.612,0.087,0.302,0.410771
14500,0.719,0.045,0.236,0.357273
15000,0.736,0.062,0.202,0.336146
15500,0.740,0.037,0.223,0.329691
16000,0.764,0.029,0.207,0.316853
16500,0.773,0.029,0.198,0.297465
17000,0.756,0.037,0.207,0.314853
17500,0.810,0.029,0.161,0.282243
18000,0.715,0.041,0.244,0.353539
18500,0.798,0.033,0.169,0.256204
19000,0.860,0.017,0.124,0.180474
19500,0.868,0.004,0.128,0.178112
20000,0.855,0.017,0.128,0.213238
20500,0.756,0.066,0.178,0.335109
21000,0.756,0.062,0.182,0.318642
21500,0.694,0.087,0.219,0.379187
22000,0.707,0.029,0.264,0.368509
22500,0.764,0.041,0.194,0.306415
23000,0.876,0.008,0.116,0.164929
23500,0.901,0.004,0.095,0.139394
24000,0.917,0.029,0.054,0.110462
24500,0.909,0.008,0.083,0.117765
25000,0.930,0.000,0.070,0.102841
25500,0.983,0.000,0.017,0.031170
26000,1.000,0.000,0.000,0.000000
