time,n_A+p,n_B,n_AB,avg_entropy_simp
500,0.029,0.913,0.058,0.132193
1000,0.033,0.917,0.050,0.149201
1500,0.029,0.930,0.041,0.133123
2000,0.037,0.897,0.066,0.163588
2500,0.029,0.909,0.062,0.125445
3000,0.033,0.897,0.070,0.160806
3500,0.045,0.860,0.095,0.212968
4000,0.041,0.901,0.058,0.153340
4500,0.045,0.864,0.091,0.203028
5000,0.054,0.835,0.112,0.245233
5500,0.054,0.855,0.091,0.224701
6000,0.132,0.669,0.198,0.439338
6500,0.070,0.744,0.186,0.353054
7000,0.128,0.694,0.178,0.390200
7500,0.182,0.636,0.182,0.433503
8000,0.161,0.628,0.211,0.435180
8500,0.140,0.595,0.264,0.470281
9000,0.190,0.649,0.161,0.407185
9500,0.128,0.612,0.260,0.443458
10000,0.099,0.781,0.120,0.289727
10500,0.079,0.756,0.165,0.316749
11000,0.149,0.682,0.169,0.386682
11500,0.083,0.785,0.132,0.300510
12000,0.079,0.731,0.190,0.361507
12500,0.062,0.822,0.116,0.257314
13000,0.054,0.835,0.112,0.249875
13500,0.033,0.851,0.116,0.220174
14000,0.033,0.880,0.087,0.190220
14500,0.037,0.921,0.041,0.121910
15000,0.087,0.777,0.136,0.306026
15500,0.074,0.839,0.087,0.253418
16000,0.041,0.884,0.074,0.178653
16500,0.050,0.864,0.087,0.215156
17000,0.062,0.814,0.124,0.298165
17500,0.066,0.781,0.153,0.329126
18000,0.050,0.843,0.107,0.236609
18500,0.033,0.909,0.058,0.132350
19000,0.029,0.930,0.041,0.123617
19500,0.037,0.897,0.066,0.175287
20000,0.058,0.851,0.091,0.219028
20500,0.070,0.839,0.091,0.244727
21000,0.074,0.789,0.136,0.290781
21500,0.054,0.839,0.107,0.239601
22000,0.066,0.802,0.132,0.302048
22500,0.083,0.752,0.165,0.355747
23000,0.132,0.694,0.174,0.366816
23500,0.161,0.665,0.174,0.424261
24000,0.207,0.558,0.236,0.482458
24500,0.277,0.508,0.215,0.519379
25000,0.368,0.372,0.260,0.558056
25500,0.512,0.269,0.219,0.481969
26000,0.471,0.264,0.264,0.546166
26500,0.467,0.273,0.260,0.519396
27000,0.620,0.145,0.236,0.427518
27500,0.698,0.099,0.202,0.357709
28000,0.868,0.033,0.099,0.175273
28500,0.806,0.041,0.153,0.271862
29000,0.876,0.017,0.107,0.189137
29500,0.876,0.012,0.112,0.152438
30000,0.967,0.000,0.033,0.028941
30500,0.979,0.000,0.021,0.028426
31000,1.000,0.000,0.000,0.000000
