time,n_A+p,n_B,n_AB,avg_entropy_simp
500,0.029,0.897,0.074,0.174748
1000,0.041,0.888,0.070,0.193494
1500,0.062,0.814,0.124,0.285957
2000,0.054,0.764,0.182,0.314286
2500,0.066,0.760,0.174,0.329653
3000,0.045,0.822,0.132,0.253929
3500,0.054,0.855,0.091,0.195610
4000,0.029,0.876,0.095,0.153806
4500,0.037,0.855,0.107,0.174093
5000,0.062,0.793,0.145,0.279846
5500,0.054,0.806,0.140,0.276904
6000,0.058,0.826,0.116,0.235591
6500,0.091,0.839,0.070,0.242467
7000,0.079,0.793,0.128,0.275088
7500,0.050,0.793,0.157,0.256545
8000,0.070,0.802,0.128,0.254213
8500,0.083,0.822,0.095,0.256220
9000,0.066,0.781,0.153,0.299505
9500,0.140,0.665,0.194,0.413968
10000,0.157,0.603,0.240,0.465241
10500,0.244,0.541,0.215,0.511936
11000,0.260,0.479,0.260,0.526955
11500,0.207,0.566,0.227,0.488857
12000,0.116,0.669,0.215,0.383331
12500,0.149,0.624,0.227,0.448708
13000,0.087,0.694,0.219,0.395340
13500,0.070,0.785,0.145,0.302167
14000,0.029,0.835,0.136,0.219976
14500,0.058,0.822,0.120,0.233392
15000,0.070,0.777,0.153,0.298474
15500,0.074,0.793,0.132,0.314608
16000,0.103,0.715,0.182,0.388167
16500,0.182,0.562,0.256,0.473193
17000,0.314,0.405,0.281,0.536109
17500,0.207,0.512,0.281,0.506379
18000,0.236,0.409,0.355,0.538335
18500,0.298,0.430,0.273,0.543013
19000,0.289,0.463,0.248,0.498687
19500,0.248,0.479,0.273,0.528355
20000,0.236,0.455,0.310,0.518696
20500,0.343,0.331,0.326,0.535087
21000,0.376,0.227,0.397,0.531502
21500,0.533,0.182,0.285,0.499346
22000,0.591,0.145,0.264,0.457012
22500,0.599,0.103,0.298,0.452352
23000,0.810,0.033,0.157,0.234882
23500,0.921,0.008,0.070,0.102608
24000,0.967,0.004,0.029,0.030477
24500,0.979,0.008,0.012,0.020551
25000,0.992,0.000,0.008,0.004789
25500,1.000,0.000,0.000,0.000000
