time,n_A+p,n_B,n_AB,avg_entropy_simp
500,0.037,0.897,0.066,0.172975
1000,0.037,0.888,0.074,0.171269
1500,0.037,0.843,0.120,0.244299
2000,0.083,0.777,0.140,0.314863
2500,0.058,0.818,0.124,0.245033
3000,0.050,0.748,0.202,0.319477
3500,0.041,0.822,0.136,0.247389
4000,0.058,0.781,0.161,0.298743
4500,0.087,0.711,0.202,0.342334
5000,0.140,0.628,0.231,0.447083
5500,0.116,0.698,0.186,0.369407
6000,0.079,0.702,0.219,0.383609
6500,0.087,0.686,0.227,0.407920
7000,0.107,0.632,0.260,0.451555
7500,0.070,0.649,0.281,0.410208
8000,0.165,0.517,0.318,0.522255
8500,0.194,0.467,0.339,0.521570
9000,0.178,0.533,0.289,0.489598
9500,0.252,0.434,0.314,0.552381
10000,0.281,0.421,0.298,0.553624
10500,0.211,0.475,0.314,0.507561
11000,0.264,0.492,0.244,0.531669
11500,0.223,0.479,0.298,0.536738
12000,0.260,0.455,0.285,0.538110
12500,0.236,0.512,0.252,0.517914
13000,0.240,0.421,0.339,0.547218
13500,0.231,0.500,0.269,0.521603
14000,0.248,0.446,0.306,0.537040
14500,0.136,0.550,0.314,0.467773
15000,0.124,0.603,0.273,0.420817
15500,0.132,0.620,0.248,0.421394
16000,0.178,0.558,0.264,0.479584
16500,0.231,0.517,0.252,0.497108
17000,0.211,0.459,0.331,0.521454
17500,0.264,0.409,0.326,0.529769
18000,0.347,0.310,0.343,0.557832
18500,0.368,0.322,0.310,0.566425
19000,0.310,0.339,0.351,0.566135
19500,0.331,0.326,0.343,0.561876
20000,0.376,0.351,0.273,0.541376
20500,0.376,0.293,0.331,0.567371
21000,0.405,0.240,0.355,0.560151
21500,0.421,0.194,0.384,0.538363
22000,0.488,0.194,0.318,0.517181
22500,0.471,0.198,0.331,0.512873
23000,0.607,0.120,0.273,0.441973
23500,0.636,0.103,0.260,0.441687
24000,0.702,0.058,0.240,0.387871
24500,0.806,0.050,0.145,0.258153
25000,0.893,0.008,0.099,0.124884
25500,0.942,0.008,0.050,0.086993
26000,0.934,0.008,0.058,0.103354
26500,0.975,0.004,0.021,0.045185
27000,0.992,0.000,0.008,0.010605
27500,1.000,0.000,0.000,0.000000
