time,n_A+p,n_B,n_AB,avg_entropy_simp
500,0.037,0.872,0.091,0.201708
1000,0.029,0.798,0.174,0.270765
1500,0.058,0.723,0.219,0.368623
2000,0.045,0.731,0.223,0.341017
2500,0.045,0.785,0.169,0.285982
3000,0.037,0.818,0.145,0.252442
3500,0.045,0.698,0.256,0.386501
4000,0.033,0.719,0.248,0.359463
4500,0.033,0.731,0.236,0.346093
5000,0.050,0.814,0.136,0.257297
5500,0.033,0.731,0.236,0.344521
6000,0.058,0.653,0.289,0.405884
6500,0.079,0.541,0.380,0.469575
7000,0.091,0.529,0.380,0.464094
7500,0.112,0.579,0.310,0.453827
8000,0.095,0.550,0.355,0.461554
8500,0.103,0.525,0.372,0.447363
9000,0.099,0.488,0.413,0.485066
9500,0.198,0.335,0.467,0.519736
10000,0.194,0.372,0.434,0.521468
10500,0.128,0.372,0.500,0.504091
11000,0.190,0.298,0.512,0.513853
11500,0.198,0.302,0.500,0.520475
12000,0.202,0.347,0.450,0.526997
12500,0.273,0.256,0.471,0.514608
13000,0.264,0.244,0.492,0.529261
13500,0.450,0.120,0.430,0.488180
14000,0.500,0.161,0.339,0.474415
14500,0.380,0.182,0.438,0.522589
15000,0.368,0.223,0.409,0.550765
15500,0.355,0.219,0.426,0.547920
16000,0.355,0.140,0.504,0.511012
16500,0.512,0.103,0.384,0.477406
17000,0.562,0.074,0.364,0.420726
17500,0.616,0.066,0.318,0.429067
18000,0.665,0.054,0.281,0.364847
18500,0.674,0.025,0.302,0.368556
19000,0.719,0.017,0.264,0.336464
19500,0.789,0.025,0.186,0.278708
20000,0.773,0.021,0.207,0.310361
20500,0.822,0.004,0.174,0.235529
21000,0.855,0.004,0.140,0.191203
21500,0.843,0.004,0.153,0.223232
22000,0.888,0.000,0.112,0.166157
22500,0.921,0.008,0.070,0.096854
23000,0.959,0.000,0.041,0.055066
23500,0.959,0.000,0.041,0.066453
24000,0.975,0.000,0.025,0.028647
24500,0.992,0.000,0.008,0.008064
25000,0.988,0.000,0.012,0.017213
25500,0.967,0.000,0.033,0.050027
26000,0.983,0.000,0.017,0.032199
26500,1.000,0.000,0.000,0.000000
