time,n_A+p,n_B,n_AB,avg_entropy_simp
500,0.034,0.902,0.064,0.156652
1000,0.058,0.856,0.086,0.201342
1500,0.061,0.844,0.095,0.229590
2000,0.055,0.862,0.083,0.210933
2500,0.043,0.881,0.076,0.177732
3000,0.043,0.878,0.080,0.175116
3500,0.089,0.838,0.073,0.210892
4000,0.116,0.777,0.107,0.273682
4500,0.089,0.789,0.122,0.265609
5000,0.101,0.765,0.135,0.304394
5500,0.101,0.749,0.150,0.307163
6000,0.104,0.768,0.128,0.305561
6500,0.128,0.755,0.116,0.301894
7000,0.119,0.774,0.107,0.282025
7500,0.128,0.768,0.104,0.273661
8000,0.122,0.749,0.128,0.285809
8500,0.147,0.743,0.110,0.296621
9000,0.113,0.719,0.168,0.328873
9500,0.125,0.719,0.156,0.321073
10000,0.113,0.777,0.110,0.285727
10500,0.104,0.795,0.101,0.256895
11000,0.107,0.774,0.119,0.299936
11500,0.125,0.743,0.131,0.311143
12000,0.107,0.728,0.165,0.342966
12500,0.113,0.765,0.122,0.291339
13000,0.147,0.713,0.141,0.333332
13500,0.122,0.737,0.141,0.287970
14000,0.141,0.731,0.128,0.292004
14500,0.223,0.673,0.104,0.268061
15000,0.269,0.624,0.107,0.277857
15500,0.306,0.508,0.187,0.340765
16000,0.361,0.450,0.190,0.403162
16500,0.394,0.394,0.211,0.432672
17000,0.428,0.407,0.165,0.392339
17500,0.431,0.370,0.199,0.419615
18000,0.514,0.349,0.138,0.375336
18500,0.502,0.355,0.144,0.350346
19000,0.474,0.352,0.174,0.362077
19500,0.492,0.376,0.131,0.339629
20000,0.486,0.343,0.171,0.349215
20500,0.465,0.373,0.162,0.349457
21000,0.443,0.407,0.150,0.380821
21500,0.520,0.315,0.165,0.365756
22000,0.529,0.278,0.193,0.378834
22500,0.593,0.257,0.150,0.339384
23000,0.636,0.202,0.162,0.342370
23500,0.627,0.174,0.199,0.317105
24000,0.688,0.159,0.153,0.286808
24500,0.755,0.122,0.122,0.225036
25000,0.817,0.089,0.095,0.188769
25500,0.823,0.055,0.122,0.189688
26000,0.865,0.058,0.076,0.157617
26500,0.878,0.043,0.080,0.155935
27000,0.945,0.021,0.034,0.070717
27500,0.979,0.009,0.012,0.026995
28000,0.991,0.006,0.003,0.009030
28500,0.985,0.006,0.009,0.015939
29000,0.979,0.003,0.018,0.026975
29500,0.994,0.000,0.006,0.006776
30000,1.000,0.000,0.000,0.000000
