time,n_A+p,n_B,n_AB,avg_entropy_simp
500,0.046,0.911,0.043,0.156843
1000,0.058,0.826,0.116,0.256680
1500,0.049,0.875,0.076,0.192357
2000,0.058,0.838,0.104,0.232000
2500,0.064,0.804,0.131,0.263143
3000,0.086,0.780,0.135,0.296958
3500,0.058,0.783,0.159,0.297982
4000,0.067,0.771,0.162,0.302153
4500,0.070,0.716,0.214,0.359447
5000,0.092,0.737,0.171,0.337305
5500,0.092,0.734,0.174,0.350332
6000,0.101,0.700,0.199,0.375949
6500,0.092,0.703,0.205,0.365752
7000,0.095,0.682,0.223,0.358799
7500,0.122,0.694,0.183,0.372488
8000,0.187,0.569,0.245,0.431345
8500,0.180,0.602,0.217,0.415470
9000,0.131,0.648,0.220,0.398611
9500,0.092,0.706,0.202,0.347722
10000,0.153,0.612,0.235,0.426748
10500,0.107,0.676,0.217,0.368442
11000,0.076,0.716,0.208,0.342391
11500,0.076,0.731,0.193,0.344584
12000,0.055,0.768,0.177,0.287193
12500,0.070,0.801,0.128,0.262326
13000,0.064,0.774,0.162,0.309909
13500,0.070,0.758,0.171,0.301914
14000,0.086,0.765,0.150,0.316675
14500,0.076,0.728,0.196,0.357995
15000,0.070,0.752,0.177,0.324801
15500,0.064,0.737,0.199,0.349870
16000,0.064,0.758,0.177,0.312551
16500,0.086,0.758,0.156,0.310850
17000,0.076,0.746,0.177,0.309945
17500,0.052,0.780,0.168,0.292871
18000,0.073,0.783,0.144,0.297730
18500,0.076,0.737,0.187,0.331055
19000,0.138,0.664,0.199,0.401231
19500,0.110,0.709,0.180,0.365470
20000,0.138,0.691,0.171,0.375179
20500,0.141,0.578,0.281,0.434045
21000,0.183,0.550,0.266,0.461133
21500,0.269,0.456,0.275,0.489537
22000,0.245,0.505,0.251,0.440345
22500,0.248,0.474,0.278,0.425817
23000,0.300,0.462,0.239,0.419066
23500,0.373,0.401,0.226,0.380310
24000,0.385,0.440,0.174,0.345942
24500,0.416,0.391,0.193,0.376224
25000,0.419,0.376,0.205,0.367106
25500,0.391,0.364,0.245,0.401059
26000,0.443,0.327,0.229,0.408820
26500,0.419,0.339,0.242,0.377687
27000,0.459,0.327,0.214,0.381867
27500,0.544,0.232,0.223,0.385251
28000,0.575,0.193,0.232,0.400816
28500,0.575,0.165,0.260,0.393373
29000,0.633,0.147,0.220,0.395462
29500,0.728,0.101,0.171,0.282465
30000,0.795,0.080,0.125,0.184690
30500,0.853,0.058,0.089,0.128810
31000,0.829,0.064,0.107,0.159801
31500,0.844,0.058,0.098,0.145368
32000,0.893,0.028,0.080,0.114525
32500,0.939,0.012,0.049,0.049580
33000,0.954,0.003,0.043,0.038540
33500,0.963,0.003,0.034,0.029163
34000,0.982,0.003,0.015,0.014127
34500,0.985,0.000,0.015,0.009629
35000,0.991,0.000,0.009,0.004801
35500,0.991,0.000,0.009,0.004801
36000,0.994,0.000,0.006,0.004469
36500,0.994,0.000,0.006,0.004469
37000,0.997,0.000,0.003,0.001545
37500,1.000,0.000,0.000,0.000000
