time,n_A+p,n_B,n_AB,avg_entropy_simp
500,0.033,0.831,0.136,0.251580
1000,0.029,0.831,0.140,0.240867
1500,0.045,0.781,0.174,0.312150
2000,0.070,0.694,0.236,0.403803
2500,0.045,0.731,0.223,0.347800
3000,0.045,0.731,0.223,0.332088
3500,0.037,0.707,0.256,0.362640
4000,0.054,0.628,0.318,0.426929
4500,0.112,0.562,0.326,0.453716
5000,0.087,0.661,0.252,0.403196
5500,0.050,0.665,0.285,0.370142
6000,0.033,0.665,0.302,0.396548
6500,0.062,0.678,0.260,0.392859
7000,0.041,0.694,0.264,0.344362
7500,0.079,0.583,0.339,0.432828
8000,0.149,0.467,0.384,0.496857
8500,0.124,0.471,0.405,0.501320
9000,0.202,0.405,0.393,0.537454
9500,0.198,0.322,0.479,0.535943
10000,0.182,0.388,0.430,0.532141
10500,0.153,0.397,0.450,0.526694
11000,0.207,0.343,0.450,0.542417
11500,0.128,0.368,0.504,0.482892
12000,0.186,0.335,0.479,0.521929
12500,0.186,0.401,0.413,0.505856
13000,0.157,0.450,0.393,0.503143
13500,0.190,0.384,0.426,0.535579
14000,0.107,0.508,0.384,0.482704
14500,0.087,0.599,0.314,0.430786
15000,0.099,0.521,0.380,0.489488
15500,0.132,0.438,0.430,0.514715
16000,0.091,0.471,0.438,0.473427
16500,0.099,0.554,0.347,0.462716
17000,0.095,0.508,0.397,0.491323
17500,0.128,0.529,0.343,0.488578
18000,0.116,0.512,0.372,0.500097
18500,0.070,0.640,0.289,0.401824
19000,0.050,0.645,0.306,0.366006
19500,0.091,0.504,0.405,0.467250
20000,0.095,0.504,0.401,0.486308
20500,0.099,0.574,0.326,0.464338
21000,0.087,0.512,0.401,0.469775
21500,0.124,0.463,0.413,0.495029
22000,0.132,0.384,0.483,0.508095
22500,0.236,0.264,0.500,0.515546
23000,0.281,0.264,0.455,0.538696
23500,0.314,0.231,0.455,0.517888
24000,0.298,0.289,0.413,0.554192
24500,0.277,0.207,0.517,0.510965
25000,0.252,0.281,0.467,0.519171
25500,0.351,0.219,0.430,0.535323
26000,0.343,0.165,0.492,0.513773
26500,0.397,0.140,0.463,0.523093
27000,0.595,0.062,0.343,0.423044
27500,0.665,0.033,0.302,0.367487
28000,0.686,0.041,0.273,0.377750
28500,0.719,0.033,0.248,0.347891
29000,0.777,0.017,0.207,0.283529
29500,0.897,0.017,0.087,0.121308
30000,0.930,0.004,0.066,0.088549
30500,0.938,0.000,0.062,0.085320
31000,0.934,0.000,0.066,0.115950
31500,0.876,0.008,0.116,0.174944
32000,0.938,0.000,0.062,0.080007
32500,0.996,0.000,0.004,0.003834
33000,1.000,0.000,0.000,0.000000
