time,n_A+p,n_B,n_AB,avg_entropy_simp
500,0.028,0.935,0.037,0.106713
1000,0.028,0.871,0.101,0.190659
1500,0.046,0.829,0.124,0.217856
2000,0.051,0.871,0.078,0.182468
2500,0.028,0.765,0.207,0.291201
3000,0.051,0.820,0.129,0.231541
3500,0.041,0.742,0.217,0.314642
4000,0.041,0.797,0.161,0.266259
4500,0.074,0.719,0.207,0.334669
5000,0.055,0.793,0.152,0.270111
5500,0.051,0.806,0.143,0.245727
6000,0.041,0.783,0.175,0.268161
6500,0.032,0.839,0.129,0.231815
7000,0.032,0.816,0.152,0.251601
7500,0.055,0.760,0.184,0.305005
8000,0.055,0.793,0.152,0.284070
8500,0.069,0.728,0.203,0.346089
9000,0.046,0.747,0.207,0.303892
9500,0.037,0.779,0.184,0.276266
10000,0.041,0.724,0.235,0.336553
10500,0.055,0.760,0.184,0.315130
11000,0.060,0.774,0.166,0.269406
11500,0.078,0.618,0.304,0.393319
12000,0.120,0.599,0.281,0.397809
12500,0.124,0.539,0.336,0.429851
13000,0.194,0.410,0.396,0.467024
13500,0.267,0.401,0.332,0.487969
14000,0.217,0.406,0.378,0.492179
14500,0.230,0.401,0.369,0.471423
15000,0.253,0.373,0.373,0.490324
15500,0.309,0.313,0.378,0.493841
16000,0.313,0.244,0.442,0.475187
16500,0.373,0.147,0.479,0.443117
17000,0.576,0.106,0.318,0.384608
17500,0.636,0.111,0.253,0.366650
18000,0.682,0.051,0.267,0.325744
18500,0.747,0.069,0.184,0.248682
19000,0.788,0.014,0.198,0.213839
19500,0.876,0.005,0.120,0.134013
20000,0.922,0.000,0.078,0.103030
20500,0.949,0.000,0.051,0.067709
21000,0.986,0.000,0.014,0.000561
21500,0.991,0.000,0.009,0.000374
22000,0.995,0.000,0.005,0.000187
22500,0.995,0.000,0.005,0.000187
23000,0.995,0.000,0.005,0.000187
23500,0.995,0.000,0.005,0.000187
24000,0.995,0.000,0.005,0.000187
24500,0.995,0.000,0.005,0.000187
25000,0.995,0.000,0.005,0.000187
25500,0.995,0.000,0.005,0.000187
26000,0.995,0.000,0.005,0.000187
26500,1.000,0.000,0.000,0.000000
