time,n_A+p,n_B,n_AB,avg_entropy_simp
500,0.031,0.920,0.049,0.133266
1000,0.034,0.890,0.076,0.159539
1500,0.046,0.823,0.131,0.249883
2000,0.061,0.829,0.110,0.257698
2500,0.073,0.746,0.180,0.311702
3000,0.052,0.761,0.187,0.260709
3500,0.076,0.722,0.202,0.327181
4000,0.070,0.761,0.168,0.293228
4500,0.080,0.771,0.150,0.287680
5000,0.092,0.743,0.165,0.300673
5500,0.104,0.682,0.214,0.360447
6000,0.135,0.621,0.245,0.413920
6500,0.177,0.590,0.232,0.425832
7000,0.171,0.596,0.232,0.403658
7500,0.171,0.566,0.263,0.425922
8000,0.150,0.654,0.196,0.351738
8500,0.199,0.606,0.196,0.378019
9000,0.251,0.520,0.229,0.411782
9500,0.248,0.520,0.232,0.412875
10000,0.278,0.474,0.248,0.436474
10500,0.245,0.523,0.232,0.413735
11000,0.300,0.474,0.226,0.460534
11500,0.324,0.419,0.257,0.481141
12000,0.321,0.327,0.352,0.495419
12500,0.358,0.309,0.333,0.491796
13000,0.355,0.266,0.379,0.476532
13500,0.450,0.263,0.287,0.451524
14000,0.517,0.205,0.278,0.440650
14500,0.621,0.165,0.214,0.341387
15000,0.627,0.162,0.211,0.389714
15500,0.645,0.131,0.223,0.366781
16000,0.703,0.092,0.205,0.314566
16500,0.765,0.055,0.180,0.272523
17000,0.786,0.037,0.177,0.242644
17500,0.869,0.012,0.119,0.138865
18000,0.905,0.018,0.076,0.107387
18500,0.911,0.018,0.070,0.112997
19000,0.899,0.021,0.080,0.141775
19500,0.911,0.003,0.086,0.127272
20000,0.914,0.006,0.080,0.114736
20500,0.884,0.018,0.098,0.159080
21000,0.924,0.003,0.073,0.107463
21500,0.951,0.003,0.046,0.059523
22000,0.911,0.028,0.061,0.126312
22500,0.878,0.046,0.076,0.169026
23000,0.939,0.012,0.049,0.077728
23500,0.951,0.006,0.043,0.056323
24000,0.939,0.006,0.055,0.076003
24500,0.936,0.012,0.052,0.085195
25000,0.963,0.003,0.034,0.046452
25500,0.972,0.000,0.028,0.024449
26000,0.979,0.000,0.021,0.020727
26500,0.988,0.000,0.012,0.013581
27000,0.972,0.000,0.028,0.031419
27500,0.979,0.000,0.021,0.024166
28000,0.979,0.000,0.021,0.027250
28500,0.979,0.000,0.021,0.041547
29000,0.985,0.000,0.015,0.019158
29500,0.994,0.000,0.006,0.007512
30000,0.985,0.000,0.015,0.024343
30500,0.972,0.000,0.028,0.045875
31000,0.994,0.000,0.006,0.007100
31500,0.991,0.000,0.009,0.009561
32000,1.000,0.000,0.000,0.000000
