time,n_A+p,n_B,n_AB,avg_entropy_simp
500,0.029,0.917,0.054,0.129362
1000,0.041,0.855,0.103,0.232805
1500,0.029,0.893,0.079,0.162550
2000,0.041,0.802,0.157,0.301984
2500,0.058,0.860,0.083,0.197815
3000,0.041,0.793,0.165,0.296843
3500,0.045,0.839,0.116,0.218898
4000,0.041,0.831,0.128,0.214536
4500,0.070,0.719,0.211,0.357784
5000,0.058,0.789,0.153,0.266061
5500,0.054,0.785,0.161,0.285720
6000,0.091,0.711,0.198,0.369235
6500,0.128,0.719,0.153,0.348968
7000,0.132,0.620,0.248,0.462255
7500,0.149,0.616,0.236,0.453703
8000,0.149,0.603,0.248,0.467606
8500,0.103,0.645,0.252,0.422481
9000,0.161,0.550,0.289,0.486734
9500,0.128,0.686,0.186,0.403221
10000,0.120,0.645,0.236,0.451769
10500,0.174,0.554,0.273,0.495538
11000,0.231,0.471,0.298,0.531705
11500,0.248,0.479,0.273,0.539684
12000,0.273,0.364,0.364,0.562958
12500,0.281,0.434,0.285,0.551734
13000,0.405,0.343,0.252,0.534721
13500,0.508,0.264,0.227,0.527291
14000,0.690,0.120,0.190,0.356145
14500,0.744,0.074,0.182,0.337325
15000,0.752,0.037,0.211,0.300586
15500,0.897,0.017,0.087,0.110668
16000,0.971,0.004,0.025,0.019715
16500,0.992,0.000,0.008,0.006654
17000,0.996,0.000,0.004,0.001639
17500,0.996,0.000,0.004,0.001639
18000,1.000,0.000,0.000,0.000000
