time,n_A+p,n_B,n_AB,avg_entropy_simp
500,0.041,0.851,0.107,0.241077
1000,0.037,0.851,0.112,0.222691
1500,0.062,0.674,0.264,0.397412
2000,0.091,0.682,0.227,0.400082
2500,0.116,0.616,0.269,0.459157
3000,0.099,0.640,0.260,0.409408
3500,0.128,0.665,0.207,0.443494
4000,0.103,0.620,0.277,0.444250
4500,0.186,0.479,0.335,0.534560
5000,0.182,0.446,0.372,0.514484
5500,0.207,0.533,0.260,0.506375
6000,0.326,0.355,0.318,0.562775
6500,0.285,0.380,0.335,0.566549
7000,0.277,0.376,0.347,0.574068
7500,0.397,0.252,0.351,0.555562
8000,0.467,0.190,0.343,0.525457
8500,0.690,0.099,0.211,0.353091
9000,0.723,0.070,0.207,0.327825
9500,0.764,0.054,0.182,0.279965
10000,0.649,0.103,0.248,0.438234
10500,0.674,0.054,0.273,0.383274
11000,0.740,0.054,0.207,0.327855
11500,0.764,0.041,0.194,0.301032
12000,0.798,0.033,0.169,0.266370
12500,0.888,0.000,0.112,0.144679
13000,0.864,0.033,0.103,0.164749
13500,0.917,0.012,0.070,0.104147
14000,0.868,0.029,0.103,0.183548
14500,0.855,0.004,0.140,0.198364
15000,0.826,0.058,0.116,0.217230
15500,0.802,0.050,0.149,0.283829
16000,0.893,0.012,0.095,0.114927
16500,0.847,0.025,0.128,0.189043
17000,0.835,0.008,0.157,0.191176
17500,0.860,0.021,0.120,0.158828
18000,0.864,0.029,0.107,0.173432
18500,0.855,0.012,0.132,0.196344
19000,0.921,0.000,0.079,0.115703
19500,0.938,0.033,0.029,0.072852
20000,0.888,0.050,0.062,0.127896
20500,0.926,0.008,0.066,0.090532
21000,0.938,0.004,0.058,0.069025
21500,0.942,0.012,0.045,0.052876
22000,0.967,0.004,0.029,0.028124
22500,0.983,0.004,0.012,0.016806
23000,0.983,0.004,0.012,0.015911
23500,0.983,0.004,0.012,0.012007
24000,0.988,0.000,0.012,0.007959
24500,1.000,0.000,0.000,0.000000
