time,n_A+p,n_B,n_AB,avg_entropy_simp
500,0.029,0.909,0.062,0.142770
1000,0.041,0.868,0.091,0.203723
1500,0.050,0.872,0.079,0.198368
2000,0.066,0.793,0.140,0.294580
2500,0.074,0.764,0.161,0.326825
3000,0.058,0.789,0.153,0.305794
3500,0.066,0.731,0.202,0.325806
4000,0.054,0.814,0.132,0.221806
4500,0.054,0.781,0.165,0.275044
5000,0.079,0.698,0.223,0.373942
5500,0.103,0.645,0.252,0.415890
6000,0.107,0.632,0.260,0.448887
6500,0.124,0.669,0.207,0.435879
7000,0.112,0.719,0.169,0.384329
7500,0.136,0.678,0.186,0.422092
8000,0.161,0.624,0.215,0.445909
8500,0.149,0.628,0.223,0.446676
9000,0.116,0.591,0.293,0.464881
9500,0.149,0.541,0.310,0.516573
10000,0.145,0.562,0.293,0.485710
10500,0.116,0.624,0.260,0.432286
11000,0.161,0.665,0.174,0.406017
11500,0.285,0.508,0.207,0.533447
12000,0.384,0.343,0.273,0.541095
12500,0.277,0.421,0.302,0.556869
13000,0.211,0.463,0.326,0.524237
13500,0.207,0.401,0.393,0.545725
14000,0.248,0.421,0.331,0.530350
14500,0.463,0.281,0.256,0.524832
15000,0.455,0.306,0.240,0.526154
15500,0.521,0.207,0.273,0.508963
16000,0.504,0.202,0.293,0.510169
16500,0.545,0.202,0.252,0.475503
17000,0.574,0.132,0.293,0.460500
17500,0.479,0.211,0.310,0.524466
18000,0.570,0.161,0.269,0.471467
18500,0.657,0.066,0.277,0.379511
19000,0.636,0.103,0.260,0.414876
19500,0.645,0.095,0.260,0.387991
20000,0.773,0.054,0.174,0.254015
20500,0.872,0.017,0.112,0.154862
21000,0.917,0.008,0.074,0.092602
21500,0.955,0.017,0.029,0.062169
22000,0.963,0.000,0.037,0.053063
22500,0.988,0.000,0.012,0.021536
23000,0.996,0.000,0.004,0.003328
23500,1.000,0.000,0.000,0.000000
