time,n_A+p,n_B,n_AB,avg_entropy_simp
500,0.043,0.924,0.034,0.112222
1000,0.064,0.853,0.083,0.215975
1500,0.070,0.820,0.110,0.257582
2000,0.052,0.807,0.141,0.260906
2500,0.061,0.795,0.144,0.254787
3000,0.098,0.771,0.131,0.302210
3500,0.104,0.697,0.199,0.367384
4000,0.135,0.673,0.193,0.384296
4500,0.098,0.700,0.202,0.357607
5000,0.113,0.685,0.202,0.393078
5500,0.147,0.630,0.223,0.417551
6000,0.138,0.612,0.251,0.417262
6500,0.159,0.590,0.251,0.454470
7000,0.110,0.633,0.257,0.406330
7500,0.147,0.599,0.254,0.412040
8000,0.141,0.569,0.291,0.428686
8500,0.089,0.645,0.266,0.367731
9000,0.089,0.697,0.214,0.346831
9500,0.095,0.697,0.208,0.350842
10000,0.128,0.673,0.199,0.361978
10500,0.110,0.657,0.232,0.375798
11000,0.183,0.566,0.251,0.423026
11500,0.214,0.480,0.306,0.447241
12000,0.251,0.440,0.309,0.446594
12500,0.257,0.465,0.278,0.431572
13000,0.297,0.379,0.324,0.483783
13500,0.321,0.398,0.281,0.490221
14000,0.312,0.388,0.300,0.503142
14500,0.376,0.309,0.315,0.501442
15000,0.376,0.361,0.263,0.494191
15500,0.361,0.333,0.306,0.500010
16000,0.401,0.324,0.275,0.489670
16500,0.517,0.205,0.278,0.485178
17000,0.569,0.162,0.269,0.417019
17500,0.673,0.113,0.214,0.358255
18000,0.716,0.083,0.202,0.290928
18500,0.777,0.052,0.171,0.252848
19000,0.810,0.034,0.156,0.225233
19500,0.835,0.049,0.116,0.200376
20000,0.847,0.024,0.128,0.188846
20500,0.835,0.043,0.122,0.204982
21000,0.820,0.043,0.138,0.231886
21500,0.856,0.028,0.116,0.170399
22000,0.859,0.028,0.113,0.185315
22500,0.872,0.024,0.104,0.166754
23000,0.859,0.028,0.113,0.184341
23500,0.807,0.055,0.138,0.250721
24000,0.881,0.028,0.092,0.159743
24500,0.875,0.031,0.095,0.152777
25000,0.872,0.012,0.116,0.183928
25500,0.896,0.012,0.092,0.143330
26000,0.927,0.009,0.064,0.095607
26500,0.945,0.000,0.055,0.067542
27000,0.963,0.000,0.037,0.048925
27500,0.982,0.000,0.018,0.019298
28000,0.985,0.000,0.015,0.012876
28500,0.994,0.000,0.006,0.003267
29000,0.997,0.000,0.003,0.000570
29500,0.997,0.000,0.003,0.000570
30000,0.997,0.000,0.003,0.000570
30500,0.997,0.000,0.003,0.000570
31000,0.997,0.000,0.003,0.000570
31500,0.997,0.000,0.003,0.000570
32000,0.997,0.000,0.003,0.000570
32500,0.997,0.000,0.003,0.000570
33000,0.997,0.000,0.003,0.000570
33500,1.000,0.000,0.000,0.000000
