time,n_A+p,n_B,n_AB,avg_entropy_simp
500,0.028,0.911,0.061,0.144190
1000,0.034,0.899,0.067,0.140869
1500,0.034,0.911,0.055,0.135633
2000,0.043,0.893,0.064,0.169771
2500,0.034,0.896,0.070,0.164102
3000,0.028,0.920,0.052,0.144297
3500,0.037,0.908,0.055,0.144591
4000,0.040,0.902,0.058,0.141514
4500,0.052,0.835,0.113,0.226860
5000,0.058,0.829,0.113,0.240212
5500,0.080,0.804,0.116,0.275601
6000,0.064,0.841,0.095,0.211518
6500,0.073,0.801,0.125,0.291155
7000,0.037,0.838,0.125,0.226731
7500,0.049,0.862,0.089,0.209653
8000,0.058,0.865,0.076,0.205890
8500,0.073,0.841,0.086,0.240343
9000,0.073,0.807,0.119,0.275404
9500,0.073,0.801,0.125,0.281996
10000,0.064,0.841,0.095,0.238718
10500,0.080,0.820,0.101,0.249780
11000,0.058,0.865,0.076,0.210519
11500,0.037,0.865,0.098,0.197899
12000,0.058,0.878,0.064,0.173817
12500,0.043,0.865,0.092,0.199218
13000,0.058,0.853,0.089,0.225758
13500,0.064,0.795,0.141,0.276325
14000,0.058,0.875,0.067,0.184415
14500,0.034,0.893,0.073,0.159577
15000,0.052,0.869,0.080,0.187429
15500,0.052,0.865,0.083,0.186438
16000,0.055,0.869,0.076,0.215436
16500,0.043,0.896,0.061,0.156213
17000,0.070,0.847,0.083,0.218874
17500,0.122,0.768,0.110,0.290421
18000,0.119,0.731,0.150,0.323653
18500,0.104,0.740,0.156,0.346657
19000,0.147,0.615,0.239,0.424074
19500,0.159,0.627,0.214,0.429233
20000,0.211,0.602,0.187,0.415687
20500,0.150,0.633,0.217,0.395974
21000,0.171,0.624,0.205,0.427544
21500,0.211,0.599,0.190,0.429654
22000,0.171,0.639,0.190,0.414521
22500,0.144,0.618,0.239,0.431823
23000,0.162,0.673,0.165,0.382538
23500,0.141,0.633,0.226,0.414298
24000,0.174,0.661,0.165,0.415760
24500,0.171,0.654,0.174,0.409233
25000,0.156,0.633,0.211,0.405610
25500,0.131,0.673,0.196,0.395583
26000,0.174,0.624,0.202,0.414248
26500,0.242,0.602,0.156,0.383411
27000,0.193,0.642,0.165,0.340139
27500,0.208,0.609,0.183,0.374803
28000,0.239,0.560,0.202,0.398696
28500,0.330,0.480,0.190,0.446601
29000,0.373,0.425,0.202,0.426459
29500,0.450,0.379,0.171,0.438143
30000,0.474,0.343,0.183,0.393719
30500,0.526,0.284,0.190,0.400833
31000,0.648,0.171,0.180,0.317113
31500,0.709,0.128,0.162,0.297138
32000,0.758,0.092,0.150,0.254813
32500,0.896,0.024,0.080,0.109785
33000,0.930,0.012,0.058,0.071211
33500,0.963,0.015,0.021,0.027816
34000,0.969,0.015,0.015,0.021829
34500,0.979,0.006,0.015,0.014666
35000,0.982,0.003,0.015,0.011230
35500,0.985,0.000,0.015,0.009627
36000,0.991,0.000,0.009,0.002400
36500,0.991,0.000,0.009,0.002400
37000,0.997,0.000,0.003,0.000285
37500,1.000,0.000,0.000,0.000000
