time,n_A+p,n_B,n_AB,avg_entropy_simp
500,0.033,0.826,0.140,0.263573
1000,0.037,0.822,0.140,0.258885
1500,0.033,0.847,0.120,0.206509
2000,0.041,0.764,0.194,0.303529
2500,0.054,0.719,0.227,0.347181
3000,0.062,0.707,0.231,0.358590
3500,0.050,0.719,0.231,0.366662
4000,0.050,0.744,0.207,0.350185
4500,0.045,0.723,0.231,0.368660
5000,0.058,0.711,0.231,0.377685
5500,0.070,0.665,0.264,0.392641
6000,0.095,0.583,0.322,0.449315
6500,0.136,0.459,0.405,0.503374
7000,0.145,0.450,0.405,0.509614
7500,0.140,0.525,0.335,0.493317
8000,0.095,0.550,0.355,0.475551
8500,0.120,0.467,0.413,0.495793
9000,0.132,0.430,0.438,0.508400
9500,0.120,0.504,0.376,0.494324
10000,0.178,0.438,0.384,0.527660
10500,0.124,0.488,0.388,0.490440
11000,0.112,0.483,0.405,0.473158
11500,0.112,0.450,0.438,0.479576
12000,0.103,0.562,0.335,0.429475
12500,0.124,0.579,0.298,0.446893
13000,0.066,0.616,0.318,0.412000
13500,0.058,0.653,0.289,0.387287
14000,0.058,0.686,0.256,0.408752
14500,0.062,0.690,0.248,0.379608
15000,0.041,0.645,0.314,0.397560
15500,0.087,0.645,0.269,0.417102
16000,0.087,0.620,0.293,0.439653
16500,0.054,0.599,0.347,0.434392
17000,0.079,0.554,0.368,0.466440
17500,0.083,0.678,0.240,0.379630
18000,0.112,0.636,0.252,0.429920
18500,0.079,0.607,0.314,0.406614
19000,0.120,0.496,0.384,0.473009
19500,0.161,0.463,0.376,0.493282
20000,0.198,0.401,0.401,0.524039
20500,0.302,0.326,0.372,0.512375
21000,0.281,0.355,0.364,0.493795
21500,0.240,0.393,0.368,0.506571
22000,0.281,0.335,0.384,0.488027
22500,0.252,0.388,0.360,0.502479
23000,0.219,0.252,0.529,0.485274
23500,0.285,0.277,0.438,0.547372
24000,0.281,0.314,0.405,0.560205
24500,0.397,0.219,0.384,0.533430
25000,0.409,0.132,0.459,0.475233
25500,0.475,0.165,0.360,0.491705
26000,0.479,0.116,0.405,0.458011
26500,0.562,0.145,0.293,0.419767
27000,0.599,0.070,0.331,0.404823
27500,0.756,0.025,0.219,0.297806
28000,0.789,0.021,0.190,0.292096
28500,0.868,0.004,0.128,0.173444
29000,0.884,0.000,0.116,0.174684
29500,0.909,0.000,0.091,0.141359
30000,0.955,0.000,0.045,0.076646
30500,0.975,0.000,0.025,0.042332
31000,0.996,0.000,0.004,0.002841
31500,1.000,0.000,0.000,0.000000
