time,n_A+p,n_B,n_AB,avg_entropy_simp
500,0.033,0.905,0.062,0.187957
1000,0.029,0.835,0.136,0.249861
1500,0.037,0.756,0.207,0.333912
2000,0.045,0.785,0.169,0.297104
2500,0.062,0.690,0.248,0.352302
3000,0.083,0.640,0.277,0.401848
3500,0.058,0.665,0.277,0.389816
4000,0.095,0.579,0.326,0.458129
4500,0.087,0.616,0.298,0.447281
5000,0.099,0.566,0.335,0.463667
5500,0.070,0.607,0.322,0.428551
6000,0.066,0.579,0.355,0.448078
6500,0.095,0.591,0.314,0.459875
7000,0.136,0.401,0.463,0.487046
7500,0.107,0.537,0.355,0.485283
8000,0.079,0.537,0.384,0.469831
8500,0.062,0.504,0.434,0.471403
9000,0.066,0.574,0.360,0.448408
9500,0.149,0.459,0.393,0.518348
10000,0.099,0.450,0.450,0.494240
10500,0.157,0.438,0.405,0.478691
11000,0.207,0.426,0.368,0.488905
11500,0.231,0.388,0.380,0.516838
12000,0.314,0.277,0.409,0.528590
12500,0.240,0.240,0.521,0.515289
13000,0.244,0.281,0.475,0.537611
13500,0.244,0.335,0.421,0.526636
14000,0.269,0.343,0.388,0.552297
14500,0.231,0.360,0.409,0.532571
15000,0.236,0.310,0.455,0.536806
15500,0.223,0.298,0.479,0.521245
16000,0.194,0.285,0.521,0.491825
16500,0.281,0.252,0.467,0.516347
17000,0.289,0.273,0.438,0.531417
17500,0.244,0.264,0.492,0.520449
18000,0.322,0.231,0.446,0.548097
18500,0.384,0.178,0.438,0.535858
19000,0.459,0.136,0.405,0.481450
19500,0.508,0.103,0.388,0.443249
20000,0.475,0.079,0.446,0.458868
20500,0.661,0.058,0.281,0.394711
21000,0.756,0.008,0.236,0.280284
21500,0.864,0.008,0.128,0.174866
22000,0.888,0.008,0.103,0.146346
22500,0.942,0.000,0.058,0.062948
23000,0.926,0.000,0.074,0.098821
23500,0.955,0.000,0.045,0.064365
24000,0.983,0.000,0.017,0.019806
24500,0.983,0.000,0.017,0.015250
25000,0.992,0.000,0.008,0.004784
25500,0.979,0.000,0.021,0.028769
26000,0.988,0.000,0.012,0.017123
26500,1.000,0.000,0.000,0.000000
